Time,Pokhara Airport,Lumle,Begnas
2015-01-01 03:00:00,9.5,8.0,8.5
2015-01-02 03:00:00,12.0,7.0,12.0
2015-01-03 03:00:00,13.3,8.5,13.0
2015-01-04 03:00:00,10.6,6.5,12.0
2015-01-05 03:00:00,9.4,5.0,11.6
2015-01-06 03:00:00,12.0,5.2,12.0
2015-01-07 03:00:00,9.9,4.5,10.5
2015-01-08 03:00:00,9.8,3.5,9.4
2015-01-09 03:00:00,6.7,4.5,6.5
2015-01-10 03:00:00,7.0,4.5,6.6
2015-01-11 03:00:00,6.9,6.5,7.0
2015-01-12 03:00:00,5.7,5.0,6.4
2015-01-13 03:00:00,6.5,5.5,6.8
2015-01-14 03:00:00,7.2,5.5,7.0
2015-01-15 03:00:00,7.2,5.5,8.6
2015-01-16 03:00:00,7.2,4.5,5.5
2015-01-17 03:00:00,6.9,4.3,5.5
2015-01-18 03:00:00,7.0,4.5,6.0
2015-01-19 03:00:00,7.3,4.5,6.0
2015-01-20 03:00:00,6.7,5.0,5.7
2015-01-21 03:00:00,7.2,5.5,7.0
2015-01-22 03:00:00,7.0,6.5,6.7
2015-01-23 03:00:00,10.4,4.5,9.5
2015-01-24 03:00:00,7.6,5.5,7.5
2015-01-25 03:00:00,8.0,5.5,7.0
2015-01-26 03:00:00,11.5,7.0,11.5
2015-01-27 03:00:00,7.8,5.0,8.4
2015-01-28 03:00:00,8.0,5.0,7.5
2015-01-29 03:00:00,8.1,5.0,7.0
2015-01-30 03:00:00,5.8,2.5,5.2
2015-01-31 03:00:00,7.2,2.5,6.0
2015-02-01 03:00:00,6.5,3.0,6.0
2015-02-02 03:00:00,7.7,4.5,6.6
2015-02-03 03:00:00,7.8,6.0,6.0
2015-02-04 03:00:00,7.7,4.5,9.0
2015-02-05 03:00:00,8.8,6.0,8.3
2015-02-06 03:00:00,10.3,6.5,8.0
2015-02-07 03:00:00,9.7,6.5,9.8
2015-02-08 03:00:00,9.6,6.5,9.0
2015-02-09 03:00:00,8.6,6.0,10.0
2015-02-10 03:00:00,9.1,6.5,8.0
2015-02-11 03:00:00,9.6,6.5,9.0
2015-02-12 03:00:00,9.4,6.5,10.0
2015-02-13 03:00:00,9.1,5.0,8.0
2015-02-14 03:00:00,12.8,7.0,12.0
2015-02-15 03:00:00,13.4,7.0,12.5
2015-02-16 03:00:00,10.5,6.5,10.0
2015-02-17 03:00:00,13.0,8.5,11.5
2015-02-18 03:00:00,12.3,7.0,11.0
2015-02-19 03:00:00,9.4,5.0,10.5
2015-02-20 03:00:00,12.1,8.5,11.0
2015-02-21 03:00:00,14.8,9.0,13.5
2015-02-22 03:00:00,13.4,8.5,13.5
2015-02-23 03:00:00,14.5,10.0,14.0
2015-02-24 03:00:00,17.3,12.0,17.0
2015-02-25 03:00:00,16.5,12.0,16.0
2015-02-26 03:00:00,15.2,8.5,13.0
2015-02-27 03:00:00,11.5,7.0,11.0
2015-02-28 03:00:00,11.9,9.0,16.2
2015-03-01 03:00:00,13.8,8.0,13.0
2015-03-02 03:00:00,12.4,6.5,13.0
2015-03-03 03:00:00,13.3,7.5,13.0
2015-03-04 03:00:00,8.7,6.0,10.2
2015-03-05 03:00:00,9.2,9.0,9.2
2015-03-06 03:00:00,10.5,6.5,10.0
2015-03-07 03:00:00,11.3,7.0,10.5
2015-03-08 03:00:00,12.4,8.5,12.0
2015-03-09 03:00:00,11.5,8.0,10.5
2015-03-10 03:00:00,12.6,8.4,11.0
2015-03-11 03:00:00,12.5,9.5,10.9
2015-03-12 03:00:00,13.0,10.5,11.6
2015-03-13 03:00:00,15.5,11.5,14.9
2015-03-14 03:00:00,16.9,12.0,14.5
2015-03-15 03:00:00,14.5,10.4,14.4
2015-03-16 03:00:00,13.2,7.6,13.4
2015-03-17 03:00:00,12.9,9.0,11.5
2015-03-18 03:00:00,13.7,9.5,12.5
2015-03-19 03:00:00,10.2,6.5,9.4
2015-03-20 03:00:00,12.8,8.5,11.5
2015-03-21 03:00:00,15.5,11.0,14.3
2015-03-22 03:00:00,15.8,8.5,14.5
2015-03-23 03:00:00,17.0,11.0,15.5
2015-03-24 03:00:00,16.0,10.6,13.5
2015-03-25 03:00:00,18.3,14.2,17.5
2015-03-26 03:00:00,18.0,13.1,16.5
2015-03-27 03:00:00,16.4,11.5,16.0
2015-03-28 03:00:00,16.5,11.8,17.0
2015-03-29 03:00:00,19.3,13.5,19.5
2015-03-30 03:00:00,16.5,9.5,16.7
2015-03-31 03:00:00,13.6,9.4,14.5
2015-04-01 03:00:00,15.5,10.8,14.6
2015-04-02 03:00:00,14.9,11.6,14.7
2015-04-03 03:00:00,16.6,9.0,15.5
2015-04-04 03:00:00,15.0,9.5,13.6
2015-04-05 03:00:00,11.3,8.5,11.0
2015-04-06 03:00:00,13.9,10.0,13.0
2015-04-07 03:00:00,15.5,11.6,12.0
2015-04-08 03:00:00,14.7,10.7,13.0
2015-04-09 03:00:00,14.8,10.4,13.0
2015-04-10 03:00:00,16.2,12.2,14.5
2015-04-11 03:00:00,16.3,12.3,14.5
2015-04-12 03:00:00,18.2,13.6,16.5
2015-04-13 03:00:00,16.5,10.6,12.0
2015-04-14 03:00:00,15.2,11.0,15.5
2015-04-15 03:00:00,16.5,12.7,17.0
2015-04-16 03:00:00,16.6,12.5,16.3
2015-04-17 03:00:00,17.3,12.5,16.5
2015-04-18 03:00:00,16.0,11.0,16.0
2015-04-19 03:00:00,16.4,12.5,16.3
2015-04-20 03:00:00,21.5,15.0,20.4
2015-04-21 03:00:00,21.7,15.3,21.0
2015-04-22 03:00:00,16.5,13.5,18.0
2015-04-23 03:00:00,14.0,11.5,18.5
2015-04-24 03:00:00,14.7,12.0,14.2
2015-04-25 03:00:00,17.6,11.0,18.0
2015-04-26 03:00:00,17.2,10.5,16.0
2015-04-27 03:00:00,17.8,12.0,17.0
2015-04-28 03:00:00,18.0,13.0,17.4
2015-04-29 03:00:00,16.3,11.5,16.0
2015-04-30 03:00:00,17.5,12.5,15.5
2015-05-01 03:00:00,18.1,12.7,17.6
2015-05-02 03:00:00,16.5,9.5,15.3
2015-05-03 03:00:00,13.2,10.5,12.0
2015-05-04 03:00:00,17.1,13.5,15.5
2015-05-05 03:00:00,17.7,13.5,16.7
2015-05-06 03:00:00,20.5,14.5,19.0
2015-05-07 03:00:00,20.2,15.3,19.9
2015-05-08 03:00:00,20.3,15.0,20.0
2015-05-09 03:00:00,20.8,16.0,21.0
2015-05-10 03:00:00,21.3,15.6,20.5
2015-05-11 03:00:00,18.7,14.5,18.5
2015-05-12 03:00:00,16.8,13.0,17.8
2015-05-13 03:00:00,20.6,16.0,20.7
2015-05-14 03:00:00,21.1,15.0,21.0
2015-05-15 03:00:00,21.6,17.5,21.8
2015-05-16 03:00:00,20.0,15.0,19.5
2015-05-17 03:00:00,17.3,13.8,19.5
2015-05-18 03:00:00,20.6,15.5,19.0
2015-05-19 03:00:00,21.2,16.8,21.0
2015-05-20 03:00:00,21.0,16.0,21.0
2015-05-21 03:00:00,20.8,15.0,20.8
2015-05-22 03:00:00,18.5,15.5,19.0
2015-05-23 03:00:00,20.1,16.5,19.6
2015-05-24 03:00:00,18.0,15.4,17.0
2015-05-25 03:00:00,18.2,15.0,18.3
2015-05-26 03:00:00,19.0,15.5,18.5
2015-05-27 03:00:00,18.8,14.0,21.5
2015-05-28 03:00:00,18.5,15.2,19.4
2015-05-29 03:00:00,20.7,16.4,19.8
2015-05-30 03:00:00,20.2,16.5,21.6
2015-05-31 03:00:00,19.4,17.5,21.4
2015-06-01 03:00:00,18.5,15.5,19.0
2015-06-02 03:00:00,18.6,16.4,18.3
2015-06-03 03:00:00,19.5,15.8,19.5
2015-06-04 03:00:00,21.2,15.0,21.5
2015-06-05 03:00:00,20.5,16.4,20.5
2015-06-06 03:00:00,22.7,18.0,22.5
2015-06-07 03:00:00,22.5,18.0,21.7
2015-06-08 03:00:00,22.5,18.0,21.9
2015-06-09 03:00:00,20.6,18.0,21.6
2015-06-10 03:00:00,20.9,18.5,21.6
2015-06-11 03:00:00,20.6,17.5,21.8
2015-06-12 03:00:00,20.2,17.5,19.9
2015-06-13 03:00:00,20.1,16.6,21.0
2015-06-14 03:00:00,19.7,15.4,20.7
2015-06-15 03:00:00,19.7,15.0,19.7
2015-06-16 03:00:00,21.7,17.2,22.0
2015-06-17 03:00:00,21.2,16.0,21.5
2015-06-18 03:00:00,23.3,18.7,23.3
2015-06-19 03:00:00,22.4,16.5,22.5
2015-06-20 03:00:00,23.0,17.3,23.5
2015-06-21 03:00:00,20.7,17.0,21.4
2015-06-22 03:00:00,21.9,16.8,22.5
2015-06-23 03:00:00,21.7,16.8,21.4
2015-06-24 03:00:00,21.2,17.5,21.4
2015-06-25 03:00:00,22.0,17.0,22.6
2015-06-26 03:00:00,23.2,18.5,24.0
2015-06-27 03:00:00,21.4,17.0,21.5
2015-06-28 03:00:00,22.5,17.3,22.2
2015-06-29 03:00:00,22.0,16.5,21.0
2015-06-30 03:00:00,22.9,18.3,22.2
2015-07-01 03:00:00,24.5,18.4,23.3
2015-07-02 03:00:00,22.1,17.5,23.4
2015-07-03 03:00:00,22.6,18.2,22.0
2015-07-04 03:00:00,23.6,19.4,23.6
2015-07-05 03:00:00,24.0,19.0,25.1
2015-07-06 03:00:00,23.6,18.6,22.4
2015-07-07 03:00:00,22.3,17.0,23.0
2015-07-08 03:00:00,22.0,16.5,22.4
2015-07-09 03:00:00,22.2,17.4,22.5
2015-07-10 03:00:00,23.4,17.3,23.4
2015-07-11 03:00:00,22.0,17.5,22.5
2015-07-12 03:00:00,22.0,17.6,23.0
2015-07-13 03:00:00,23.5,18.2,23.0
2015-07-14 03:00:00,23.4,18.6,24.0
2015-07-15 03:00:00,23.5,19.2,24.0
2015-07-16 03:00:00,22.5,18.5,23.0
2015-07-17 03:00:00,23.2,18.5,21.5
2015-07-18 03:00:00,21.5,16.8,22.5
2015-07-19 03:00:00,22.5,17.5,22.9
2015-07-20 03:00:00,21.4,16.6,22.0
2015-07-21 03:00:00,22.0,16.7,22.5
2015-07-22 03:00:00,22.1,17.4,22.3
2015-07-23 03:00:00,22.7,17.7,23.0
2015-07-24 03:00:00,21.5,17.0,22.5
2015-07-25 03:00:00,23.5,18.0,22.5
2015-07-26 03:00:00,21.8,17.0,21.5
2015-07-27 03:00:00,21.0,15.3,22.5
2015-07-28 03:00:00,22.2,17.4,21.5
2015-07-29 03:00:00,23.0,18.6,22.8
2015-07-30 03:00:00,21.6,16.0,22.6
2015-07-31 03:00:00,20.8,16.0,20.5
2015-08-01 03:00:00,20.9,16.5,21.5
2015-08-02 03:00:00,21.1,16.5,21.5
2015-08-03 03:00:00,23.2,18.0,23.5
2015-08-04 03:00:00,22.6,17.0,23.0
2015-08-05 03:00:00,23.1,18.0,22.2
2015-08-06 03:00:00,22.2,17.6,22.5
2015-08-07 03:00:00,21.6,17.0,21.5
2015-08-08 03:00:00,22.9,18.0,23.0
2015-08-09 03:00:00,22.7,18.0,22.5
2015-08-10 03:00:00,23.4,18.5,23.5
2015-08-11 03:00:00,21.2,17.5,21.5
2015-08-12 03:00:00,23.6,19.0,24.0
2015-08-13 03:00:00,22.1,17.0,23.2
2015-08-14 03:00:00,22.9,18.0,23.0
2015-08-15 03:00:00,22.6,18.5,22.8
2015-08-16 03:00:00,23.1,18.2,23.5
2015-08-17 03:00:00,22.6,18.5,24.0
2015-08-18 03:00:00,22.9,18.0,23.5
2015-08-19 03:00:00,23.2,18.0,23.5
2015-08-20 03:00:00,23.2,18.5,23.5
2015-08-21 03:00:00,21.6,17.0,21.8
2015-08-22 03:00:00,21.5,17.2,21.2
2015-08-23 03:00:00,22.6,17.5,23.5
2015-08-24 03:00:00,22.1,17.0,22.5
2015-08-25 03:00:00,23.0,17.6,23.8
2015-08-26 03:00:00,22.5,18.0,24.4
2015-08-27 03:00:00,22.0,17.0,22.0
2015-08-28 03:00:00,21.8,17.5,22.5
2015-08-29 03:00:00,21.5,17.0,22.0
2015-08-30 03:00:00,21.1,16.5,21.5
2015-08-31 03:00:00,22.4,18.0,22.4
2015-09-01 03:00:00,21.8,17.5,22.4
2015-09-02 03:00:00,21.6,17.5,21.6
2015-09-03 03:00:00,22.2,17.6,21.7
2015-09-04 03:00:00,22.6,17.0,23.3
2015-09-05 03:00:00,23.1,17.5,23.5
2015-09-06 03:00:00,22.3,17.2,23.5
2015-09-07 03:00:00,21.3,16.5,22.0
2015-09-08 03:00:00,21.7,18.2,23.7
2015-09-09 03:00:00,23.0,18.5,23.5
2015-09-10 03:00:00,23.4,16.5,23.3
2015-09-11 03:00:00,22.7,18.0,21.0
2015-09-12 03:00:00,21.5,16.5,21.0
2015-09-13 03:00:00,21.2,16.0,21.5
2015-09-14 03:00:00,21.6,17.0,21.8
2015-09-15 03:00:00,21.0,16.3,21.0
2015-09-16 03:00:00,21.1,16.6,21.9
2015-09-17 03:00:00,23.0,17.5,23.0
2015-09-18 03:00:00,21.8,17.5,22.3
2015-09-19 03:00:00,22.0,17.2,22.4
2015-09-20 03:00:00,21.2,16.5,21.0
2015-09-21 03:00:00,22.3,16.0,23.0
2015-09-22 03:00:00,21.2,16.0,21.5
2015-09-23 03:00:00,22.2,18.0,22.3
2015-09-24 03:00:00,23.0,18.3,23.2
2015-09-25 03:00:00,21.7,17.5,22.0
2015-09-26 03:00:00,21.5,15.5,21.8
2015-09-27 03:00:00,21.3,16.0,21.0
2015-09-28 03:00:00,21.0,15.5,20.2
2015-09-29 03:00:00,21.8,16.5,22.2
2015-09-30 03:00:00,22.2,16.3,22.5
2015-10-01 03:00:00,23.0,18.0,22.8
2015-10-02 03:00:00,21.0,17.2,21.6
2015-10-03 03:00:00,21.5,16.0,20.0
2015-10-04 03:00:00,19.5,15.5,19.0
2015-10-05 03:00:00,18.5,15.0,18.5
2015-10-06 03:00:00,17.4,14.3,16.6
2015-10-07 03:00:00,17.2,14.0,16.6
2015-10-08 03:00:00,17.0,13.6,15.7
2015-10-09 03:00:00,17.6,13.5,17.2
2015-10-10 03:00:00,20.1,13.0,20.5
2015-10-11 03:00:00,19.3,14.5,19.9
2015-10-12 03:00:00,17.9,13.5,18.4
2015-10-13 03:00:00,17.0,13.0,17.5
2015-10-14 03:00:00,17.9,13.5,17.0
2015-10-15 03:00:00,16.8,12.0,18.0
2015-10-16 03:00:00,16.5,12.0,16.6
2015-10-17 03:00:00,17.7,12.6,18.0
2015-10-18 03:00:00,16.5,12.7,16.8
2015-10-19 03:00:00,18.7,13.8,17.0
2015-10-20 03:00:00,19.5,14.0,19.5
2015-10-21 03:00:00,18.6,13.0,19.4
2015-10-22 03:00:00,17.0,12.0,19.0
2015-10-23 03:00:00,16.1,12.0,15.7
2015-10-24 03:00:00,15.8,11.5,17.0
2015-10-25 03:00:00,16.9,12.0,17.5
2015-10-26 03:00:00,17.0,12.0,17.0
2015-10-27 03:00:00,17.0,11.5,17.0
2015-10-28 03:00:00,17.2,12.5,17.0
2015-10-29 03:00:00,14.6,9.5,15.0
2015-10-30 03:00:00,14.5,9.5,14.5
2015-10-31 03:00:00,13.3,10.0,13.5
2015-11-01 03:00:00,14.2,11.0,13.5
2015-11-02 03:00:00,15.4,11.5,14.5
2015-11-03 03:00:00,17.3,12.0,17.4
2015-11-04 03:00:00,17.1,11.0,17.0
2015-11-05 03:00:00,15.0,10.2,15.0
2015-11-06 03:00:00,13.0,9.5,12.5
2015-11-07 03:00:00,13.6,9.3,12.5
2015-11-08 03:00:00,14.5,10.0,13.5
2015-11-09 03:00:00,14.0,9.5,14.5
2015-11-10 03:00:00,14.4,10.0,14.6
2015-11-11 03:00:00,13.6,10.0,13.5
2015-11-12 03:00:00,13.5,10.0,13.0
2015-11-13 03:00:00,13.5,10.3,14.0
2015-11-14 03:00:00,14.5,10.8,15.0
2015-11-15 03:00:00,15.8,10.5,15.0
2015-11-16 03:00:00,14.3,9.5,15.0
2015-11-17 03:00:00,13.5,9.5,15.0
2015-11-18 03:00:00,14.5,9.0,14.0
2015-11-19 03:00:00,14.0,9.5,14.0
2015-11-20 03:00:00,12.5,9.5,13.5
2015-11-21 03:00:00,11.7,9.5,12.0
2015-11-22 03:00:00,13.2,9.3,13.0
2015-11-23 03:00:00,13.6,10.0,14.0
2015-11-24 03:00:00,13.9,10.5,14.0
2015-11-25 03:00:00,14.7,11.2,14.9
2015-11-26 03:00:00,15.3,11.2,9.0
2015-11-27 03:00:00,13.6,10.0,13.5
2015-11-28 03:00:00,12.2,8.5,11.5
2015-11-29 03:00:00,12.2,9.5,10.5
2015-11-30 03:00:00,11.7,8.5,12.5
2015-12-01 03:00:00,12.0,8.5,13.2
2015-12-02 03:00:00,12.8,8.5,14.0
2015-12-03 03:00:00,12.0,7.5,12.0
2015-12-04 03:00:00,12.0,6.5,12.8
2015-12-05 03:00:00,12.2,8.6,12.0
2015-12-06 03:00:00,11.2,8.0,10.5
2015-12-07 03:00:00,10.5,7.3,10.0
2015-12-08 03:00:00,11.8,9.0,10.9
2015-12-09 03:00:00,11.0,7.5,11.0
2015-12-10 03:00:00,10.9,7.5,11.4
2015-12-11 03:00:00,10.2,7.5,11.0
2015-12-12 03:00:00,11.5,8.0,11.3
2015-12-13 03:00:00,9.5,6.5,10.3
2015-12-14 03:00:00,11.7,5.0,10.5
2015-12-15 03:00:00,7.9,3.0,9.4
2015-12-16 03:00:00,7.5,4.5,7.4
2015-12-17 03:00:00,6.4,4.2,6.5
2015-12-18 03:00:00,5.5,3.5,5.0
2015-12-19 03:00:00,7.5,3.5,7.2
2015-12-20 03:00:00,7.2,4.5,7.0
2015-12-21 03:00:00,6.5,2.5,6.0
2015-12-22 03:00:00,4.9,3.0,4.5
2015-12-23 03:00:00,4.5,2.5,4.0
2015-12-24 03:00:00,4.0,2.0,5.9
2015-12-25 03:00:00,4.3,1.5,3.5
2015-12-26 03:00:00,4.3,2.8,3.5
2015-12-27 03:00:00,5.5,4.2,3.5
2015-12-28 03:00:00,6.0,5.0,4.4
2015-12-29 03:00:00,6.1,4.8,4.5
2015-12-30 03:00:00,6.5,5.0,5.0
2015-12-31 03:00:00,7.6,5.0,5.5
2016-01-01 03:00:00,7.3,5.2,6.0
2016-01-02 03:00:00,7.2,5.5,5.8
2016-01-03 03:00:00,7.4,5.0,6.0
2016-01-04 03:00:00,7.9,4.8,6.5
2016-01-05 03:00:00,7.6,5.3,6.8
2016-01-06 03:00:00,9.8,6.5,9.0
2016-01-07 03:00:00,9.3,6.3,9.5
2016-01-08 03:00:00,8.9,6.6,9.4
2016-01-09 03:00:00,11.7,5.0,10.0
2016-01-10 03:00:00,7.0,4.5,6.3
2016-01-11 03:00:00,8.0,5.3,7.0
2016-01-12 03:00:00,10.5,7.2,9.0
2016-01-13 03:00:00,10.7,6.5,9.0
2016-01-14 03:00:00,8.0,4.5,7.4
2016-01-15 03:00:00,8.1,5.2,5.5
2016-01-16 03:00:00,8.1,4.0,8.6
2016-01-17 03:00:00,9.4,6.0,9.0
2016-01-18 03:00:00,6.9,5.0,6.5
2016-01-19 03:00:00,8.6,5.5,7.5
2016-01-20 03:00:00,10.2,4.8,10.0
2016-01-21 03:00:00,7.7,1.5,7.8
2016-01-22 03:00:00,10.3,4.0,9.0
2016-01-23 03:00:00,7.0,3.6,6.5
2016-01-24 03:00:00,6.6,4.0,5.5
2016-01-25 03:00:00,6.7,4.2,5.5
2016-01-26 03:00:00,7.7,4.5,5.5
2016-01-27 03:00:00,8.2,3.5,7.0
2016-01-28 03:00:00,7.8,3.5,7.0
2016-01-29 03:00:00,7.2,3.5,6.2
2016-01-30 03:00:00,7.7,5.5,6.5
2016-01-31 03:00:00,8.5,5.5,6.5
2016-02-01 03:00:00,8.5,5.2,6.8
2016-02-02 03:00:00,8.5,5.2,8.6
2016-02-03 03:00:00,9.0,5.0,8.5
2016-02-04 03:00:00,8.2,5.5,7.5
2016-02-05 03:00:00,8.6,6.5,7.5
2016-02-06 03:00:00,9.5,6.5,8.0
2016-02-07 03:00:00,8.0,6.5,7.0
2016-02-08 03:00:00,12.4,7.0,12.0
2016-02-09 03:00:00,9.4,6.3,8.0
2016-02-10 03:00:00,10.8,8.0,9.5
2016-02-11 03:00:00,9.5,6.8,9.7
2016-02-12 03:00:00,9.3,5.2,7.3
2016-02-13 03:00:00,8.5,6.0,7.0
2016-02-14 03:00:00,9.8,6.5,7.0
2016-02-15 03:00:00,10.3,7.0,7.6
2016-02-16 03:00:00,9.6,7.8,8.3
2016-02-17 03:00:00,10.0,8.0,7.5
2016-02-18 03:00:00,11.5,9.3,8.5
2016-02-19 03:00:00,12.4,11.5,10.5
2016-02-20 03:00:00,15.5,13.0,13.7
2016-02-21 03:00:00,13.0,10.0,12.0
2016-02-22 03:00:00,13.8,10.0,11.7
2016-02-23 03:00:00,16.4,9.5,11.3
2016-02-24 03:00:00,14.5,9.0,13.3
2016-02-25 03:00:00,12.0,7.6,10.5
2016-02-26 03:00:00,13.4,9.2,11.5
2016-02-27 03:00:00,14.5,9.5,13.3
2016-02-28 03:00:00,14.8,10.0,13.5
2016-02-29 03:00:00,14.2,9.3,13.0
2016-03-01 03:00:00,13.9,9.0,11.5
2016-03-02 03:00:00,14.3,9.5,12.5
2016-03-03 03:00:00,14.0,9.5,12.0
2016-03-04 03:00:00,15.0,11.0,13.5
2016-03-05 03:00:00,14.2,9.0,13.8
2016-03-06 03:00:00,12.5,10.5,8.5
2016-03-07 03:00:00,10.5,9.0,10.8
2016-03-08 03:00:00,13.7,11.5,13.4
2016-03-09 03:00:00,13.1,10.0,11.5
2016-03-10 03:00:00,14.7,11.0,12.4
2016-03-11 03:00:00,15.4,11.6,13.4
2016-03-12 03:00:00,16.2,12.0,14.6
2016-03-13 03:00:00,17.5,11.5,16.5
2016-03-14 03:00:00,14.8,9.0,14.5
2016-03-15 03:00:00,10.0,6.5,11.5
2016-03-16 03:00:00,12.8,8.5,11.0
2016-03-17 03:00:00,13.8,10.0,12.3
2016-03-18 03:00:00,14.5,10.0,12.7
2016-03-19 03:00:00,15.4,11.6,12.9
2016-03-20 03:00:00,16.0,12.0,13.3
2016-03-21 03:00:00,15.2,11.5,13.0
2016-03-22 03:00:00,14.3,10.0,11.5
2016-03-23 03:00:00,13.6,10.2,12.0
2016-03-24 03:00:00,15.1,12.2,13.0
2016-03-25 03:00:00,15.9,12.5,14.0
2016-03-26 03:00:00,16.8,14.0,14.9
2016-03-27 03:00:00,17.6,11.5,14.5
2016-03-28 03:00:00,14.5,11.5,14.0
2016-03-29 03:00:00,11.5,9.5,10.5
2016-03-30 03:00:00,13.0,2.5,15.4
2016-03-31 03:00:00,12.8,9.5,13.5
2016-04-01 03:00:00,16.6,12.3,16.3
2016-04-02 03:00:00,17.5,13.0,17.5
2016-04-03 03:00:00,18.6,13.4,18.5
2016-04-04 03:00:00,18.9,13.7,18.3
2016-04-05 03:00:00,19.6,14.5,17.3
2016-04-06 03:00:00,17.3,14.5,18.5
2016-04-07 03:00:00,18.4,14.6,16.0
2016-04-08 03:00:00,17.3,13.4,16.9
2016-04-09 03:00:00,16.9,13.6,15.5
2016-04-10 03:00:00,17.6,14.6,14.3
2016-04-11 03:00:00,19.1,15.5,14.6
2016-04-12 03:00:00,18.0,16.0,16.0
2016-04-13 03:00:00,17.9,14.6,15.5
2016-04-14 03:00:00,16.7,13.5,13.5
2016-04-15 03:00:00,17.6,14.3,15.2
2016-04-16 03:00:00,19.3,15.6,15.6
2016-04-17 03:00:00,19.6,16.0,18.0
2016-04-18 03:00:00,19.5,13.0,14.3
2016-04-19 03:00:00,14.8,12.7,14.0
2016-04-20 03:00:00,19.9,16.4,17.0
2016-04-21 03:00:00,20.8,16.0,18.5
2016-04-22 03:00:00,20.4,15.6,18.0
2016-04-23 03:00:00,19.0,15.5,17.0
2016-04-24 03:00:00,17.7,14.0,15.3
2016-04-25 03:00:00,18.0,14.5,15.0
2016-04-26 03:00:00,18.6,15.5,15.3
2016-04-27 03:00:00,19.4,14.8,15.2
2016-04-28 03:00:00,19.2,15.0,16.0
2016-04-29 03:00:00,18.0,15.2,16.5
2016-04-30 03:00:00,18.4,15.4,14.5
2016-05-01 03:00:00,18.3,15.6,14.5
2016-05-02 03:00:00,18.6,16.5,14.2
2016-05-03 03:00:00,20.3,16.3,16.5
2016-05-04 03:00:00,19.6,13.3,16.0
2016-05-05 03:00:00,17.3,13.4,17.5
2016-05-06 03:00:00,16.6,12.5,16.5
2016-05-07 03:00:00,17.5,12.5,18.0
2016-05-08 03:00:00,17.2,15.6,15.6
2016-05-09 03:00:00,20.0,16.1,18.0
2016-05-10 03:00:00,21.7,16.0,21.0
2016-05-11 03:00:00,20.8,15.3,20.0
2016-05-12 03:00:00,20.6,15.0,19.0
2016-05-13 03:00:00,18.9,12.7,13.0
2016-05-14 03:00:00,20.0,14.6,15.0
2016-05-15 03:00:00,21.7,15.5,19.0
2016-05-16 03:00:00,19.4,12.0,17.0
2016-05-17 03:00:00,17.2,10.0,19.0
2016-05-18 03:00:00,15.7,12.7,16.5
2016-05-19 03:00:00,22.4,15.0,21.5
2016-05-20 03:00:00,19.9,14.8,19.2
2016-05-21 03:00:00,20.9,15.2,20.0
2016-05-22 03:00:00,20.2,16.0,20.0
2016-05-23 03:00:00,23.5,15.1,22.5
2016-05-24 03:00:00,19.5,15.7,16.6
2016-05-25 03:00:00,18.8,12.5,18.3
2016-05-26 03:00:00,17.7,13.4,19.4
2016-05-27 03:00:00,19.4,14.6,19.0
2016-05-28 03:00:00,19.0,15.0,18.6
2016-05-29 03:00:00,18.8,14.5,18.0
2016-05-30 03:00:00,18.9,15.0,19.0
2016-05-31 03:00:00,19.0,14.0,18.3
2016-06-01 03:00:00,21.2,15.5,20.5
2016-06-02 03:00:00,22.6,16.7,22.3
2016-06-03 03:00:00,23.3,18.0,22.5
2016-06-04 03:00:00,22.2,17.5,21.4
2016-06-05 03:00:00,21.8,15.0,22.0
2016-06-06 03:00:00,22.5,17.8,21.8
2016-06-07 03:00:00,21.8,16.6,22.0
2016-06-08 03:00:00,20.2,16.2,20.5
2016-06-09 03:00:00,22.0,17.0,21.5
2016-06-10 03:00:00,19.4,16.5,21.2
2016-06-11 03:00:00,22.6,17.5,22.0
2016-06-12 03:00:00,21.5,17.3,21.5
2016-06-13 03:00:00,21.7,17.0,21.3
2016-06-14 03:00:00,21.6,17.2,20.6
2016-06-15 03:00:00,22.0,17.8,21.3
2016-06-16 03:00:00,22.4,17.0,21.6
2016-06-17 03:00:00,22.4,17.2,21.0
2016-06-18 03:00:00,22.4,17.5,22.5
2016-06-19 03:00:00,23.0,18.0,24.0
2016-06-20 03:00:00,22.5,17.8,22.1
2016-06-21 03:00:00,22.4,18.0,21.8
2016-06-22 03:00:00,22.0,18.3,21.0
2016-06-23 03:00:00,22.0,17.8,22.0
2016-06-24 03:00:00,22.6,17.7,21.5
2016-06-25 03:00:00,21.8,18.2,22.0
2016-06-26 03:00:00,22.3,18.4,22.5
2016-06-27 03:00:00,22.2,17.3,23.5
2016-06-28 03:00:00,23.7,18.6,24.0
2016-06-29 03:00:00,22.2,18.5,23.6
2016-06-30 03:00:00,22.5,18.2,22.0
2016-07-01 03:00:00,22.6,18.3,22.5
2016-07-02 03:00:00,21.5,17.4,21.0
2016-07-03 03:00:00,21.8,17.2,22.0
2016-07-04 03:00:00,21.9,17.5,21.6
2016-07-05 03:00:00,23.5,18.3,23.0
2016-07-06 03:00:00,23.0,18.8,23.0
2016-07-07 03:00:00,23.9,19.0,23.5
2016-07-08 03:00:00,22.6,17.5,21.8
2016-07-09 03:00:00,24.0,18.4,24.5
2016-07-10 03:00:00,22.2,17.6,22.0
2016-07-11 03:00:00,22.5,17.8,22.5
2016-07-12 03:00:00,22.5,17.5,23.0
2016-07-13 03:00:00,23.4,18.5,22.5
2016-07-14 03:00:00,23.6,19.0,23.5
2016-07-15 03:00:00,23.5,18.3,23.5
2016-07-16 03:00:00,22.8,18.4,22.5
2016-07-17 03:00:00,22.9,18.0,20.8
2016-07-18 03:00:00,22.1,17.5,22.0
2016-07-19 03:00:00,23.2,18.6,22.6
2016-07-20 03:00:00,22.2,18.2,23.0
2016-07-21 03:00:00,22.4,18.4,22.0
2016-07-22 03:00:00,21.5,17.5,21.5
2016-07-23 03:00:00,22.2,17.0,22.0
2016-07-24 03:00:00,22.7,17.5,23.0
2016-07-25 03:00:00,22.4,18.0,21.5
2016-07-26 03:00:00,20.2,17.0,21.0
2016-07-27 03:00:00,21.4,17.0,21.4
2016-07-28 03:00:00,22.4,18.0,21.5
2016-07-29 03:00:00,21.1,16.8,21.0
2016-07-30 03:00:00,22.5,17.5,22.0
2016-07-31 03:00:00,21.6,16.5,21.0
2016-08-01 03:00:00,21.5,16.7,20.6
2016-08-02 03:00:00,22.3,17.0,21.5
2016-08-03 03:00:00,22.0,18.0,22.0
2016-08-04 03:00:00,23.4,17.8,23.0
2016-08-05 03:00:00,22.7,19.0,24.0
2016-08-06 03:00:00,21.4,17.5,22.5
2016-08-07 03:00:00,23.6,18.7,23.5
2016-08-08 03:00:00,23.4,18.0,23.2
2016-08-09 03:00:00,22.9,17.5,22.2
2016-08-10 03:00:00,23.0,17.6,22.0
2016-08-11 03:00:00,22.2,16.5,21.5
2016-08-12 03:00:00,23.0,18.3,23.0
2016-08-13 03:00:00,23.3,18.5,22.6
2016-08-14 03:00:00,23.4,18.4,22.5
2016-08-15 03:00:00,22.7,18.0,20.0
2016-08-16 03:00:00,21.5,17.5,21.0
2016-08-17 03:00:00,20.8,16.6,22.2
2016-08-18 03:00:00,22.8,18.3,23.0
2016-08-19 03:00:00,23.0,18.2,23.0
2016-08-20 03:00:00,24.5,18.7,25.0
2016-08-21 03:00:00,23.5,18.0,24.4
2016-08-22 03:00:00,21.7,18.3,23.2
2016-08-23 03:00:00,23.4,18.4,24.0
2016-08-24 03:00:00,23.3,18.2,23.0
2016-08-25 03:00:00,22.7,18.8,23.0
2016-08-26 03:00:00,21.6,15.5,18.5
2016-08-27 03:00:00,23.3,18.5,18.5
2016-08-28 03:00:00,23.6,17.6,24.0
2016-08-29 03:00:00,22.6,18.5,23.5
2016-08-30 03:00:00,22.2,17.8,23.0
2016-08-31 03:00:00,21.4,17.0,21.5
2016-09-01 03:00:00,21.4,17.4,23.0
2016-09-02 03:00:00,22.3,17.5,22.0
2016-09-03 03:00:00,21.9,17.6,22.0
2016-09-04 03:00:00,20.4,17.0,20.5
2016-09-05 03:00:00,21.4,16.0,21.0
2016-09-06 03:00:00,22.6,18.2,23.7
2016-09-07 03:00:00,21.4,17.0,22.5
2016-09-08 03:00:00,21.0,16.7,21.5
2016-09-09 03:00:00,22.5,18.3,22.6
2016-09-10 03:00:00,23.0,18.0,24.0
2016-09-11 03:00:00,22.4,17.5,22.5
2016-09-12 03:00:00,21.9,17.0,21.5
2016-09-13 03:00:00,21.5,16.4,22.0
2016-09-14 03:00:00,21.5,16.5,21.6
2016-09-15 03:00:00,22.2,17.3,23.0
2016-09-16 03:00:00,21.5,16.5,21.6
2016-09-17 03:00:00,20.6,16.3,21.0
2016-09-18 03:00:00,20.5,15.5,21.0
2016-09-19 03:00:00,22.1,17.5,22.3
2016-09-20 03:00:00,22.4,17.0,22.0
2016-09-21 03:00:00,21.0,16.0,22.0
2016-09-22 03:00:00,20.8,15.5,21.5
2016-09-23 03:00:00,21.5,16.5,22.4
2016-09-24 03:00:00,20.8,15.0,21.0
2016-09-25 03:00:00,20.5,15.2,21.0
2016-09-26 03:00:00,20.5,14.5,21.0
2016-09-27 03:00:00,22.4,16.3,22.0
2016-09-28 03:00:00,21.4,14.4,22.2
2016-09-29 03:00:00,20.6,15.6,21.0
2016-09-30 03:00:00,21.1,16.0,22.8
2016-10-01 03:00:00,23.1,17.0,22.6
2016-10-02 03:00:00,21.5,16.0,22.5
2016-10-03 03:00:00,19.4,16.4,20.0
2016-10-04 03:00:00,21.2,16.5,21.0
2016-10-05 03:00:00,21.7,16.6,21.5
2016-10-06 03:00:00,20.6,15.5,20.0
2016-10-07 03:00:00,20.5,15.3,20.6
2016-10-08 03:00:00,20.6,15.7,21.5
2016-10-09 03:00:00,19.4,15.0,20.8
2016-10-10 03:00:00,19.8,16.0,20.1
2016-10-11 03:00:00,16.6,13.4,18.5
2016-10-12 03:00:00,19.3,13.0,19.0
2016-10-13 03:00:00,20.3,14.3,18.5
2016-10-14 03:00:00,21.1,15.5,22.0
2016-10-15 03:00:00,20.9,15.0,20.4
2016-10-16 03:00:00,20.4,15.2,20.6
2016-10-17 03:00:00,20.2,14.5,20.2
2016-10-18 03:00:00,19.5,14.3,19.4
2016-10-19 03:00:00,18.5,13.0,18.2
2016-10-20 03:00:00,16.1,13.0,16.0
2016-10-21 03:00:00,18.1,12.6,18.5
2016-10-22 03:00:00,16.6,12.3,17.0
2016-10-23 03:00:00,17.3,13.0,18.0
2016-10-24 03:00:00,16.9,12.0,17.9
2016-10-25 03:00:00,16.0,12.3,17.0
2016-10-26 03:00:00,15.0,11.7,14.0
2016-10-27 03:00:00,14.3,11.0,13.4
2016-10-28 03:00:00,13.8,11.0,13.5
2016-10-29 03:00:00,15.2,11.0,15.0
2016-10-30 03:00:00,14.0,10.0,13.8
2016-10-31 03:00:00,13.9,11.0,12.6
2016-11-01 03:00:00,13.6,10.0,12.5
2016-11-02 03:00:00,13.5,10.5,11.6
2016-11-03 03:00:00,13.0,10.0,9.6
2016-11-04 03:00:00,11.7,10.2,11.0
2016-11-05 03:00:00,11.6,9.0,10.6
2016-11-06 03:00:00,12.5,9.0,10.5
2016-11-07 03:00:00,11.0,8.5,10.0
2016-11-08 03:00:00,11.9,8.5,11.0
2016-11-09 03:00:00,11.7,8.2,11.4
2016-11-10 03:00:00,12.2,9.0,11.0
2016-11-11 03:00:00,13.1,9.5,12.5
2016-11-12 03:00:00,13.8,9.6,12.5
2016-11-13 03:00:00,12.6,9.0,12.2
2016-11-14 03:00:00,12.9,8.0,13.5
2016-11-15 03:00:00,11.9,8.2,12.5
2016-11-16 03:00:00,9.4,7.3,9.5
2016-11-17 03:00:00,9.1,7.5,9.2
2016-11-18 03:00:00,9.5,7.0,9.5
2016-11-19 03:00:00,10.4,8.2,10.5
2016-11-20 03:00:00,10.6,8.0,10.3
2016-11-21 03:00:00,11.5,8.5,11.5
2016-11-22 03:00:00,12.8,8.5,12.0
2016-11-23 03:00:00,12.6,9.5,12.5
2016-11-24 03:00:00,11.6,8.6,12.0
2016-11-25 03:00:00,11.2,8.4,10.0
2016-11-26 03:00:00,13.0,9.0,12.0
2016-11-27 03:00:00,11.0,8.5,11.5
2016-11-28 03:00:00,12.9,9.2,13.0
2016-11-29 03:00:00,11.9,8.8,11.0
2016-11-30 03:00:00,11.9,8.5,12.0
2016-12-01 03:00:00,12.3,8.4,13.0
2016-12-02 03:00:00,13.1,9.0,13.5
2016-12-03 03:00:00,13.1,9.0,14.2
2016-12-04 03:00:00,10.6,7.6,11.6
2016-12-05 03:00:00,10.0,9.3,11.5
2016-12-06 03:00:00,9.3,8.0,8.7
2016-12-07 03:00:00,8.9,8.1,8.5
2016-12-08 03:00:00,9.0,8.7,7.5
2016-12-09 03:00:00,8.8,8.5,8.3
2016-12-10 03:00:00,9.4,8.3,9.0
2016-12-11 03:00:00,9.4,8.0,9.0
2016-12-12 03:00:00,8.9,8.0,9.0
2016-12-13 03:00:00,9.1,7.4,9.0
2016-12-14 03:00:00,8.5,6.5,8.0
2016-12-15 03:00:00,10.1,6.4,9.5
2016-12-16 03:00:00,8.0,6.4,7.0
2016-12-17 03:00:00,8.5,6.8,8.0
2016-12-18 03:00:00,9.2,7.0,8.8
2016-12-19 03:00:00,9.0,6.0,10.2
2016-12-20 03:00:00,10.1,7.0,9.5
2016-12-21 03:00:00,11.2,8.1,10.5
2016-12-22 03:00:00,12.4,9.5,12.5
2016-12-23 03:00:00,10.4,7.6,11.0
2016-12-24 03:00:00,10.5,7.8,12.0
2016-12-25 03:00:00,10.4,7.6,9.0
2016-12-26 03:00:00,10.0,5.0,9.0
2016-12-27 03:00:00,8.9,5.4,8.5
2016-12-28 03:00:00,8.0,6.3,9.5
2016-12-29 03:00:00,7.6,5.5,6.5
2016-12-30 03:00:00,7.4,5.6,7.0
2016-12-31 03:00:00,7.9,5.5,6.5
2017-01-01 03:00:00,9.0,6.0,7.5
2017-01-02 03:00:00,6.6,4.5,6.0
2017-01-03 03:00:00,6.7,4.0,5.5
2017-01-04 03:00:00,6.6,5.0,5.0
2017-01-05 03:00:00,7.2,5.0,5.0
2017-01-06 03:00:00,6.8,4.5,5.0
2017-01-07 03:00:00,6.9,4.5,5.0
2017-01-08 03:00:00,8.4,5.2,7.4
2017-01-09 03:00:00,7.1,4.0,5.5
2017-01-10 03:00:00,6.6,3.5,5.4
2017-01-11 03:00:00,8.5,3.6,6.5
2017-01-12 03:00:00,5.1,2.1,4.3
2017-01-13 03:00:00,4.3,1.6,3.5
2017-01-14 03:00:00,3.8,1.0,2.8
2017-01-15 03:00:00,5.2,3.5,3.8
2017-01-16 03:00:00,5.4,4.3,3.5
2017-01-17 03:00:00,6.5,4.8,5.0
2017-01-18 03:00:00,7.0,5.0,5.5
2017-01-19 03:00:00,7.0,6.0,6.0
2017-01-20 03:00:00,7.8,6.3,6.0
2017-01-21 03:00:00,7.4,7.2,5.6
2017-01-22 03:00:00,8.3,7.5,6.6
2017-01-23 03:00:00,8.5,6.5,7.0
2017-01-24 03:00:00,9.0,7.0,7.5
2017-01-25 03:00:00,8.9,8.1,7.5
2017-01-26 03:00:00,9.3,8.5,7.5
2017-01-27 03:00:00,13.2,6.4,12.6
2017-01-28 03:00:00,8.0,3.0,9.5
2017-01-29 03:00:00,7.0,6.0,8.3
2017-01-30 03:00:00,8.5,6.2,7.0
2017-01-31 03:00:00,9.6,6.5,8.5
2017-02-01 03:00:00,9.4,6.0,9.4
2017-02-02 03:00:00,11.1,7.5,10.5
2017-02-03 03:00:00,11.3,7.0,11.0
2017-02-04 03:00:00,10.5,8.2,10.5
2017-02-05 03:00:00,11.6,9.5,10.3
2017-02-06 03:00:00,10.3,8.0,10.0
2017-02-07 03:00:00,10.5,6.3,9.2
2017-02-08 03:00:00,10.4,8.3,9.5
2017-02-09 03:00:00,11.0,8.5,10.5
2017-02-10 03:00:00,11.1,7.5,11.0
2017-02-11 03:00:00,8.3,7.2,7.5
2017-02-12 03:00:00,9.5,6.5,8.0
2017-02-13 03:00:00,9.0,6.8,8.0
2017-02-14 03:00:00,10.6,6.7,9.5
2017-02-15 03:00:00,11.4,7.8,10.0
2017-02-16 03:00:00,9.4,8.0,9.2
2017-02-17 03:00:00,11.6,8.0,10.1
2017-02-18 03:00:00,12.8,9.5,11.6
2017-02-19 03:00:00,13.6,9.0,11.3
2017-02-20 03:00:00,13.2,10.5,12.3
2017-02-21 03:00:00,13.2,8.5,12.0
2017-02-22 03:00:00,13.6,9.8,12.0
2017-02-23 03:00:00,11.4,7.8,10.2
2017-02-24 03:00:00,11.0,7.5,9.5
2017-02-25 03:00:00,10.5,7.0,10.0
2017-02-26 03:00:00,12.4,8.2,11.5
2017-02-27 03:00:00,11.2,8.0,10.5
2017-02-28 03:00:00,11.1,8.6,12.5
2017-03-01 03:00:00,13.4,10.0,11.6
2017-03-02 03:00:00,13.4,9.2,9.0
2017-03-03 03:00:00,12.2,9.3,9.5
2017-03-04 03:00:00,13.5,10.0,11.0
2017-03-05 03:00:00,11.6,8.0,9.5
2017-03-06 03:00:00,10.7,7.2,8.0
2017-03-07 03:00:00,11.0,8.3,9.5
2017-03-08 03:00:00,12.0,6.5,9.7
2017-03-09 03:00:00,11.6,6.5,10.4
2017-03-10 03:00:00,11.8,5.5,13.0
2017-03-11 03:00:00,10.6,5.0,10.8
2017-03-12 03:00:00,8.6,2.7,9.9
2017-03-13 03:00:00,7.1,4.5,6.5
2017-03-14 03:00:00,10.6,5.5,9.0
2017-03-15 03:00:00,9.7,5.7,9.0
2017-03-16 03:00:00,12.6,6.0,11.0
2017-03-17 03:00:00,11.0,5.5,10.6
2017-03-18 03:00:00,10.7,7.5,9.5
2017-03-19 03:00:00,12.5,7.5,11.0
2017-03-20 03:00:00,10.6,6.5,11.9
2017-03-21 03:00:00,10.0,8.0,10.5
2017-03-22 03:00:00,14.9,10.5,14.5
2017-03-23 03:00:00,16.0,9.0,11.0
2017-03-24 03:00:00,16.5,11.8,15.0
2017-03-25 03:00:00,14.5,10.8,13.5
2017-03-26 03:00:00,16.3,13.5,17.5
2017-03-27 03:00:00,19.8,14.4,20.1
2017-03-28 03:00:00,19.7,14.5,19.0
2017-03-29 03:00:00,19.4,15.0,19.5
2017-03-30 03:00:00,18.8,15.0,20.5
2017-03-31 03:00:00,19.3,15.1,19.5
2017-04-01 03:00:00,17.0,15.0,14.0
2017-04-02 03:00:00,15.0,12.0,16.5
2017-04-03 03:00:00,15.1,13.5,17.0
2017-04-04 03:00:00,14.8,12.0,16.5
2017-04-05 03:00:00,15.8,12.5,17.0
2017-04-06 03:00:00,14.7,12.4,16.0
2017-04-07 03:00:00,15.3,11.0,15.0
2017-04-08 03:00:00,14.3,9.5,13.5
2017-04-09 03:00:00,16.0,11.6,14.6
2017-04-10 03:00:00,15.5,12.0,13.0
2017-04-11 03:00:00,15.4,11.5,13.0
2017-04-12 03:00:00,15.9,12.0,13.6
2017-04-13 03:00:00,16.2,13.0,14.5
2017-04-14 03:00:00,17.5,14.2,16.0
2017-04-15 03:00:00,15.8,11.0,15.6
2017-04-16 03:00:00,18.4,13.3,18.0
2017-04-17 03:00:00,18.0,15.4,17.0
2017-04-18 03:00:00,20.5,16.5,20.0
2017-04-19 03:00:00,20.8,14.5,18.5
2017-04-20 03:00:00,17.8,13.3,19.0
2017-04-21 03:00:00,19.5,14.0,19.6
2017-04-22 03:00:00,18.6,15.2,19.5
2017-04-23 03:00:00,17.6,13.8,18.7
2017-04-24 03:00:00,16.6,12.5,17.0
2017-04-25 03:00:00,19.9,14.5,19.1
2017-04-26 03:00:00,17.7,13.5,15.6
2017-04-27 03:00:00,14.9,14.0,19.0
2017-04-28 03:00:00,16.3,12.5,14.5
2017-04-29 03:00:00,16.7,12.0,15.5
2017-04-30 03:00:00,14.6,10.7,15.3
2017-05-01 03:00:00,14.6,9.4,15.0
2017-05-02 03:00:00,14.8,11.5,14.5
2017-05-03 03:00:00,17.4,13.5,17.0
2017-05-04 03:00:00,15.0,12.4,16.0
2017-05-05 03:00:00,15.0,12.0,16.0
2017-05-06 03:00:00,19.0,15.0,16.0
2017-05-07 03:00:00,18.8,15.4,19.0
2017-05-08 03:00:00,20.6,16.5,20.5
2017-05-09 03:00:00,20.5,12.0,18.5
2017-05-10 03:00:00,19.5,14.0,18.5
2017-05-11 03:00:00,18.8,13.5,18.5
2017-05-12 03:00:00,19.5,15.0,19.0
2017-05-13 03:00:00,21.1,16.0,20.5
2017-05-14 03:00:00,19.0,15.0,20.5
2017-05-15 03:00:00,21.0,16.0,20.0
2017-05-16 03:00:00,20.0,15.4,20.4
2017-05-17 03:00:00,21.0,16.2,21.5
2017-05-18 03:00:00,15.9,14.0,19.8
2017-05-19 03:00:00,15.8,13.0,17.2
2017-05-20 03:00:00,16.7,13.0,18.5
2017-05-21 03:00:00,17.3,11.3,20.5
2017-05-22 03:00:00,19.6,15.2,18.6
2017-05-23 03:00:00,18.2,14.5,18.5
2017-05-24 03:00:00,19.5,15.5,19.8
2017-05-25 03:00:00,20.5,15.3,19.5
2017-05-26 03:00:00,19.2,15.0,19.5
2017-05-27 03:00:00,19.5,14.5,19.5
2017-05-28 03:00:00,19.5,13.5,18.0
2017-05-29 03:00:00,19.0,14.5,18.5
2017-05-30 03:00:00,19.2,14.5,20.0
2017-05-31 03:00:00,20.0,15.0,21.5
2017-06-01 03:00:00,21.0,17.0,22.0
2017-06-02 03:00:00,18.5,16.0,19.5
2017-06-03 03:00:00,19.0,15.0,19.7
2017-06-04 03:00:00,23.8,19.0,24.5
2017-06-05 03:00:00,21.9,16.5,21.5
2017-06-06 03:00:00,20.5,17.3,20.1
2017-06-07 03:00:00,22.3,17.0,22.1
2017-06-08 03:00:00,22.4,15.7,23.5
2017-06-09 03:00:00,22.3,16.8,22.5
2017-06-10 03:00:00,21.0,16.0,21.6
2017-06-11 03:00:00,20.6,16.5,21.6
2017-06-12 03:00:00,21.8,16.0,21.5
2017-06-13 03:00:00,19.4,16.0,19.5
2017-06-14 03:00:00,21.1,16.0,21.4
2017-06-15 03:00:00,20.6,15.5,21.2
2017-06-16 03:00:00,19.5,15.0,20.3
2017-06-17 03:00:00,22.0,16.0,23.2
2017-06-18 03:00:00,21.4,16.5,21.6
2017-06-19 03:00:00,22.0,17.3,23.5
2017-06-20 03:00:00,21.6,17.6,23.0
2017-06-21 03:00:00,21.3,16.6,21.5
2017-06-22 03:00:00,21.8,17.5,22.5
2017-06-23 03:00:00,21.9,16.5,22.5
2017-06-24 03:00:00,23.1,16.8,23.5
2017-06-25 03:00:00,23.0,18.0,22.0
2017-06-26 03:00:00,23.5,18.5,23.5
2017-06-27 03:00:00,22.0,17.5,23.0
2017-06-28 03:00:00,22.4,17.4,22.5
2017-06-29 03:00:00,21.5,16.8,22.4
2017-06-30 03:00:00,22.1,17.5,22.4
2017-07-01 03:00:00,22.3,17.8,23.0
2017-07-02 03:00:00,22.0,18.2,22.5
2017-07-03 03:00:00,23.3,18.2,23.4
2017-07-04 03:00:00,23.2,18.0,24.5
2017-07-05 03:00:00,22.2,18.0,23.0
2017-07-06 03:00:00,23.4,18.2,23.5
2017-07-07 03:00:00,23.3,18.5,23.6
2017-07-08 03:00:00,24.1,19.0,24.0
2017-07-09 03:00:00,22.5,18.5,25.5
2017-07-10 03:00:00,22.2,18.0,23.5
2017-07-11 03:00:00,22.3,17.5,22.8
2017-07-12 03:00:00,20.6,15.5,21.0
2017-07-13 03:00:00,22.1,17.0,23.0
2017-07-14 03:00:00,23.3,16.0,23.5
2017-07-15 03:00:00,22.4,16.5,22.3
2017-07-16 03:00:00,23.5,18.5,23.0
2017-07-17 03:00:00,20.5,16.8,21.8
2017-07-18 03:00:00,21.2,16.5,21.0
2017-07-19 03:00:00,23.2,17.0,24.0
2017-07-20 03:00:00,22.7,16.5,23.5
2017-07-21 03:00:00,23.1,17.5,23.5
2017-07-22 03:00:00,23.0,18.0,23.4
2017-07-23 03:00:00,22.2,17.5,23.0
2017-07-24 03:00:00,21.3,16.8,21.6
2017-07-25 03:00:00,23.0,18.0,23.5
2017-07-26 03:00:00,21.8,18.0,22.8
2017-07-27 03:00:00,22.0,16.0,22.4
2017-07-28 03:00:00,23.1,17.0,23.0
2017-07-29 03:00:00,23.0,18.0,23.0
2017-07-30 03:00:00,22.0,17.5,22.5
2017-07-31 03:00:00,22.0,17.3,22.5
2017-08-01 03:00:00,23.0,18.0,22.5
2017-08-02 03:00:00,23.0,18.6,23.6
2017-08-03 03:00:00,21.9,18.4,23.2
2017-08-04 03:00:00,24.0,18.5,23.5
2017-08-05 03:00:00,23.5,18.7,23.5
2017-08-06 03:00:00,23.5,18.5,23.0
2017-08-07 03:00:00,22.5,18.6,23.8
2017-08-08 03:00:00,24.2,18.5,24.0
2017-08-09 03:00:00,23.2,18.0,23.5
2017-08-10 03:00:00,22.0,17.5,22.0
2017-08-11 03:00:00,22.8,18.0,23.0
2017-08-12 03:00:00,23.5,17.6,23.8
2017-08-13 03:00:00,22.2,17.5,23.0
2017-08-14 03:00:00,22.5,17.5,23.0
2017-08-15 03:00:00,22.7,17.2,23.0
2017-08-16 03:00:00,22.6,18.0,22.5
2017-08-17 03:00:00,22.5,18.3,23.5
2017-08-18 03:00:00,23.0,18.5,23.8
2017-08-19 03:00:00,22.0,17.0,22.4
2017-08-20 03:00:00,23.4,17.8,24.0
2017-08-21 03:00:00,21.5,17.0,24.0
2017-08-22 03:00:00,22.5,17.5,23.0
2017-08-23 03:00:00,21.8,18.0,22.0
2017-08-24 03:00:00,22.8,17.4,22.0
2017-08-25 03:00:00,22.2,18.5,22.5
2017-08-26 03:00:00,23.2,18.0,23.0
2017-08-27 03:00:00,22.5,17.8,23.0
2017-08-28 03:00:00,21.4,16.8,22.0
2017-08-29 03:00:00,23.5,18.1,21.5
2017-08-30 03:00:00,22.0,18.0,23.0
2017-08-31 03:00:00,23.0,18.3,22.0
2017-09-01 03:00:00,21.5,17.0,22.6
2017-09-02 03:00:00,21.5,17.2,22.0
2017-09-03 03:00:00,21.5,17.2,22.3
2017-09-04 03:00:00,21.0,16.5,22.0
2017-09-05 03:00:00,22.2,17.0,22.0
2017-09-06 03:00:00,23.0,17.6,22.3
2017-09-07 03:00:00,21.5,17.0,22.6
2017-09-08 03:00:00,21.3,16.8,23.0
2017-09-09 03:00:00,21.0,17.0,22.5
2017-09-10 03:00:00,22.5,17.3,22.7
2017-09-11 03:00:00,21.2,17.5,21.2
2017-09-12 03:00:00,21.5,17.0,27.0
2017-09-13 03:00:00,20.9,16.5,22.0
2017-09-14 03:00:00,21.5,16.8,22.5
2017-09-15 03:00:00,20.4,16.0,23.0
2017-09-16 03:00:00,21.5,16.5,22.4
2017-09-17 03:00:00,22.5,17.3,22.5
2017-09-18 03:00:00,21.0,17.5,22.0
2017-09-19 03:00:00,22.9,17.0,23.0
2017-09-20 03:00:00,23.2,17.6,23.4
2017-09-21 03:00:00,22.0,17.0,22.2
2017-09-22 03:00:00,21.7,16.8,22.4
2017-09-23 03:00:00,21.5,16.7,22.3
2017-09-24 03:00:00,23.0,17.5,22.5
2017-09-25 03:00:00,23.2,18.0,23.2
2017-09-26 03:00:00,22.8,17.3,22.7
2017-09-27 03:00:00,23.3,17.5,23.3
2017-09-28 03:00:00,22.5,16.5,23.0
2017-09-29 03:00:00,22.6,17.0,23.0
2017-09-30 03:00:00,20.2,16.7,21.0
2017-10-01 03:00:00,22.2,17.0,22.5
2017-10-02 03:00:00,21.5,16.4,21.6
2017-10-03 03:00:00,20.0,15.5,22.5
2017-10-04 03:00:00,21.3,16.0,21.5
2017-10-05 03:00:00,21.5,16.2,22.0
2017-10-06 03:00:00,21.5,16.5,21.8
2017-10-07 03:00:00,20.8,14.5,21.0
2017-10-08 03:00:00,21.0,15.5,21.0
2017-10-09 03:00:00,21.5,15.4,22.0
2017-10-10 03:00:00,20.0,14.8,19.5
2017-10-11 03:00:00,18.9,15.0,18.2
2017-10-12 03:00:00,20.1,15.5,18.4
2017-10-13 03:00:00,20.3,16.2,20.5
2017-10-14 03:00:00,20.0,16.0,21.0
2017-10-15 03:00:00,20.6,15.0,20.0
2017-10-16 03:00:00,19.0,14.5,20.0
2017-10-17 03:00:00,17.5,13.0,17.0
2017-10-18 03:00:00,18.5,14.5,18.2
2017-10-19 03:00:00,16.3,13.5,15.0
2017-10-20 03:00:00,17.5,14.0,17.0
2017-10-21 03:00:00,19.0,13.5,19.5
2017-10-22 03:00:00,19.5,13.5,18.6
2017-10-23 03:00:00,19.5,14.0,20.0
2017-10-24 03:00:00,17.0,11.7,18.5
2017-10-25 03:00:00,16.4,10.5,16.5
2017-10-26 03:00:00,15.5,10.8,13.5
2017-10-27 03:00:00,15.0,10.5,15.7
2017-10-28 03:00:00,17.3,11.6,16.6
2017-10-29 03:00:00,14.7,10.0,17.0
2017-10-30 03:00:00,13.0,9.0,15.0
2017-10-31 03:00:00,15.8,11.0,14.4
2017-11-01 03:00:00,13.5,9.5,15.2
2017-11-02 03:00:00,14.0,10.0,14.0
2017-11-03 03:00:00,14.0,10.5,14.0
2017-11-04 03:00:00,14.4,10.5,13.5
2017-11-05 03:00:00,13.0,10.0,13.5
2017-11-06 03:00:00,14.1,10.5,12.5
2017-11-07 03:00:00,14.7,11.2,13.5
2017-11-08 03:00:00,13.8,10.8,13.8
2017-11-09 03:00:00,13.0,10.0,12.0
2017-11-10 03:00:00,12.5,9.5,12.4
2017-11-11 03:00:00,13.0,9.3,12.0
2017-11-12 03:00:00,13.0,9.8,12.5
2017-11-13 03:00:00,13.7,10.5,13.5
2017-11-14 03:00:00,13.4,10.3,13.0
2017-11-15 03:00:00,12.3,8.5,13.0
2017-11-16 03:00:00,12.0,8.5,12.5
2017-11-17 03:00:00,13.5,10.5,11.5
2017-11-18 03:00:00,13.5,10.0,13.0
2017-11-19 03:00:00,13.9,10.0,13.0
2017-11-20 03:00:00,12.9,9.0,12.0
2017-11-21 03:00:00,11.7,8.5,11.0
2017-11-22 03:00:00,12.3,8.3,13.0
2017-11-23 03:00:00,10.6,7.5,10.2
2017-11-24 03:00:00,10.7,7.5,10.0
2017-11-25 03:00:00,11.0,8.0,10.5
2017-11-26 03:00:00,10.4,7.6,12.0
2017-11-27 03:00:00,10.7,7.5,10.0
2017-11-28 03:00:00,11.0,8.0,9.0
2017-11-29 03:00:00,10.0,7.0,9.5
2017-11-30 03:00:00,9.0,6.5,8.0
2017-12-01 03:00:00,9.5,7.1,8.0
2017-12-02 03:00:00,9.1,7.0,8.0
2017-12-03 03:00:00,9.2,6.5,9.2
2017-12-04 03:00:00,10.6,7.5,8.5
2017-12-05 03:00:00,10.2,7.5,10.0
2017-12-06 03:00:00,13.0,7.5,10.0
2017-12-07 03:00:00,12.3,8.0,11.0
2017-12-08 03:00:00,12.5,9.5,11.5
2017-12-09 03:00:00,12.4,9.0,12.0
2017-12-10 03:00:00,10.0,8.0,9.0
2017-12-11 03:00:00,10.5,9.0,9.8
2017-12-12 03:00:00,10.2,8.4,10.5
2017-12-13 03:00:00,10.0,7.4,10.0
2017-12-14 03:00:00,9.1,6.5,9.0
2017-12-15 03:00:00,7.8,7.5,8.0
2017-12-16 03:00:00,7.7,7.5,7.5
2017-12-17 03:00:00,7.4,6.2,8.0
2017-12-18 03:00:00,9.0,6.0,8.0
2017-12-19 03:00:00,9.5,6.2,8.5
2017-12-20 03:00:00,9.2,6.8,8.0
2017-12-21 03:00:00,8.5,7.0,8.0
2017-12-22 03:00:00,9.0,6.8,9.5
2017-12-23 03:00:00,8.3,5.5,8.5
2017-12-24 03:00:00,12.0,6.3,12.0
2017-12-25 03:00:00,8.3,5.8,8.0
2017-12-26 03:00:00,8.0,5.0,7.5
2017-12-27 03:00:00,7.5,6.4,6.5
2017-12-28 03:00:00,7.0,7.0,6.0
2017-12-29 03:00:00,6.5,7.8,5.8
2017-12-30 03:00:00,6.8,6.0,5.5
2017-12-31 03:00:00,7.0,5.3,5.6
2018-01-01 03:00:00,7.6,6.4,6.7
2018-01-02 03:00:00,7.6,5.0,5.6
2018-01-03 03:00:00,5.0,3.2,4.5
2018-01-04 03:00:00,5.8,4.0,4.6
2018-01-05 03:00:00,4.9,3.8,3.5
2018-01-06 03:00:00,4.5,2.5,3.6
2018-01-07 03:00:00,4.5,2.5,3.6
2018-01-08 03:00:00,4.0,3.0,3.0
2018-01-09 03:00:00,3.5,2.5,2.9
2018-01-10 03:00:00,4.7,3.5,3.5
2018-01-11 03:00:00,5.3,4.0,4.1
2018-01-12 03:00:00,5.5,4.3,4.5
2018-01-13 03:00:00,8.0,5.0,6.2
2018-01-14 03:00:00,7.6,5.0,5.7
2018-01-15 03:00:00,6.8,4.5,6.0
2018-01-16 03:00:00,7.0,5.2,6.0
2018-01-17 03:00:00,6.9,5.0,6.5
2018-01-18 03:00:00,8.0,5.0,6.0
2018-01-19 03:00:00,7.5,5.6,6.4
2018-01-20 03:00:00,7.2,6.0,6.5
2018-01-21 03:00:00,10.5,6.8,7.5
2018-01-22 03:00:00,8.4,5.5,6.6
2018-01-23 03:00:00,9.0,6.5,7.0
2018-01-24 03:00:00,11.4,5.5,8.0
2018-01-25 03:00:00,5.0,3.5,6.5
2018-01-26 03:00:00,6.5,3.5,6.0
2018-01-27 03:00:00,7.8,4.5,8.0
2018-01-28 03:00:00,6.9,3.2,7.0
2018-01-29 03:00:00,9.2,3.0,9.5
2018-01-30 03:00:00,6.5,3.5,7.0
2018-01-31 03:00:00,6.7,5.0,6.8
2018-02-01 03:00:00,11.5,6.5,11.2
2018-02-02 03:00:00,8.3,5.3,7.5
2018-02-03 03:00:00,9.0,6.5,9.4
2018-02-04 03:00:00,9.2,5.8,8.4
2018-02-05 03:00:00,9.5,7.0,8.5
2018-02-06 03:00:00,12.3,6.8,11.5
2018-02-07 03:00:00,10.0,8.5,9.5
2018-02-08 03:00:00,8.0,8.8,8.5
2018-02-09 03:00:00,11.5,6.5,11.0
2018-02-10 03:00:00,8.3,6.5,6.4
2018-02-11 03:00:00,8.8,8.0,7.2
2018-02-12 03:00:00,11.4,8.0,10.7
2018-02-13 03:00:00,10.0,5.0,10.5
2018-02-14 03:00:00,10.2,6.0,9.4
2018-02-15 03:00:00,8.4,5.5,8.0
2018-02-16 03:00:00,12.4,6.5,11.6
2018-02-17 03:00:00,14.8,8.5,13.0
2018-02-18 03:00:00,11.5,6.8,11.0
2018-02-19 03:00:00,12.2,7.0,11.5
2018-02-20 03:00:00,11.4,8.2,11.0
2018-02-21 03:00:00,12.1,8.3,11.5
2018-02-22 03:00:00,13.4,7.0,12.5
2018-02-23 03:00:00,10.4,7.0,11.5
2018-02-24 03:00:00,12.0,8.5,11.2
2018-02-25 03:00:00,12.8,9.0,12.0
2018-02-26 03:00:00,10.8,7.3,10.0
2018-02-27 03:00:00,12.9,9.5,12.0
2018-02-28 03:00:00,16.5,11.5,11.6
2018-03-01 03:00:00,17.2,11.8,13.5
2018-03-02 03:00:00,15.5,10.5,15.0
2018-03-03 03:00:00,12.2,9.1,14.6
2018-03-04 03:00:00,14.0,10.0,14.0
2018-03-05 03:00:00,15.2,11.3,14.5
2018-03-06 03:00:00,12.3,7.8,11.8
2018-03-07 03:00:00,11.3,8.5,11.0
2018-03-08 03:00:00,13.8,9.5,12.5
2018-03-09 03:00:00,12.2,8.3,11.0
2018-03-10 03:00:00,11.7,8.0,11.0
2018-03-11 03:00:00,13.3,9.5,11.9
2018-03-12 03:00:00,13.0,8.5,14.8
2018-03-13 03:00:00,13.5,9.5,14.5
2018-03-14 03:00:00,16.7,11.5,16.4
2018-03-15 03:00:00,17.7,13.0,16.6
2018-03-16 03:00:00,11.0,6.5,11.5
2018-03-17 03:00:00,13.6,9.5,12.0
2018-03-18 03:00:00,12.5,8.5,10.7
2018-03-19 03:00:00,13.2,10.5,12.0
2018-03-20 03:00:00,14.5,11.2,12.9
2018-03-21 03:00:00,16.2,10.5,14.0
2018-03-22 03:00:00,17.2,10.5,15.2
2018-03-23 03:00:00,15.2,11.5,12.9
2018-03-24 03:00:00,15.3,10.8,13.0
2018-03-25 03:00:00,16.2,12.3,14.2
2018-03-26 03:00:00,14.0,9.5,12.5
2018-03-27 03:00:00,14.9,11.0,13.5
2018-03-28 03:00:00,16.2,12.5,15.0
2018-03-29 03:00:00,14.5,10.0,12.0
2018-03-30 03:00:00,14.4,11.2,12.0
2018-03-31 03:00:00,12.9,8.5,12.5
2018-04-01 03:00:00,13.9,10.5,14.2
2018-04-02 03:00:00,16.0,11.5,17.5
2018-04-03 03:00:00,18.0,13.0,17.0
2018-04-04 03:00:00,16.4,11.5,15.0
2018-04-05 03:00:00,14.5,12.0,19.0
2018-04-06 03:00:00,19.5,13.4,18.5
2018-04-07 03:00:00,18.5,12.0,15.0
2018-04-08 03:00:00,15.5,12.5,15.0
2018-04-09 03:00:00,16.9,11.5,16.0
2018-04-10 03:00:00,16.0,10.5,17.5
2018-04-11 03:00:00,16.7,12.6,16.0
2018-04-12 03:00:00,14.5,10.5,14.0
2018-04-13 03:00:00,14.5,10.0,14.0
2018-04-14 03:00:00,13.8,10.3,13.5
2018-04-15 03:00:00,16.5,12.6,17.0
2018-04-16 03:00:00,18.0,13.5,18.0
2018-04-17 03:00:00,18.0,14.0,16.0
2018-04-18 03:00:00,16.2,13.5,16.4
2018-04-19 03:00:00,17.4,12.0,17.2
2018-04-20 03:00:00,16.5,12.0,17.0
2018-04-21 03:00:00,16.4,12.1,17.0
2018-04-22 03:00:00,15.9,12.8,15.0
2018-04-23 03:00:00,17.0,13.5,15.0
2018-04-24 03:00:00,17.2,13.6,15.5
2018-04-25 03:00:00,17.6,13.4,17.5
2018-04-26 03:00:00,19.0,12.5,15.5
2018-04-27 03:00:00,16.5,12.5,16.5
2018-04-28 03:00:00,17.8,12.6,16.5
2018-04-29 03:00:00,17.6,11.5,15.6
2018-04-30 03:00:00,16.8,12.0,17.0
2018-05-01 03:00:00,17.6,12.0,17.8
2018-05-02 03:00:00,18.3,13.5,19.0
2018-05-03 03:00:00,16.8,10.0,17.8
2018-05-04 03:00:00,17.4,12.5,18.0
2018-05-05 03:00:00,18.1,13.0,18.0
2018-05-06 03:00:00,19.7,14.5,20.0
2018-05-07 03:00:00,19.8,14.4,19.5
2018-05-08 03:00:00,19.4,14.5,18.0
2018-05-09 03:00:00,14.5,11.6,15.4
2018-05-10 03:00:00,19.0,12.0,17.9
2018-05-11 03:00:00,16.0,11.7,14.4
2018-05-12 03:00:00,20.6,12.5,20.5
2018-05-13 03:00:00,19.4,15.0,20.5
2018-05-14 03:00:00,17.0,12.5,16.5
2018-05-15 03:00:00,18.5,13.0,18.0
2018-05-16 03:00:00,20.0,14.5,20.3
2018-05-17 03:00:00,18.6,14.4,19.5
2018-05-18 03:00:00,20.4,15.2,20.5
2018-05-19 03:00:00,20.5,15.5,20.6
2018-05-20 03:00:00,19.5,14.5,20.5
2018-05-21 03:00:00,22.0,16.5,21.7
2018-05-22 03:00:00,23.4,18.5,24.0
2018-05-23 03:00:00,23.0,17.6,24.0
2018-05-24 03:00:00,22.0,16.8,23.0
2018-05-25 03:00:00,22.5,17.5,22.0
2018-05-26 03:00:00,18.3,15.5,23.0
2018-05-27 03:00:00,19.3,15.5,20.6
2018-05-28 03:00:00,18.2,14.5,20.5
2018-05-29 03:00:00,18.6,14.0,19.2
2018-05-30 03:00:00,20.0,14.4,18.0
2018-05-31 03:00:00,20.0,15.5,19.2
2018-06-01 03:00:00,19.0,13.5,20.7
2018-06-02 03:00:00,19.6,15.5,19.5
2018-06-03 03:00:00,21.0,15.3,20.0
2018-06-04 03:00:00,23.0,17.7,20.5
2018-06-05 03:00:00,22.5,16.0,22.5
2018-06-06 03:00:00,22.5,17.6,22.0
2018-06-07 03:00:00,24.5,17.2,22.5
2018-06-08 03:00:00,22.0,17.0,24.0
2018-06-09 03:00:00,23.2,17.6,22.5
2018-06-10 03:00:00,23.0,18.3,23.5
2018-06-11 03:00:00,23.2,18.3,23.5
2018-06-12 03:00:00,22.0,17.5,23.5
2018-06-13 03:00:00,23.2,17.6,22.5
2018-06-14 03:00:00,21.3,16.3,22.6
2018-06-15 03:00:00,22.2,17.4,21.5
2018-06-16 03:00:00,22.1,17.0,21.5
2018-06-17 03:00:00,21.8,17.2,22.0
2018-06-18 03:00:00,21.3,17.0,22.0
2018-06-19 03:00:00,22.2,17.5,22.5
2018-06-20 03:00:00,20.4,18.0,22.2
2018-06-21 03:00:00,20.2,16.8,20.5
2018-06-22 03:00:00,21.4,16.0,22.0
2018-06-23 03:00:00,22.4,16.3,22.0
2018-06-24 03:00:00,21.6,17.6,21.0
2018-06-25 03:00:00,22.5,18.0,23.0
2018-06-26 03:00:00,21.8,17.0,21.8
2018-06-27 03:00:00,22.7,17.5,23.0
2018-06-28 03:00:00,23.2,17.5,23.0
2018-06-29 03:00:00,23.3,17.8,23.0
2018-06-30 03:00:00,22.7,17.5,22.2
2018-07-01 03:00:00,21.7,17.0,22.5
2018-07-02 03:00:00,22.5,17.2,22.6
2018-07-03 03:00:00,22.0,17.5,22.5
2018-07-04 03:00:00,22.0,17.8,22.5
2018-07-05 03:00:00,21.8,17.5,20.9
2018-07-06 03:00:00,23.7,18.5,24.3
2018-07-07 03:00:00,23.6,18.6,24.5
2018-07-08 03:00:00,22.9,18.0,19.5
2018-07-09 03:00:00,22.2,18.0,23.0
2018-07-10 03:00:00,22.5,18.5,22.8
2018-07-11 03:00:00,22.3,18.3,23.2
2018-07-12 03:00:00,22.7,17.6,23.0
2018-07-13 03:00:00,22.3,17.5,23.2
2018-07-14 03:00:00,22.8,17.5,23.5
2018-07-15 03:00:00,23.8,17.4,24.0
2018-07-16 03:00:00,22.9,17.2,23.4
2018-07-17 03:00:00,24.4,18.3,25.0
2018-07-18 03:00:00,24.0,18.0,24.0
2018-07-19 03:00:00,24.4,18.3,24.0
2018-07-20 03:00:00,23.4,18.5,24.5
2018-07-21 03:00:00,22.8,18.5,23.0
2018-07-22 03:00:00,23.4,17.5,25.0
2018-07-23 03:00:00,23.0,17.4,23.0
2018-07-24 03:00:00,23.3,19.0,24.0
2018-07-25 03:00:00,23.5,18.5,24.0
2018-07-26 03:00:00,23.4,18.0,23.5
2018-07-27 03:00:00,23.5,18.0,22.6
2018-07-28 03:00:00,23.4,18.4,23.3
2018-07-29 03:00:00,23.0,18.0,23.5
2018-07-30 03:00:00,23.0,18.4,23.3
2018-07-31 03:00:00,23.4,17.6,23.0
2018-08-01 03:00:00,23.0,17.3,22.0
2018-08-02 03:00:00,22.4,17.0,23.5
2018-08-03 03:00:00,22.4,17.5,23.0
2018-08-04 03:00:00,23.5,18.0,24.0
2018-08-05 03:00:00,22.4,17.8,23.0
2018-08-06 03:00:00,22.5,17.5,24.0
2018-08-07 03:00:00,22.2,17.6,22.5
2018-08-08 03:00:00,22.3,17.5,23.0
2018-08-09 03:00:00,23.0,17.5,23.5
2018-08-10 03:00:00,22.8,17.2,23.0
2018-08-11 03:00:00,21.6,17.3,22.0
2018-08-12 03:00:00,23.3,17.8,23.5
2018-08-13 03:00:00,22.9,18.2,23.0
2018-08-14 03:00:00,22.5,17.5,23.2
2018-08-15 03:00:00,22.4,18.0,22.6
2018-08-16 03:00:00,22.5,18.0,22.5
2018-08-17 03:00:00,23.2,18.4,23.6
2018-08-18 03:00:00,23.2,18.0,24.0
2018-08-19 03:00:00,21.5,17.8,22.5
2018-08-20 03:00:00,24.5,19.5,24.7
2018-08-21 03:00:00,23.5,18.0,24.5
2018-08-22 03:00:00,22.8,18.0,23.0
2018-08-23 03:00:00,23.4,18.5,24.0
2018-08-24 03:00:00,23.0,18.5,23.6
2018-08-25 03:00:00,23.0,18.0,23.2
2018-08-26 03:00:00,22.6,18.0,23.0
2018-08-27 03:00:00,23.5,18.0,23.6
2018-08-28 03:00:00,22.5,17.5,23.2
2018-08-29 03:00:00,22.0,17.3,22.5
2018-08-30 03:00:00,22.5,17.5,22.5
2018-08-31 03:00:00,22.0,17.3,22.0
2018-09-01 03:00:00,22.6,17.5,23.0
2018-09-02 03:00:00,23.5,18.0,23.0
2018-09-03 03:00:00,21.5,17.0,22.0
2018-09-04 03:00:00,23.2,17.5,23.0
2018-09-05 03:00:00,23.4,17.6,23.2
2018-09-06 03:00:00,23.5,17.7,23.5
2018-09-07 03:00:00,22.0,16.8,23.0
2018-09-08 03:00:00,24.1,17.5,22.6
2018-09-09 03:00:00,23.4,18.0,23.5
2018-09-10 03:00:00,22.3,18.3,22.2
2018-09-11 03:00:00,20.8,16.5,20.5
2018-09-12 03:00:00,21.2,16.6,21.5
2018-09-13 03:00:00,21.0,16.5,21.5
2018-09-14 03:00:00,21.2,16.0,21.0
2018-09-15 03:00:00,21.4,17.0,21.5
2018-09-16 03:00:00,20.2,15.5,21.5
2018-09-17 03:00:00,21.0,15.4,21.5
2018-09-18 03:00:00,21.0,14.5,21.5
2018-09-19 03:00:00,21.1,15.0,22.5
2018-09-20 03:00:00,20.7,16.0,21.5
2018-09-21 03:00:00,20.5,15.5,20.5
2018-09-22 03:00:00,21.0,16.2,21.0
2018-09-23 03:00:00,20.3,15.5,22.5
2018-09-24 03:00:00,22.4,17.0,22.0
2018-09-25 03:00:00,22.3,16.5,22.0
2018-09-26 03:00:00,22.1,15.5,22.6
2018-09-27 03:00:00,21.5,16.0,21.5
2018-09-28 03:00:00,22.0,17.0,22.6
2018-09-29 03:00:00,22.5,16.6,22.5
2018-09-30 03:00:00,22.8,16.8,21.0
2018-10-01 03:00:00,21.7,16.0,20.0
2018-10-02 03:00:00,19.8,14.0,20.0
2018-10-03 03:00:00,19.9,15.5,19.0
2018-10-04 03:00:00,19.5,13.5,18.5
2018-10-05 03:00:00,17.5,12.8,16.5
2018-10-06 03:00:00,17.4,12.0,15.1
2018-10-07 03:00:00,16.3,12.2,17.7
2018-10-08 03:00:00,13.5,10.0,16.5
2018-10-09 03:00:00,15.5,12.0,16.0
2018-10-10 03:00:00,18.0,12.5,17.5
2018-10-11 03:00:00,17.7,12.5,18.0
2018-10-12 03:00:00,16.3,12.3,17.0
2018-10-13 03:00:00,17.2,13.0,18.5
2018-10-14 03:00:00,17.9,12.0,18.0
2018-10-15 03:00:00,17.2,12.0,18.0
2018-10-16 03:00:00,18.0,12.0,17.0
2018-10-17 03:00:00,18.3,12.8,17.0
2018-10-18 03:00:00,17.4,11.5,16.5
2018-10-19 03:00:00,15.7,10.6,16.0
2018-10-20 03:00:00,16.0,11.4,16.0
2018-10-21 03:00:00,16.4,10.5,16.7
2018-10-22 03:00:00,16.8,10.0,15.5
2018-10-23 03:00:00,15.8,11.0,15.5
2018-10-24 03:00:00,13.2,8.0,12.0
2018-10-25 03:00:00,12.8,8.5,11.5
2018-10-26 03:00:00,11.8,7.5,11.5
2018-10-27 03:00:00,12.7,8.5,11.0
2018-10-28 03:00:00,12.2,9.0,11.3
2018-10-29 03:00:00,12.8,8.0,11.8
2018-10-30 03:00:00,12.8,9.5,12.0
2018-10-31 03:00:00,13.5,10.5,12.5
2018-11-01 03:00:00,13.6,10.5,13.4
2018-11-02 03:00:00,14.4,10.5,13.0
2018-11-03 03:00:00,14.4,10.0,14.5
2018-11-04 03:00:00,12.8,8.8,13.5
2018-11-05 03:00:00,12.4,8.5,13.0
2018-11-06 03:00:00,11.5,8.5,12.0
2018-11-07 03:00:00,11.7,8.5,11.4
2018-11-08 03:00:00,10.5,7.4,10.1
2018-11-09 03:00:00,11.0,8.0,10.2
2018-11-10 03:00:00,12.0,8.5,11.5
2018-11-11 03:00:00,11.7,8.5,11.0
2018-11-12 03:00:00,12.8,8.6,13.0
2018-11-13 03:00:00,13.7,10.5,13.0
2018-11-14 03:00:00,12.3,8.5,13.5
2018-11-15 03:00:00,12.4,8.0,12.0
2018-11-16 03:00:00,11.7,8.5,12.0
2018-11-17 03:00:00,13.1,8.0,13.0
2018-11-18 03:00:00,13.0,9.0,10.5
2018-11-19 03:00:00,11.5,7.8,10.0
2018-11-20 03:00:00,10.6,7.5,12.0
2018-11-21 03:00:00,11.5,8.0,12.0
2018-11-22 03:00:00,14.0,10.0,13.0
2018-11-23 03:00:00,10.8,8.0,11.8
2018-11-24 03:00:00,10.8,8.5,10.5
2018-11-25 03:00:00,11.3,8.3,12.0
2018-11-26 03:00:00,9.5,8.0,9.5
2018-11-27 03:00:00,10.7,7.0,10.5
2018-11-28 03:00:00,11.5,7.5,11.5
2018-11-29 03:00:00,12.2,8.0,10.5
2018-11-30 03:00:00,12.5,8.0,11.5
2018-12-01 03:00:00,12.3,7.5,12.0
2018-12-02 03:00:00,13.0,8.8,12.0
2018-12-03 03:00:00,10.1,6.5,11.5
2018-12-04 03:00:00,10.7,6.5,11.2
2018-12-05 03:00:00,9.9,6.0,10.0
2018-12-06 03:00:00,12.4,8.0,11.5
2018-12-07 03:00:00,10.2,6.0,10.5
2018-12-08 03:00:00,9.2,6.5,10.5
2018-12-09 03:00:00,9.2,5.5,10.5
2018-12-10 03:00:00,8.4,5.0,10.0
2018-12-11 03:00:00,7.5,5.2,7.0
2018-12-12 03:00:00,6.4,3.5,5.8
2018-12-13 03:00:00,9.2,5.0,8.0
2018-12-14 03:00:00,8.5,4.5,6.5
2018-12-15 03:00:00,6.7,4.0,5.5
2018-12-16 03:00:00,6.7,3.8,5.5
2018-12-17 03:00:00,6.5,4.5,5.6
2018-12-18 03:00:00,8.8,6.5,8.5
2018-12-19 03:00:00,10.0,4.0,9.5
2018-12-20 03:00:00,7.5,5.5,8.0
2018-12-21 03:00:00,11.4,5.5,10.7
2018-12-22 03:00:00,8.7,5.0,8.5
2018-12-23 03:00:00,6.4,3.5,5.0
2018-12-24 03:00:00,6.5,4.0,5.5
2018-12-25 03:00:00,6.5,3.5,6.0
2018-12-26 03:00:00,6.5,2.0,6.5
2018-12-27 03:00:00,7.0,3.0,5.7
2018-12-28 03:00:00,6.1,2.0,5.0
2018-12-29 03:00:00,4.4,2.0,4.0
2018-12-30 03:00:00,4.0,2.5,4.5
2018-12-31 03:00:00,4.5,3.5,3.5
2019-01-01 03:00:00,5.3,4.0,4.0
2019-01-02 03:00:00,5.4,3.5,4.5
2019-01-03 03:00:00,4.8,3.0,4.0
2019-01-04 03:00:00,5.0,2.0,4.0
2019-01-05 03:00:00,5.4,3.0,4.0
2019-01-06 03:00:00,5.9,3.5,4.5
2019-01-07 03:00:00,10.0,4.0,4.2
2019-01-08 03:00:00,5.3,3.0,7.5
2019-01-09 03:00:00,7.5,5.5,7.0
2019-01-10 03:00:00,7.8,4.0,6.5
2019-01-11 03:00:00,7.5,4.0,6.0
2019-01-12 03:00:00,6.8,3.8,6.0
2019-01-13 03:00:00,6.9,4.0,5.0
2019-01-14 03:00:00,6.4,4.0,6.0
2019-01-15 03:00:00,6.4,3.5,6.5
2019-01-16 03:00:00,6.7,4.0,7.4
2019-01-17 03:00:00,8.0,5.0,5.5
2019-01-18 03:00:00,6.3,4.5,6.0
2019-01-19 03:00:00,7.7,4.5,6.5
2019-01-20 03:00:00,7.7,5.0,6.5
2019-01-21 03:00:00,8.0,6.0,7.5
2019-01-22 03:00:00,10.2,7.0,10.0
2019-01-23 03:00:00,10.0,4.5,6.8
2019-01-24 03:00:00,5.8,3.0,5.0
2019-01-25 03:00:00,7.1,4.5,6.5
2019-01-26 03:00:00,8.4,1.0,8.0
2019-01-27 03:00:00,8.7,1.0,9.5
2019-01-28 03:00:00,8.2,4.4,7.5
2019-01-29 03:00:00,5.0,2.0,4.0
2019-01-30 03:00:00,4.7,2.0,4.0
2019-01-31 03:00:00,7.7,4.5,7.0
2019-02-01 03:00:00,10.0,7.5,9.5
2019-02-02 03:00:00,7.7,4.5,6.0
2019-02-03 03:00:00,7.7,5.0,6.5
2019-02-04 03:00:00,8.8,5.5,7.5
2019-02-05 03:00:00,9.5,6.0,7.8
2019-02-06 03:00:00,9.8,6.0,13.0
2019-02-07 03:00:00,12.5,7.0,12.0
2019-02-08 03:00:00,10.6,5.5,8.4
2019-02-09 03:00:00,7.2,0.0,8.4
2019-02-10 03:00:00,5.0,1.5,5.0
2019-02-11 03:00:00,8.7,5.0,8.0
2019-02-12 03:00:00,8.7,5.2,7.8
2019-02-13 03:00:00,9.9,7.0,9.5
2019-02-14 03:00:00,11.9,8.3,10.5
2019-02-15 03:00:00,11.5,6.5,11.0
2019-02-16 03:00:00,9.7,5.5,10.5
2019-02-17 03:00:00,7.7,4.5,9.3
2019-02-18 03:00:00,10.2,6.5,11.0
2019-02-19 03:00:00,12.5,6.3,11.5
2019-02-20 03:00:00,11.0,6.5,11.2
2019-02-21 03:00:00,10.8,8.0,10.5
2019-02-22 03:00:00,13.3,10.0,12.0
2019-02-23 03:00:00,13.5,9.2,12.3
2019-02-24 03:00:00,12.5,8.0,12.0
2019-02-25 03:00:00,11.0,5.8,10.0
2019-02-26 03:00:00,11.0,5.0,10.0
2019-02-27 03:00:00,10.0,3.4,10.2
2019-02-28 03:00:00,8.7,3.5,10.1
2019-03-01 03:00:00,6.0,2.0,6.0
2019-03-02 03:00:00,8.3,4.0,7.5
2019-03-03 03:00:00,11.9,6.7,11.0
2019-03-04 03:00:00,10.7,5.5,10.4
2019-03-05 03:00:00,11.3,5.8,11.0
2019-03-06 03:00:00,8.2,5.0,11.1
2019-03-07 03:00:00,11.9,6.5,10.0
2019-03-08 03:00:00,11.2,6.2,11.0
2019-03-09 03:00:00,10.7,5.5,10.5
2019-03-10 03:00:00,11.4,6.5,10.6
2019-03-11 03:00:00,12.5,7.8,11.0
2019-03-12 03:00:00,13.3,8.0,11.0
2019-03-13 03:00:00,13.5,9.5,14.0
2019-03-14 03:00:00,16.5,13.0,13.7
2019-03-15 03:00:00,14.0,8.5,11.0
2019-03-16 03:00:00,13.3,8.5,12.2
2019-03-17 03:00:00,14.3,9.8,12.5
2019-03-18 03:00:00,14.3,9.2,10.6
2019-03-19 03:00:00,12.7,8.0,12.0
2019-03-20 03:00:00,11.2,7.8,11.2
2019-03-21 03:00:00,12.0,7.5,11.8
2019-03-22 03:00:00,13.4,8.0,11.5
2019-03-23 03:00:00,13.5,7.8,12.5
2019-03-24 03:00:00,14.3,9.0,13.5
2019-03-25 03:00:00,16.0,9.0,11.5
2019-03-26 03:00:00,14.6,8.5,12.0
2019-03-27 03:00:00,10.5,9.5,15.5
2019-03-28 03:00:00,12.7,10.3,17.0
2019-03-29 03:00:00,16.9,13.5,15.5
2019-03-30 03:00:00,17.6,12.5,13.0
2019-03-31 03:00:00,16.2,11.5,13.0
2019-04-01 03:00:00,12.5,10.5,12.5
2019-04-02 03:00:00,14.8,8.5,13.5
2019-04-03 03:00:00,17.3,12.8,16.5
2019-04-04 03:00:00,18.7,8.5,18.0
2019-04-05 03:00:00,18.5,13.5,19.0
2019-04-06 03:00:00,18.4,12.0,18.5
2019-04-07 03:00:00,16.4,11.0,16.8
2019-04-08 03:00:00,14.0,9.8,15.6
2019-04-09 03:00:00,17.5,12.1,17.5
2019-04-10 03:00:00,17.2,12.5,16.5
2019-04-11 03:00:00,19.8,14.0,18.0
2019-04-12 03:00:00,20.2,15.3,20.5
2019-04-13 03:00:00,19.2,14.3,17.0
2019-04-14 03:00:00,18.0,13.0,19.0
2019-04-15 03:00:00,17.5,13.3,18.0
2019-04-16 03:00:00,18.0,11.3,18.5
2019-04-17 03:00:00,16.0,11.5,16.5
2019-04-18 03:00:00,14.3,10.0,14.0
2019-04-19 03:00:00,15.7,10.0,14.5
2019-04-20 03:00:00,15.2,10.2,15.5
2019-04-21 03:00:00,18.0,13.2,16.5
2019-04-22 03:00:00,17.2,12.0,15.5
2019-04-23 03:00:00,17.6,12.5,17.3
2019-04-24 03:00:00,18.0,14.0,17.0
2019-04-25 03:00:00,19.7,14.3,18.5
2019-04-26 03:00:00,19.6,14.2,18.0
2019-04-27 03:00:00,19.5,15.5,20.5
2019-04-28 03:00:00,18.3,13.8,19.0
2019-04-29 03:00:00,16.0,16.0,18.5
2019-04-30 03:00:00,17.8,14.5,18.5
2019-05-01 03:00:00,18.0,14.5,17.5
2019-05-02 03:00:00,18.5,13.5,17.5
2019-05-03 03:00:00,19.8,15.5,19.5
2019-05-04 03:00:00,18.7,14.3,17.5
2019-05-05 03:00:00,17.4,15.0,16.0
2019-05-06 03:00:00,17.4,13.4,16.0
2019-05-07 03:00:00,19.3,14.3,16.4
2019-05-08 03:00:00,20.6,15.0,18.5
2019-05-09 03:00:00,21.7,15.0,20.0
2019-05-10 03:00:00,21.7,15.8,20.0
2019-05-11 03:00:00,20.0,15.5,18.2
2019-05-12 03:00:00,18.8,15.0,17.0
2019-05-13 03:00:00,16.8,11.0,15.5
2019-05-14 03:00:00,15.7,11.5,15.0
2019-05-15 03:00:00,15.7,11.5,16.0
2019-05-16 03:00:00,18.8,15.0,17.0
2019-05-17 03:00:00,17.0,12.6,18.0
2019-05-18 03:00:00,18.3,14.5,17.5
2019-05-19 03:00:00,17.2,13.5,17.5
2019-05-20 03:00:00,19.4,15.0,18.5
2019-05-21 03:00:00,17.0,15.0,18.0
2019-05-22 03:00:00,17.4,14.0,17.8
2019-05-23 03:00:00,16.9,13.5,18.1
2019-05-24 03:00:00,18.3,15.0,15.5
2019-05-25 03:00:00,18.0,14.5,18.0
2019-05-26 03:00:00,17.8,14.0,17.0
2019-05-27 03:00:00,14.6,11.0,19.0
2019-05-28 03:00:00,17.0,12.3,19.5
2019-05-29 03:00:00,19.0,15.0,17.0
2019-05-30 03:00:00,19.0,15.2,20.0
2019-05-31 03:00:00,19.5,14.5,20.0
2019-06-01 03:00:00,20.7,16.4,20.0
2019-06-02 03:00:00,20.5,15.5,20.5
2019-06-03 03:00:00,18.8,14.0,19.5
2019-06-04 03:00:00,22.4,17.0,22.0
2019-06-05 03:00:00,21.5,16.2,22.0
2019-06-06 03:00:00,22.7,17.0,22.5
2019-06-07 03:00:00,20.1,14.5,20.5
2019-06-08 03:00:00,21.7,16.0,21.0
2019-06-09 03:00:00,20.7,17.0,21.0
2019-06-10 03:00:00,20.1,15.5,20.5
2019-06-11 03:00:00,20.8,16.0,21.5
2019-06-12 03:00:00,22.8,18.0,23.5
2019-06-13 03:00:00,23.5,18.3,23.0
2019-06-14 03:00:00,21.0,18.0,21.0
2019-06-15 03:00:00,21.4,17.5,21.0
2019-06-16 03:00:00,21.3,18.5,22.5
2019-06-17 03:00:00,20.5,16.5,22.5
2019-06-18 03:00:00,20.3,15.0,20.5
2019-06-19 03:00:00,19.3,14.8,20.3
2019-06-20 03:00:00,22.0,14.5,22.5
2019-06-21 03:00:00,24.0,17.5,20.5
2019-06-22 03:00:00,22.0,17.3,22.0
2019-06-23 03:00:00,20.3,15.0,20.5
2019-06-24 03:00:00,23.6,18.0,23.5
2019-06-25 03:00:00,24.7,19.5,24.5
2019-06-26 03:00:00,21.1,17.5,22.0
2019-06-27 03:00:00,22.2,18.0,23.0
2019-06-28 03:00:00,22.5,18.0,23.5
2019-06-29 03:00:00,22.5,17.0,22.9
2019-06-30 03:00:00,22.3,16.5,23.0
2019-07-01 03:00:00,23.5,17.6,22.4
2019-07-02 03:00:00,22.2,17.8,22.0
2019-07-03 03:00:00,22.4,17.5,24.0
2019-07-04 03:00:00,25.0,18.5,24.5
2019-07-05 03:00:00,22.9,18.0,24.5
2019-07-06 03:00:00,22.9,17.5,23.0
2019-07-07 03:00:00,23.0,17.0,23.5
2019-07-08 03:00:00,23.0,17.8,23.5
2019-07-09 03:00:00,23.6,18.5,24.0
2019-07-10 03:00:00,23.0,17.8,23.1
2019-07-11 03:00:00,23.5,18.5,23.6
2019-07-12 03:00:00,22.2,16.5,22.0
2019-07-13 03:00:00,21.9,16.5,24.5
2019-07-14 03:00:00,21.9,17.0,22.0
2019-07-15 03:00:00,22.2,17.5,22.2
2019-07-16 03:00:00,21.5,17.0,21.5
2019-07-17 03:00:00,22.0,17.2,22.2
2019-07-18 03:00:00,22.7,17.6,23.0
2019-07-19 03:00:00,21.9,18.3,23.5
2019-07-20 03:00:00,23.5,17.6,24.0
2019-07-21 03:00:00,22.8,17.5,22.0
2019-07-22 03:00:00,23.7,18.5,23.0
2019-07-23 03:00:00,23.1,18.0,24.0
2019-07-24 03:00:00,23.8,18.5,23.4
2019-07-25 03:00:00,23.0,17.5,23.3
2019-07-26 03:00:00,22.5,17.5,23.5
2019-07-27 03:00:00,22.8,17.0,22.6
2019-07-28 03:00:00,23.5,17.5,23.0
2019-07-29 03:00:00,24.2,18.0,23.5
2019-07-30 03:00:00,23.5,18.3,24.0
2019-07-31 03:00:00,22.5,17.3,24.0
2019-08-01 03:00:00,22.4,17.5,24.0
2019-08-02 03:00:00,24.4,17.5,24.0
2019-08-03 03:00:00,22.5,17.0,24.5
2019-08-04 03:00:00,24.0,18.5,22.5
2019-08-05 03:00:00,22.5,18.0,24.0
2019-08-06 03:00:00,22.8,17.5,23.0
2019-08-07 03:00:00,24.0,17.8,23.0
2019-08-08 03:00:00,24.5,18.5,23.5
2019-08-09 03:00:00,23.2,18.0,24.6
2019-08-10 03:00:00,24.0,18.5,23.5
2019-08-11 03:00:00,22.2,17.0,23.5
2019-08-12 03:00:00,24.5,19.0,21.5
2019-08-13 03:00:00,23.6,18.0,23.5
2019-08-14 03:00:00,24.5,18.3,23.5
2019-08-15 03:00:00,23.1,18.0,24.0
2019-08-16 03:00:00,23.4,17.5,23.5
2019-08-17 03:00:00,23.5,17.4,23.2
2019-08-18 03:00:00,24.5,17.8,23.0
2019-08-19 03:00:00,22.7,16.7,24.0
2019-08-20 03:00:00,23.0,17.0,22.5
2019-08-21 03:00:00,23.3,18.0,23.5
2019-08-22 03:00:00,21.3,15.5,24.0
2019-08-23 03:00:00,23.8,18.6,24.6
2019-08-24 03:00:00,22.3,17.3,22.0
2019-08-25 03:00:00,22.3,17.0,22.5
2019-08-26 03:00:00,23.2,17.6,23.0
2019-08-27 03:00:00,23.1,17.5,23.1
2019-08-28 03:00:00,24.2,18.3,24.9
2019-08-29 03:00:00,22.5,17.4,23.0
2019-08-30 03:00:00,24.0,18.0,24.0
2019-08-31 03:00:00,24.5,18.4,24.2
2019-09-01 03:00:00,22.7,17.5,22.8
2019-09-02 03:00:00,23.1,18.5,23.5
2019-09-03 03:00:00,22.7,18.3,24.0
2019-09-04 03:00:00,22.0,17.3,22.5
2019-09-05 03:00:00,23.2,18.0,22.6
2019-09-06 03:00:00,22.5,17.0,22.4
2019-09-07 03:00:00,22.0,17.0,22.0
2019-09-08 03:00:00,23.7,17.8,23.5
2019-09-09 03:00:00,23.8,18.0,24.5
2019-09-10 03:00:00,23.4,18.2,23.5
2019-09-11 03:00:00,21.5,17.0,22.5
2019-09-12 03:00:00,22.7,16.8,23.5
2019-09-13 03:00:00,23.0,17.6,23.5
2019-09-14 03:00:00,22.5,17.3,22.5
2019-09-15 03:00:00,22.4,17.6,23.0
2019-09-16 03:00:00,21.4,16.8,21.8
2019-09-17 03:00:00,21.5,16.5,21.5
2019-09-18 03:00:00,20.2,15.0,20.5
2019-09-19 03:00:00,19.4,14.4,19.5
2019-09-20 03:00:00,18.7,13.8,19.5
2019-09-21 03:00:00,20.7,15.2,21.0
2019-09-22 03:00:00,20.3,15.0,20.0
2019-09-23 03:00:00,21.3,16.5,21.9
2019-09-24 03:00:00,21.5,16.5,20.6
2019-09-25 03:00:00,21.0,16.0,21.6
2019-09-26 03:00:00,20.8,15.0,21.0
2019-09-27 03:00:00,20.7,15.5,21.5
2019-09-28 03:00:00,21.2,15.0,20.0
2019-09-29 03:00:00,20.1,14.8,20.5
2019-09-30 03:00:00,20.4,14.5,20.0
2019-10-01 03:00:00,20.3,14.5,21.0
2019-10-02 03:00:00,20.2,15.2,21.0
2019-10-03 03:00:00,19.8,14.5,20.0
2019-10-04 03:00:00,19.7,14.5,20.5
2019-10-05 03:00:00,20.7,15.0,20.5
2019-10-06 03:00:00,20.4,16.0,20.5
2019-10-07 03:00:00,20.4,12.7,20.0
2019-10-08 03:00:00,19.0,14.0,19.4
2019-10-09 03:00:00,17.0,12.0,18.0
2019-10-10 03:00:00,19.1,13.4,20.0
2019-10-11 03:00:00,18.3,13.2,20.5
2019-10-12 03:00:00,19.4,12.5,20.5
2019-10-13 03:00:00,17.8,12.3,20.5
2019-10-14 03:00:00,19.0,13.0,20.0
2019-10-15 03:00:00,19.4,12.8,19.0
2019-10-16 03:00:00,18.3,13.2,18.0
2019-10-17 03:00:00,17.1,12.5,18.0
2019-10-18 03:00:00,18.9,13.8,18.0
2019-10-19 03:00:00,18.2,12.6,18.0
2019-10-20 03:00:00,19.7,13.8,20.0
2019-10-21 03:00:00,17.5,12.5,18.5
2019-10-22 03:00:00,17.6,10.5,17.5
2019-10-23 03:00:00,17.7,11.5,18.5
2019-10-24 03:00:00,14.9,9.4,15.5
2019-10-25 03:00:00,14.3,9.5,14.5
2019-10-26 03:00:00,14.6,8.5,15.0
2019-10-27 03:00:00,15.4,10.0,15.5
2019-10-28 03:00:00,17.7,12.0,17.0
2019-10-29 03:00:00,18.0,11.5,17.5
2019-10-30 03:00:00,16.1,11.3,16.5
2019-10-31 03:00:00,14.7,10.0,14.5
2019-11-01 03:00:00,16.7,10.8,15.5
2019-11-02 03:00:00,15.6,10.0,15.0
2019-11-03 03:00:00,15.9,11.5,15.7
2019-11-04 03:00:00,15.1,11.5,15.0
2019-11-05 03:00:00,13.8,10.0,15.0
2019-11-06 03:00:00,14.1,9.8,14.2
2019-11-07 03:00:00,16.1,11.5,15.0
2019-11-08 03:00:00,15.8,11.7,15.5
2019-11-09 03:00:00,14.8,11.3,15.0
2019-11-10 03:00:00,15.0,11.0,15.0
2019-11-11 03:00:00,17.3,10.8,17.0
2019-11-12 03:00:00,16.0,10.5,16.5
2019-11-13 03:00:00,16.4,11.2,16.0
2019-11-14 03:00:00,16.2,11.0,15.5
2019-11-15 03:00:00,15.2,11.6,14.5
2019-11-16 03:00:00,15.3,11.5,14.8
2019-11-17 03:00:00,16.1,10.0,16.5
2019-11-18 03:00:00,18.0,12.0,17.0
2019-11-19 03:00:00,16.1,10.0,16.0
2019-11-20 03:00:00,16.0,10.5,15.5
2019-11-21 03:00:00,15.0,10.5,15.5
2019-11-22 03:00:00,14.5,9.5,15.5
2019-11-23 03:00:00,14.0,9.5,14.2
2019-11-24 03:00:00,13.5,9.6,14.0
2019-11-25 03:00:00,13.7,10.0,14.0
2019-11-26 03:00:00,14.0,8.5,14.5
2019-11-27 03:00:00,12.6,9.3,13.5
2019-11-28 03:00:00,13.2,9.5,14.0
2019-11-29 03:00:00,13.6,9.2,14.5
2019-11-30 03:00:00,9.2,9.0,10.5
2019-12-01 03:00:00,10.0,7.0,11.0
2019-12-02 03:00:00,11.6,6.0,12.0
2019-12-03 03:00:00,12.0,6.0,11.0
2019-12-04 03:00:00,10.6,6.2,9.3
2019-12-05 03:00:00,8.7,6.5,7.5
2019-12-06 03:00:00,7.5,6.3,9.0
2019-12-07 03:00:00,8.7,6.5,8.0
2019-12-08 03:00:00,8.0,5.3,8.7
2019-12-09 03:00:00,9.0,5.2,10.0
2019-12-10 03:00:00,9.5,6.0,10.0
2019-12-11 03:00:00,9.3,6.4,10.5
2019-12-12 03:00:00,11.4,6.5,11.0
2019-12-13 03:00:00,11.4,4.0,10.0
2019-12-14 03:00:00,9.6,3.5,9.5
2019-12-15 03:00:00,9.3,5.0,7.3
2019-12-16 03:00:00,7.4,3.5,7.3
2019-12-17 03:00:00,6.9,4.0,9.0
2019-12-18 03:00:00,8.5,3.5,9.0
2019-12-19 03:00:00,8.8,4.3,7.5
2019-12-20 03:00:00,6.6,4.5,8.5
2019-12-21 03:00:00,7.2,5.0,8.5
2019-12-22 03:00:00,7.4,5.0,8.6
2019-12-23 03:00:00,8.4,5.0,9.5
2019-12-24 03:00:00,9.4,4.8,8.0
2019-12-25 03:00:00,8.0,3.0,7.0
2019-12-26 03:00:00,6.0,2.5,3.5
2019-12-27 03:00:00,3.2,0.5,4.0
2019-12-28 03:00:00,3.6,1.5,4.0
2019-12-29 03:00:00,3.7,2.5,4.0
2019-12-30 03:00:00,4.7,4.0,3.4
2019-12-31 03:00:00,4.5,4.0,4.5
2020-01-01 03:00:00,5.4,4.8,6.5
2020-01-02 03:00:00,7.5,5.2,6.0
2020-01-03 03:00:00,9.7,2.5,9.0
2020-01-04 03:00:00,7.5,2.3,6.0
2020-01-05 03:00:00,6.8,3.0,7.0
2020-01-06 03:00:00,4.1,1.5,6.5
2020-01-07 03:00:00,7.5,3.5,5.6
2020-01-08 03:00:00,8.4,5.0,5.5
2020-01-09 03:00:00,7.3,3.5,9.0
2020-01-10 03:00:00,8.2,2.0,9.0
2020-01-11 03:00:00,7.8,3.0,9.5
2020-01-12 03:00:00,6.5,4.3,8.0
2020-01-13 03:00:00,6.4,5.0,8.0
2020-01-14 03:00:00,7.7,6.3,7.6
2020-01-15 03:00:00,8.1,6.5,8.0
2020-01-16 03:00:00,12.0,6.3,8.0
2020-01-17 03:00:00,11.3,6.0,10.0
2020-01-18 03:00:00,9.0,3.5,11.5
2020-01-19 03:00:00,5.5,3.5,9.9
2020-01-20 03:00:00,3.8,2.5,7.9
2020-01-21 03:00:00,6.4,3.5,4.0
2020-01-22 03:00:00,5.2,3.5,6.0
2020-01-23 03:00:00,6.3,3.8,6.0
2020-01-24 03:00:00,9.9,2.8,6.5
2020-01-25 03:00:00,7.2,3.0,6.5
2020-01-26 03:00:00,6.8,4.0,7.5
2020-01-27 03:00:00,9.2,3.8,7.5
2020-01-28 03:00:00,7.3,3.5,7.0
2020-01-29 03:00:00,9.3,4.8,8.5
2020-01-30 03:00:00,8.1,3.6,7.5
2020-01-31 03:00:00,6.7,3.8,6.0
2020-02-01 03:00:00,11.0,5.0,10.5
2020-02-02 03:00:00,6.6,2.0,6.5
2020-02-03 03:00:00,7.7,3.4,6.5
2020-02-04 03:00:00,7.2,3.0,6.0
2020-02-05 03:00:00,8.4,3.5,8.0
2020-02-06 03:00:00,7.8,3.5,7.0
2020-02-07 03:00:00,7.2,3.0,5.5
2020-02-08 03:00:00,7.8,4.0,8.0
2020-02-09 03:00:00,5.2,2.0,4.5
2020-02-10 03:00:00,6.5,3.0,4.8
2020-02-11 03:00:00,7.5,4.3,6.0
2020-02-12 03:00:00,8.6,5.2,7.0
2020-02-13 03:00:00,9.5,6.2,7.5
2020-02-14 03:00:00,10.5,7.5,8.0
2020-02-15 03:00:00,11.3,7.3,9.9
2020-02-16 03:00:00,13.0,8.0,12.4
2020-02-17 03:00:00,12.7,8.5,11.8
2020-02-18 03:00:00,11.7,7.5,11.0
2020-02-19 03:00:00,13.3,9.0,12.6
2020-02-20 03:00:00,13.6,8.0,11.5
2020-02-21 03:00:00,13.2,7.0,9.0
2020-02-22 03:00:00,8.1,5.0,6.5
2020-02-23 03:00:00,9.4,6.3,9.0
2020-02-24 03:00:00,9.6,5.5,8.0
2020-02-25 03:00:00,12.7,6.5,9.5
2020-02-26 03:00:00,11.5,5.2,10.5
2020-02-27 03:00:00,11.2,4.5,11.0
2020-02-28 03:00:00,10.3,6.5,11.0
2020-02-29 03:00:00,9.7,6.2,9.2
2020-03-01 03:00:00,11.4,7.5,11.0
2020-03-02 03:00:00,10.7,6.5,9.5
2020-03-03 03:00:00,10.7,6.8,9.5
2020-03-04 03:00:00,10.6,7.0,11.5
2020-03-05 03:00:00,10.6,6.0,9.5
2020-03-06 03:00:00,13.6,6.7,9.5
2020-03-07 03:00:00,11.6,4.5,10.5
2020-03-08 03:00:00,10.2,4.8,9.5
2020-03-09 03:00:00,11.6,6.5,10.5
2020-03-10 03:00:00,15.5,9.5,12.4
2020-03-11 03:00:00,13.4,7.8,12.2
2020-03-12 03:00:00,12.5,8.0,11.8
2020-03-13 03:00:00,14.2,9.5,12.5
2020-03-14 03:00:00,11.3,6.5,11.2
2020-03-15 03:00:00,11.6,6.5,10.2
2020-03-16 03:00:00,10.7,5.0,9.7
2020-03-17 03:00:00,12.0,7.0,10.4
2020-03-18 03:00:00,13.2,8.0,11.5
2020-03-19 03:00:00,12.8,8.0,13.0
2020-03-20 03:00:00,12.6,9.0,10.5
2020-03-21 03:00:00,10.0,6.5,12.2
2020-03-22 03:00:00,12.4,7.0,11.5
2020-03-23 03:00:00,12.2,7.0,11.5
2020-03-24 03:00:00,12.7,8.3,12.0
2020-03-25 03:00:00,16.4,11.5,16.5
2020-03-26 03:00:00,14.9,10.4,16.3
2020-03-27 03:00:00,16.6,12.3,16.6
2020-03-28 03:00:00,17.2,11.5,16.5
2020-03-29 03:00:00,15.5,11.0,14.5
2020-03-30 03:00:00,14.8,9.5,13.5
2020-03-31 03:00:00,15.9,11.5,14.5
2020-04-01 03:00:00,16.6,12.0,15.5
2020-04-02 03:00:00,16.5,8.4,14.0
2020-04-03 03:00:00,14.5,9.5,13.0
2020-04-04 03:00:00,14.5,10.5,12.8
2020-04-05 03:00:00,13.5,9.0,12.0
2020-04-06 03:00:00,15.6,10.2,12.3
2020-04-07 03:00:00,15.8,10.5,13.5
2020-04-08 03:00:00,16.7,12.0,15.0
2020-04-09 03:00:00,15.0,10.5,13.5
2020-04-10 03:00:00,14.7,10.2,12.5
2020-04-11 03:00:00,15.8,10.5,13.5
2020-04-12 03:00:00,15.4,10.8,14.0
2020-04-13 03:00:00,19.5,14.5,17.0
2020-04-14 03:00:00,16.7,12.5,17.0
2020-04-15 03:00:00,15.5,11.2,14.2
2020-04-16 03:00:00,16.0,11.5,16.5
2020-04-17 03:00:00,18.6,12.5,16.0
2020-04-18 03:00:00,16.9,12.5,16.5
2020-04-19 03:00:00,15.7,11.2,16.0
2020-04-20 03:00:00,14.8,10.5,14.0
2020-04-21 03:00:00,15.8,10.0,15.6
2020-04-22 03:00:00,14.0,8.5,15.0
2020-04-23 03:00:00,16.0,10.0,16.0
2020-04-24 03:00:00,14.6,9.3,16.0
2020-04-25 03:00:00,17.3,12.0,18.0
2020-04-26 03:00:00,16.6,11.5,17.4
2020-04-27 03:00:00,16.2,11.0,16.0
2020-04-28 03:00:00,16.5,11.0,16.5
2020-04-29 03:00:00,15.8,11.5,16.5
2020-04-30 03:00:00,18.2,12.6,17.0
2020-05-01 03:00:00,18.5,12.8,19.0
2020-05-02 03:00:00,18.4,13.3,18.5
2020-05-03 03:00:00,19.2,13.8,19.5
2020-05-04 03:00:00,17.6,13.3,19.5
2020-05-05 03:00:00,18.3,13.0,19.5
2020-05-06 03:00:00,15.2,10.5,15.5
2020-05-07 03:00:00,16.4,11.5,16.6
2020-05-08 03:00:00,15.0,9.8,15.0
2020-05-09 03:00:00,18.8,14.0,19.5
2020-05-10 03:00:00,17.0,11.2,16.5
2020-05-11 03:00:00,18.4,14.5,18.3
2020-05-12 03:00:00,17.2,12.0,16.5
2020-05-13 03:00:00,16.3,12.3,16.3
2020-05-14 03:00:00,18.4,14.5,19.3
2020-05-15 03:00:00,21.1,16.0,21.0
2020-05-16 03:00:00,18.7,15.0,19.0
2020-05-17 03:00:00,20.6,15.5,20.2
2020-05-18 03:00:00,20.5,15.2,21.8
2020-05-19 03:00:00,15.6,13.4,17.5
2020-05-20 03:00:00,17.0,13.0,17.3
2020-05-21 03:00:00,20.7,15.0,20.5
2020-05-22 03:00:00,23.3,17.5,23.5
2020-05-23 03:00:00,22.0,15.5,21.5
2020-05-24 03:00:00,20.5,15.5,20.5
2020-05-25 03:00:00,20.0,16.0,20.5
2020-05-26 03:00:00,20.1,15.0,20.5
2020-05-27 03:00:00,18.9,14.5,19.4
2020-05-28 03:00:00,18.2,13.5,18.5
2020-05-29 03:00:00,18.1,13.6,17.0
2020-05-30 03:00:00,18.5,12.8,16.5
2020-05-31 03:00:00,21.1,15.0,21.0
2020-06-01 03:00:00,20.7,15.0,21.0
2020-06-02 03:00:00,19.9,14.0,20.5
2020-06-03 03:00:00,20.3,15.0,21.4
2020-06-04 03:00:00,19.2,14.8,19.5
2020-06-05 03:00:00,19.7,14.5,20.0
2020-06-06 03:00:00,19.7,14.6,19.5
2020-06-07 03:00:00,20.2,15.3,20.5
2020-06-08 03:00:00,19.2,15.0,20.0
2020-06-09 03:00:00,20.8,16.3,21.5
2020-06-10 03:00:00,23.9,17.5,21.5
2020-06-11 03:00:00,23.7,18.0,23.0
2020-06-12 03:00:00,22.3,16.5,23.0
2020-06-13 03:00:00,22.7,16.8,22.6
2020-06-14 03:00:00,22.3,17.0,23.0
2020-06-15 03:00:00,22.4,17.2,23.0
2020-06-16 03:00:00,22.5,17.3,22.5
2020-06-17 03:00:00,22.0,17.6,22.5
2020-06-18 03:00:00,23.7,18.0,23.5
2020-06-19 03:00:00,22.5,17.5,22.5
2020-06-20 03:00:00,22.5,17.3,22.5
2020-06-21 03:00:00,22.0,16.5,22.5
2020-06-22 03:00:00,22.5,17.0,23.0
2020-06-23 03:00:00,23.5,18.0,23.5
2020-06-24 03:00:00,22.7,18.0,22.9
2020-06-25 03:00:00,24.2,18.2,22.5
2020-06-26 03:00:00,23.0,17.4,22.5
2020-06-27 03:00:00,21.8,17.3,24.0
2020-06-28 03:00:00,23.0,14.5,22.5
2020-06-29 03:00:00,22.0,17.3,22.4
2020-06-30 03:00:00,22.1,17.5,23.5
2020-07-01 03:00:00,23.7,18.5,24.0
2020-07-02 03:00:00,24.6,18.3,23.5
2020-07-03 03:00:00,22.5,17.0,23.0
2020-07-04 03:00:00,22.7,17.5,23.5
2020-07-05 03:00:00,23.5,18.0,22.5
2020-07-06 03:00:00,22.5,17.5,23.1
2020-07-07 03:00:00,22.7,17.2,24.0
2020-07-08 03:00:00,23.6,18.5,23.4
2020-07-09 03:00:00,22.9,19.0,22.5
2020-07-10 03:00:00,22.2,18.2,23.0
2020-07-11 03:00:00,22.3,17.6,23.0
2020-07-12 03:00:00,22.0,18.7,22.5
2020-07-13 03:00:00,23.0,18.5,22.0
2020-07-14 03:00:00,22.5,17.5,22.0
2020-07-15 03:00:00,22.7,17.7,23.0
2020-07-16 03:00:00,23.0,18.0,24.0
2020-07-17 03:00:00,23.0,18.5,23.6
2020-07-18 03:00:00,22.8,18.0,23.4
2020-07-19 03:00:00,22.3,17.3,21.5
2020-07-20 03:00:00,22.5,17.0,22.5
2020-07-21 03:00:00,21.5,17.2,21.6
2020-07-22 03:00:00,22.2,16.5,23.0
2020-07-23 03:00:00,22.4,17.5,22.0
2020-07-24 03:00:00,21.5,17.6,23.5
2020-07-25 03:00:00,23.6,18.3,23.5
2020-07-26 03:00:00,23.4,18.5,22.5
2020-07-27 03:00:00,22.3,18.2,22.5
2020-07-28 03:00:00,23.2,18.5,24.2
2020-07-29 03:00:00,22.0,17.5,23.5
2020-07-30 03:00:00,22.7,17.0,22.1
2020-07-31 03:00:00,22.4,18.0,23.0
2020-08-01 03:00:00,22.5,17.8,22.5
2020-08-02 03:00:00,23.4,18.3,24.0
2020-08-03 03:00:00,24.5,19.5,24.8
2020-08-04 03:00:00,23.3,18.5,24.5
2020-08-05 03:00:00,21.8,17.3,22.1
2020-08-06 03:00:00,23.2,18.0,23.5
2020-08-07 03:00:00,24.0,18.6,24.5
2020-08-08 03:00:00,23.7,19.5,24.2
2020-08-09 03:00:00,23.0,18.5,23.5
2020-08-10 03:00:00,22.5,18.0,23.0
2020-08-11 03:00:00,22.8,18.3,23.0
2020-08-12 03:00:00,23.2,18.5,23.5
2020-08-13 03:00:00,22.8,18.0,23.5
2020-08-14 03:00:00,23.5,18.6,24.0
2020-08-15 03:00:00,21.8,17.5,23.5
2020-08-16 03:00:00,23.2,17.6,23.5
2020-08-17 03:00:00,23.9,18.5,23.6
2020-08-18 03:00:00,23.2,19.2,24.0
2020-08-19 03:00:00,23.2,18.0,23.2
2020-08-20 03:00:00,23.2,18.3,23.5
2020-08-21 03:00:00,21.6,16.8,22.5
2020-08-22 03:00:00,23.4,18.2,23.6
2020-08-23 03:00:00,21.7,17.5,22.1
2020-08-24 03:00:00,22.0,17.3,23.0
2020-08-25 03:00:00,22.8,18.0,23.5
2020-08-26 03:00:00,23.8,18.2,24.0
2020-08-27 03:00:00,22.5,17.0,23.0
2020-08-28 03:00:00,22.6,18.2,23.5
2020-08-29 03:00:00,22.5,17.0,23.5
2020-08-30 03:00:00,22.8,18.0,22.5
2020-08-31 03:00:00,23.8,18.2,24.5
2020-09-01 03:00:00,23.0,18.0,24.0
2020-09-02 03:00:00,22.2,18.3,23.0
2020-09-03 03:00:00,22.8,17.5,23.0
2020-09-04 03:00:00,23.2,17.3,23.6
2020-09-05 03:00:00,22.7,18.2,23.0
2020-09-06 03:00:00,22.5,18.2,23.2
2020-09-07 03:00:00,23.4,18.2,22.7
2020-09-08 03:00:00,22.2,18.5,22.5
2020-09-09 03:00:00,22.4,18.0,22.5
2020-09-10 03:00:00,22.1,17.0,22.1
2020-09-11 03:00:00,21.8,17.3,22.6
2020-09-12 03:00:00,22.4,17.5,23.0
2020-09-13 03:00:00,22.2,17.0,23.0
2020-09-14 03:00:00,22.2,18.0,23.5
2020-09-15 03:00:00,22.0,18.2,23.5
2020-09-16 03:00:00,21.6,17.5,21.9
2020-09-17 03:00:00,21.9,17.5,22.2
2020-09-18 03:00:00,21.7,18.0,22.2
2020-09-19 03:00:00,21.8,17.0,23.0
2020-09-20 03:00:00,22.6,18.0,23.5
2020-09-21 03:00:00,22.4,17.6,22.5
2020-09-22 03:00:00,22.0,17.0,22.6
2020-09-23 03:00:00,21.8,16.3,22.0
2020-09-24 03:00:00,20.0,16.0,20.5
2020-09-25 03:00:00,20.0,16.0,21.0
2020-09-26 03:00:00,21.0,16.2,21.0
2020-09-27 03:00:00,21.1,15.8,22.0
2020-09-28 03:00:00,20.4,15.0,21.5
2020-09-29 03:00:00,21.3,16.0,22.5
2020-09-30 03:00:00,21.4,16.5,22.5
2020-10-01 03:00:00,21.2,16.2,21.98333333
2020-10-02 03:00:00,21.5,16.0,21.53333333
2020-10-03 03:00:00,21.0,15.3,20.33333333
2020-10-04 03:00:00,20.0,15.1,20.33333333
2020-10-05 03:00:00,21.4,15.5,20.08333333
2020-10-06 03:00:00,20.4,14.0,19.33333333
2020-10-07 03:00:00,21.0,14.5,19.56666667
2020-10-08 03:00:00,19.4,13.5,19.26666667
2020-10-09 03:00:00,18.6,14.0,19.33333333
2020-10-10 03:00:00,18.5,14.5,19.85
2020-10-11 03:00:00,18.5,14.6,19.43333333
2020-10-12 03:00:00,20.4,15.5,18.88333333
2020-10-13 03:00:00,20.4,15.5,19.16666667
2020-10-14 03:00:00,20.0,15.6,19.41666667
2020-10-15 03:00:00,20.1,14.8,18.98333333
2020-10-16 03:00:00,20.5,15.5,18.53333333
2020-10-17 03:00:00,20.1,15.0,18.28333333
2020-10-18 03:00:00,19.8,15.0,18.2
2020-10-19 03:00:00,20.5,14.8,17.28333333
2020-10-20 03:00:00,19.4,14.5,18.0
2020-10-21 03:00:00,17.5,13.0,18.68333333
2020-10-22 03:00:00,16.8,11.5,17.93333333
2020-10-23 03:00:00,16.7,12.0,18.03333333
2020-10-24 03:00:00,17.0,12.2,16.9
2020-10-25 03:00:00,18.2,12.5,15.75
2020-10-26 03:00:00,18.4,12.6,14.58333333
2020-10-27 03:00:00,16.5,10.5,14.68333333
2020-10-28 03:00:00,14.2,10.0,15.15
2020-10-29 03:00:00,13.6,10.2,15.46666667
2020-10-30 03:00:00,12.6,11.3,14.55
2020-10-31 03:00:00,14.4,12.0,13.75
2020-11-01 03:00:00,14.9,12.7,14.51666667
2020-11-02 03:00:00,16.1,12.5,13.76666667
2020-11-03 03:00:00,17.0,12.3,13.45
2020-11-04 03:00:00,14.8,11.5,14.25
2020-11-05 03:00:00,13.7,10.0,13.6
2020-11-06 03:00:00,13.3,9.5,12.78333333
2020-11-07 03:00:00,14.5,10.5,12.9
2020-11-08 03:00:00,13.2,9.5,13.06666667
2020-11-09 03:00:00,12.1,8.3,12.43333333
2020-11-10 03:00:00,11.2,10.2,12.58333333
2020-11-11 03:00:00,10.0,9.5,12.83333333
2020-11-12 03:00:00,10.7,9.3,13.08333333
2020-11-13 03:00:00,11.2,8.0,13.61666667
2020-11-14 03:00:00,11.4,9.3,13.91666667
2020-11-15 03:00:00,12.2,9.2,13.16666667
2020-11-16 03:00:00,13.6,11.0,12.46666667
2020-11-17 03:00:00,8.7,7.5,12.86666667
2020-11-18 03:00:00,9.5,7.0,12.66666667
2020-11-19 03:00:00,10.2,7.3,12.58333333
2020-11-20 03:00:00,10.8,7.5,12.8
2020-11-21 03:00:00,10.4,7.4,12.66666667
2020-11-22 03:00:00,9.6,5.5,13.25
2020-11-23 03:00:00,9.8,6.2,12.78333333
2020-11-24 03:00:00,9.5,6.8,12.41666667
2020-11-25 03:00:00,10.3,7.5,12.48333333
2020-11-26 03:00:00,11.0,8.3,11.75
2020-11-27 03:00:00,10.5,7.0,11.75
2020-11-28 03:00:00,9.2,7.3,11.75
2020-11-29 03:00:00,8.4,7.5,11.16666667
2020-11-30 03:00:00,9.3,7.3,11.08333333
2020-12-01 03:00:00,9.5,7.0,11.45
2020-12-02 03:00:00,9.3,7.2,11.91666667
2020-12-03 03:00:00,10.3,7.0,11.65
2020-12-04 03:00:00,12.0,7.3,11.06666667
2020-12-05 03:00:00,11.4,7.5,10.75
2020-12-06 03:00:00,11.4,7.3,10.36666667
2020-12-07 03:00:00,11.4,7.0,9.916666667
2020-12-08 03:00:00,12.8,7.2,10.01666667
2020-12-09 03:00:00,10.8,7.0,10.46666667
2020-12-10 03:00:00,10.5,7.2,9.9
2020-12-11 03:00:00,12.0,6.5,9.633333333
2020-12-12 03:00:00,13.5,8.0,9.6
2020-12-13 03:00:00,8.8,7.2,9.383333333
2020-12-14 03:00:00,7.6,5.5,8.5
2020-12-15 03:00:00,7.1,5.0,7.75
2020-12-16 03:00:00,6.8,4.3,7.2
2020-12-17 03:00:00,6.6,4.0,7.6
2020-12-18 03:00:00,6.4,4.0,8.05
2020-12-19 03:00:00,5.2,3.2,8.316666667
2020-12-20 03:00:00,8.7,4.5,7.666666667
2020-12-21 03:00:00,6.0,4.5,8.2
2020-12-22 03:00:00,6.3,5.0,8.016666667
2020-12-23 03:00:00,7.1,4.8,7.083333333
2020-12-24 03:00:00,6.3,5.0,8.15
2020-12-25 03:00:00,6.4,4.5,6.416666667
2020-12-26 03:00:00,6.0,4.8,6.05
2020-12-27 03:00:00,6.0,3.8,6.033333333
2020-12-28 03:00:00,6.3,3.5,6.066666667
2020-12-29 03:00:00,6.1,1.8,5.8
2020-12-30 03:00:00,5.8,1.6,5.816666667
2020-12-31 03:00:00,4.4,3.5,5.633333333
2021-01-01 03:00:00,4.4,4.5,5.4
2021-01-02 03:00:00,5.3,4.0,5.0
2021-01-03 03:00:00,6.5,5.2,4.8
2021-01-04 03:00:00,11.4,9.3,6.5
2021-01-05 03:00:00,11.0,11.5,10.0
2021-01-06 03:00:00,8.2,7.6,9.5
2021-01-07 03:00:00,9.1,8.0,8.0
2021-01-08 03:00:00,9.2,7.3,8.0
2021-01-09 03:00:00,9.6,7.0,9.5
2021-01-10 03:00:00,9.0,7.0,9.4
2021-01-11 03:00:00,8.4,6.8,9.5
2021-01-12 03:00:00,13.3,6.5,13.0
2021-01-13 03:00:00,7.5,4.5,9.0
2021-01-14 03:00:00,7.7,7.4,9.0
2021-01-15 03:00:00,9.0,4.8,9.5
2021-01-16 03:00:00,9.3,5.5,10.4
2021-01-17 03:00:00,10.0,6.0,5.0
2021-01-18 03:00:00,6.7,5.2,9.0
2021-01-19 03:00:00,9.4,7.0,9.5
2021-01-20 03:00:00,10.3,7.3,10.5
2021-01-21 03:00:00,10.2,5.5,8.0
2021-01-22 03:00:00,7.5,5.3,8.5
2021-01-23 03:00:00,7.4,5.0,8.0
2021-01-24 03:00:00,7.2,4.5,8.0
2021-01-25 03:00:00,7.3,4.2,6.5
2021-01-26 03:00:00,7.0,4.0,6.5
2021-01-27 03:00:00,6.1,3.5,6.0
2021-01-28 03:00:00,5.9,4.3,6.5
2021-01-29 03:00:00,5.6,3.4,6.4
2021-01-30 03:00:00,5.6,3.0,5.0
2021-01-31 03:00:00,5.4,3.2,9.0
2021-02-01 03:00:00,6.8,3.5,5.5
2021-02-02 03:00:00,7.0,3.6,5.0
2021-02-03 03:00:00,7.3,5.0,4.5
2021-02-04 03:00:00,7.2,4.5,6.0
2021-02-05 03:00:00,9.4,5.0,7.5
2021-02-06 03:00:00,6.5,3.5,7.0
2021-02-07 03:00:00,5.1,3.0,5.0
2021-02-08 03:00:00,6.6,4.7,5.5
2021-02-09 03:00:00,8.1,7.0,6.0
2021-02-10 03:00:00,9.0,7.2,6.5
2021-02-11 03:00:00,9.2,5.3,7.6
2021-02-12 03:00:00,10.6,8.0,9.5
2021-02-13 03:00:00,10.0,7.0,9.5
2021-02-14 03:00:00,12.4,8.5,10.0
2021-02-15 03:00:00,10.4,7.0,9.5
2021-02-16 03:00:00,8.2,4.8,7.0
2021-02-17 03:00:00,8.5,5.2,7.5
2021-02-18 03:00:00,10.1,5.0,8.5
2021-02-19 03:00:00,9.6,5.3,7.5
2021-02-20 03:00:00,9.5,6.0,7.0
2021-02-21 03:00:00,10.1,7.8,8.5
2021-02-22 03:00:00,10.5,8.0,13.0
2021-02-23 03:00:00,12.8,9.2,11.5
2021-02-24 03:00:00,12.8,9.5,11.0
2021-02-25 03:00:00,13.4,9.3,12.8
2021-02-26 03:00:00,14.4,10.0,14.0
2021-02-27 03:00:00,16.5,10.2,16.5
2021-02-28 03:00:00,16.4,11.3,17.0
2021-03-01 03:00:00,15.2,10.0,14.5
2021-03-02 03:00:00,13.5,8.5,12.5
2021-03-03 03:00:00,11.7,8.2,10.5
2021-03-04 03:00:00,13.5,9.0,11.5
2021-03-05 03:00:00,13.4,8.5,12.5
2021-03-06 03:00:00,11.4,8.5,11.0
2021-03-07 03:00:00,13.7,9.3,12.5
2021-03-08 03:00:00,12.4,8.5,12.5
2021-03-09 03:00:00,12.9,9.0,11.5
2021-03-10 03:00:00,14.2,10.6,14.0
2021-03-11 03:00:00,11.1,9.0,13.0
2021-03-12 03:00:00,11.8,9.4,11.4
2021-03-13 03:00:00,14.7,7.8,11.5
2021-03-14 03:00:00,12.5,8.0,11.5
2021-03-15 03:00:00,15.0,11.0,12.0
2021-03-16 03:00:00,16.0,10.8,14.5
2021-03-17 03:00:00,14.3,10.0,11.8
2021-03-18 03:00:00,14.4,10.5,13.6
2021-03-19 03:00:00,13.3,10.3,12.5
2021-03-20 03:00:00,15.8,11.2,14.5
2021-03-21 03:00:00,12.2,9.0,11.0
2021-03-22 03:00:00,14.7,10.3,13.6
2021-03-23 03:00:00,16.5,12.4,11.0
2021-03-24 03:00:00,15.9,10.5,11.0
2021-03-25 03:00:00,13.1,10.0,14.4
2021-03-26 03:00:00,14.0,10.0,11.5
2021-03-27 03:00:00,14.6,11.3,12.0
2021-03-28 03:00:00,15.5,11.6,13.5
2021-03-29 03:00:00,16.4,12.4,13.5
2021-03-30 03:00:00,15.2,11.3,15.5
2021-03-31 03:00:00,15.8,12.0,14.0
2021-04-01 03:00:00,16.9,12.0,14.0
2021-04-02 03:00:00,12.6,8.5,13.5
2021-04-03 03:00:00,13.7,9.4,12.0
2021-04-04 03:00:00,13.2,9.8,11.5
2021-04-05 03:00:00,13.5,12.0,11.0
2021-04-06 03:00:00,14.3,11.4,11.5
2021-04-07 03:00:00,13.3,11.6,12.0
2021-04-08 03:00:00,15.5,12.5,12.5
2021-04-09 03:00:00,15.2,11.6,14.5
2021-04-10 03:00:00,14.6,11.2,14.0
2021-04-11 03:00:00,16.2,11.3,13.0
2021-04-12 03:00:00,17.3,13.0,13.5
2021-04-13 03:00:00,16.0,12.5,14.9
2021-04-14 03:00:00,14.0,12.8,13.0
2021-04-15 03:00:00,16.6,14.0,13.0
2021-04-16 03:00:00,13.5,10.5,18.5
2021-04-17 03:00:00,16.2,11.4,15.5
2021-04-18 03:00:00,14.0,11.2,15.5
2021-04-19 03:00:00,12.5,10.0,14.0
2021-04-20 03:00:00,16.0,12.0,13.5
2021-04-21 03:00:00,19.4,11.5,12.5
2021-04-22 03:00:00,15.0,9.3,14.0
2021-04-23 03:00:00,12.5,9.5,15.0
2021-04-24 03:00:00,16.7,12.0,12.0
2021-04-25 03:00:00,15.6,12.5,16.5
2021-04-26 03:00:00,16.9,12.8,13.5
2021-04-27 03:00:00,18.5,14.0,14.5
2021-04-28 03:00:00,18.5,14.3,15.8
2021-04-29 03:00:00,18.2,14.5,16.0
2021-04-30 03:00:00,17.0,13.0,15.4
2021-05-01 03:00:00,19.5,14.0,18.5
2021-05-02 03:00:00,18.4,13.0,18.0
2021-05-03 03:00:00,18.2,13.5,17.6
2021-05-04 03:00:00,16.2,12.5,17.6
2021-05-05 03:00:00,18.7,13.0,18.5
2021-05-06 03:00:00,17.0,11.5,20.5
2021-05-07 03:00:00,19.0,13.2,16.7
2021-05-08 03:00:00,16.5,12.5,19.0
2021-05-09 03:00:00,15.5,10.8,17.0
2021-05-10 03:00:00,18.5,13.0,16.3
2021-05-11 03:00:00,15.9,12.0,18.0
2021-05-12 03:00:00,17.2,12.0,17.0
2021-05-13 03:00:00,16.9,11.5,16.5
2021-05-14 03:00:00,17.8,11.3,17.0
2021-05-15 03:00:00,18.0,13.5,18.0
2021-05-16 03:00:00,18.5,13.6,17.5
2021-05-17 03:00:00,20.2,15.5,17.0
2021-05-18 03:00:00,22.0,15.0,17.5
2021-05-19 03:00:00,21.0,15.5,16.7
2021-05-20 03:00:00,20.0,14.3,16.0
2021-05-21 03:00:00,18.0,14.5,18.0
2021-05-22 03:00:00,21.0,14.8,19.5
2021-05-23 03:00:00,21.0,15.0,21.5
2021-05-24 03:00:00,22.8,17.0,22.8
2021-05-25 03:00:00,23.0,17.3,22.5
2021-05-26 03:00:00,20.9,15.5,21.5
2021-05-27 03:00:00,20.9,16.0,21.0
2021-05-28 03:00:00,21.0,16.0,20.6
2021-05-29 03:00:00,19.4,14.5,19.5
2021-05-30 03:00:00,18.6,14.8,19.4
2021-05-31 03:00:00,22.6,17.5,22.5
2021-06-01 03:00:00,21.0,15.5,21.4
2021-06-02 03:00:00,20.2,14.5,20.5
2021-06-03 03:00:00,19.7,14.6,20.5
2021-06-04 03:00:00,21.2,16.5,20.5
2021-06-05 03:00:00,21.4,16.7,20.5
2021-06-06 03:00:00,19.9,16.2,20.5
2021-06-07 03:00:00,21.2,17.5,20.0
2021-06-08 03:00:00,19.2,16.0,20.0
2021-06-09 03:00:00,21.0,16.7,20.0
2021-06-10 03:00:00,21.1,17.0,20.0
2021-06-11 03:00:00,22.1,17.3,20.5
2021-06-12 03:00:00,21.0,16.0,22.5
2021-06-13 03:00:00,21.1,16.4,21.0
2021-06-14 03:00:00,21.9,17.0,20.5
2021-06-15 03:00:00,20.8,16.0,20.5
2021-06-16 03:00:00,20.0,15.4,20.5
2021-06-17 03:00:00,20.8,16.5,21.5
2021-06-18 03:00:00,21.8,17.3,22.5
2021-06-19 03:00:00,21.9,17.5,22.5
2021-06-20 03:00:00,21.6,17.0,22.0
2021-06-21 03:00:00,22.0,16.3,22.5
2021-06-22 03:00:00,24.0,18.6,24.5
2021-06-23 03:00:00,20.7,16.5,21.5
2021-06-24 03:00:00,21.0,17.0,22.0
2021-06-25 03:00:00,21.0,16.2,22.0
2021-06-26 03:00:00,21.5,17.0,22.5
2021-06-27 03:00:00,22.0,16.5,23.5
2021-06-28 03:00:00,22.4,17.3,23.4
2021-06-29 03:00:00,22.4,18.6,22.6
2021-06-30 03:00:00,22.9,18.5,23.0
2021-07-01 03:00:00,23.3,18.6,22.5
2021-07-02 03:00:00,22.3,18.0,22.5
2021-07-03 03:00:00,22.0,17.5,22.5
2021-07-04 03:00:00,21.2,17.0,21.5
2021-07-05 03:00:00,22.0,17.0,22.5
2021-07-06 03:00:00,22.5,17.5,22.3
2021-07-07 03:00:00,21.7,18.0,22.5
2021-07-08 03:00:00,22.5,18.2,2.7
2021-07-09 03:00:00,22.5,17.5,23.2
2021-07-10 03:00:00,24.2,18.0,24.0
2021-07-11 03:00:00,22.1,17.6,22.0
2021-07-12 03:00:00,22.1,17.0,22.0
2021-07-13 03:00:00,22.3,17.4,24.0
2021-07-14 03:00:00,23.0,17.2,22.5
2021-07-15 03:00:00,22.3,17.5,23.0
2021-07-16 03:00:00,22.6,17.6,23.5
2021-07-17 03:00:00,21.8,17.5,22.5
2021-07-18 03:00:00,22.4,18.0,22.6
2021-07-19 03:00:00,22.8,17.5,23.0
2021-07-20 03:00:00,22.7,18.0,23.5
2021-07-21 03:00:00,22.6,18.3,22.5
2021-07-22 03:00:00,22.3,17.6,23.5
2021-07-23 03:00:00,22.4,17.5,23.0
2021-07-24 03:00:00,24.4,18.5,24.6
2021-07-25 03:00:00,24.4,18.4,24.9
2021-07-26 03:00:00,22.8,17.5,23.5
2021-07-27 03:00:00,22.8,18.0,23.5
2021-07-28 03:00:00,22.6,17.0,22.6
2021-07-29 03:00:00,22.2,17.5,22.5
2021-07-30 03:00:00,22.4,17.0,23.0
2021-07-31 03:00:00,22.8,17.5,23.5
2021-08-01 03:00:00,23.1,18.6,23.5
2021-08-02 03:00:00,24.1,18.4,24.0
2021-08-03 03:00:00,24.4,18.5,23.7
2021-08-04 03:00:00,22.6,18.0,24.0
2021-08-05 03:00:00,21.6,16.6,23.5
2021-08-06 03:00:00,24.6,19.0,24.5
2021-08-07 03:00:00,23.5,17.0,24.3
2021-08-08 03:00:00,23.3,18.0,23.5
2021-08-09 03:00:00,22.7,18.0,23.5
2021-08-10 03:00:00,23.5,18.0,24.0
2021-08-11 03:00:00,24.5,19.0,24.0
2021-08-12 03:00:00,23.4,18.8,23.5
2021-08-13 03:00:00,22.7,18.0,23.6
2021-08-14 03:00:00,23.5,18.4,24.0
2021-08-15 03:00:00,22.5,18.2,23.5
2021-08-16 03:00:00,22.5,18.0,23.2
2021-08-17 03:00:00,22.8,18.0,23.1
2021-08-18 03:00:00,22.5,17.6,23.0
2021-08-19 03:00:00,22.2,17.0,22.0
2021-08-20 03:00:00,22.2,17.0,22.6
2021-08-21 03:00:00,22.2,17.5,23.6
2021-08-22 03:00:00,23.0,18.0,23.2
2021-08-23 03:00:00,22.3,18.2,22.5
2021-08-24 03:00:00,22.0,16.0,22.5
2021-08-25 03:00:00,22.6,17.8,23.0
2021-08-26 03:00:00,23.3,19.4,22.9
2021-08-27 03:00:00,21.7,17.0,22.0
2021-08-28 03:00:00,21.8,17.3,22.5
2021-08-29 03:00:00,21.4,16.5,22.0
2021-08-30 03:00:00,20.4,16.0,21.5
2021-08-31 03:00:00,21.5,17.0,22.0
2021-09-01 03:00:00,22.2,17.2,23.0
2021-09-02 03:00:00,20.9,16.3,22.0
2021-09-03 03:00:00,21.4,16.6,22.0
2021-09-04 03:00:00,21.4,16.8,23.6
2021-09-05 03:00:00,22.4,17.3,23.5
2021-09-06 03:00:00,23.2,17.5,23.0
2021-09-07 03:00:00,22.0,17.0,22.0
2021-09-08 03:00:00,21.9,16.0,21.0
2021-09-09 03:00:00,22.5,17.0,22.5
2021-09-10 03:00:00,22.5,17.0,22.4
2021-09-11 03:00:00,21.4,16.8,22.0
2021-09-12 03:00:00,22.5,16.0,23.0
2021-09-13 03:00:00,22.0,16.0,22.6
2021-09-14 03:00:00,23.0,17.4,22.5
2021-09-15 03:00:00,22.2,16.5,22.7
2021-09-16 03:00:00,21.0,15.3,21.5
2021-09-17 03:00:00,20.0,15.0,20.0
2021-09-18 03:00:00,20.6,15.3,21.5
2021-09-19 03:00:00,21.7,17.0,22.5
2021-09-20 03:00:00,22.8,17.5,22.5
2021-09-21 03:00:00,21.4,16.4,21.5
2021-09-22 03:00:00,20.8,16.2,21.5
2021-09-23 03:00:00,20.5,16.0,21.5
2021-09-24 03:00:00,22.1,17.0,22.5
2021-09-25 03:00:00,22.6,17.6,23.0
2021-09-26 03:00:00,22.1,16.5,22.5
2021-09-27 03:00:00,20.8,16.0,21.0
2021-09-28 03:00:00,20.8,16.3,21.0
2021-09-29 03:00:00,20.1,15.5,21.2
2021-09-30 03:00:00,21.2,16.6,21.0
2021-10-01 03:00:00,20.8,16.0,23.0
2021-10-02 03:00:00,22.0,16.5,22.5
2021-10-03 03:00:00,19.5,15.0,20.5
2021-10-04 03:00:00,21.2,15.2,21.5
2021-10-05 03:00:00,20.8,16.0,21.5
2021-10-06 03:00:00,21.8,15.5,22.0
2021-10-07 03:00:00,21.4,16.8,21.5
2021-10-08 03:00:00,21.0,16.0,21.5
2021-10-09 03:00:00,21.2,17.0,22.0
2021-10-10 03:00:00,21.7,16.3,21.5
2021-10-11 03:00:00,20.8,15.0,21.5
2021-10-12 03:00:00,19.5,14.3,20.0
2021-10-13 03:00:00,18.8,15.0,19.5
2021-10-14 03:00:00,18.8,14.5,18.5
2021-10-15 03:00:00,18.2,15.0,18.5
2021-10-16 03:00:00,18.7,15.5,19.0
2021-10-17 03:00:00,20.6,16.0,19.5
2021-10-18 03:00:00,20.5,15.5,20.3
2021-10-19 03:00:00,19.3,15.0,19.5
2021-10-20 03:00:00,19.6,15.6,19.5
2021-10-21 03:00:00,18.8,15.4,19.5
2021-10-22 03:00:00,19.8,14.5,20.0
2021-10-23 03:00:00,20.4,14.3,20.5
2021-10-24 03:00:00,19.4,13.5,20.5
2021-10-25 03:00:00,16.2,10.4,17.5
2021-10-26 03:00:00,15.2,10.8,16.5
2021-10-27 03:00:00,15.5,10.3,15.5
2021-10-28 03:00:00,16.2,10.0,15.5
2021-10-29 03:00:00,16.7,10.0,16.5
2021-10-30 03:00:00,15.0,10.7,15.5
2021-10-31 03:00:00,16.7,12.0,15.0
2021-11-01 03:00:00,16.4,12.0,17.0
2021-11-02 03:00:00,14.0,9.0,14.5
2021-11-03 03:00:00,13.9,8.5,9.5
2021-11-04 03:00:00,14.7,8.6,15.5
2021-11-05 03:00:00,12.8,8.5,14.5
2021-11-06 03:00:00,13.5,8.6,15.0
2021-11-07 03:00:00,13.5,8.5,15.0
2021-11-08 03:00:00,14.0,9.8,14.5
2021-11-09 03:00:00,12.5,9.3,11.5
2021-11-10 03:00:00,12.0,8.5,11.0
2021-11-11 03:00:00,11.5,8.0,11.0
2021-11-12 03:00:00,10.7,8.3,11.0
2021-11-13 03:00:00,12.2,8.0,13.0
2021-11-14 03:00:00,12.8,8.0,13.0
2021-11-15 03:00:00,13.0,9.0,12.0
2021-11-16 03:00:00,11.7,7.0,11.0
2021-11-17 03:00:00,12.0,8.0,12.0
2021-11-18 03:00:00,12.2,7.5,12.0
2021-11-19 03:00:00,12.9,10.0,12.0
2021-11-20 03:00:00,13.0,9.8,13.5
2021-11-21 03:00:00,12.3,9.0,14.0
2021-11-22 03:00:00,13.5,10.0,13.0
2021-11-23 03:00:00,15.2,10.3,14.0
2021-11-24 03:00:00,13.5,9.5,14.0
2021-11-25 03:00:00,13.5,9.0,13.5
2021-11-26 03:00:00,13.7,9.0,13.5
2021-11-27 03:00:00,11.5,7.5,11.5
2021-11-28 03:00:00,10.0,6.5,11.5
2021-11-29 03:00:00,10.0,7.0,11.0
2021-11-30 03:00:00,11.0,7.3,12.0
2021-12-01 03:00:00,10.2,8.0,11.5
2021-12-02 03:00:00,13.0,10.2,12.0
2021-12-03 03:00:00,14.3,10.5,12.0
2021-12-04 03:00:00,11.2,9.2,13.0
2021-12-05 03:00:00,13.1,9.0,13.5
2021-12-06 03:00:00,12.4,10.0,12.5
2021-12-07 03:00:00,10.6,7.0,11.5
2021-12-08 03:00:00,10.3,7.4,11.0
2021-12-09 03:00:00,10.2,7.0,11.0
2021-12-10 03:00:00,9.4,6.5,10.0
2021-12-11 03:00:00,9.2,6.0,10.5
2021-12-12 03:00:00,8.5,6.3,10.0
2021-12-13 03:00:00,5.9,5.0,9.0
2021-12-14 03:00:00,8.0,6.0,7.5
2021-12-15 03:00:00,6.7,4.5,6.8
2021-12-16 03:00:00,7.0,4.0,8.5
2021-12-17 03:00:00,8.4,5.8,8.5
2021-12-18 03:00:00,8.5,5.5,9.0
2021-12-19 03:00:00,5.8,3.0,7.0
2021-12-20 03:00:00,5.2,3.2,5.0
2021-12-21 03:00:00,6.2,3.0,5.5
2021-12-22 03:00:00,4.8,3.2,4.5
2021-12-23 03:00:00,5.2,6.5,4.5
2021-12-24 03:00:00,5.7,6.0,5.5
2021-12-25 03:00:00,5.7,5.0,5.0
2021-12-26 03:00:00,7.1,5.0,6.3
2021-12-27 03:00:00,7.5,3.0,8.0
2021-12-28 03:00:00,6.9,2.0,7.5
2021-12-29 03:00:00,10.0,3.0,10.0
2021-12-30 03:00:00,9.1,3.0,9.5
2021-12-31 03:00:00,6.7,2.6,8.2
2022-01-01 03:00:00,8.1,4.5,9.0
2022-01-02 03:00:00,6.7,4.0,8.0
2022-01-03 03:00:00,6.8,5.0,7.5
2022-01-04 03:00:00,7.2,5.2,8.0
2022-01-05 03:00:00,8.4,6.2,9.0
2022-01-06 03:00:00,10.9,7.0,8.5
2022-01-07 03:00:00,10.6,6.5,11.0
2022-01-08 03:00:00,11.2,8.0,12.5
2022-01-09 03:00:00,10.7,7.5,12.0
2022-01-10 03:00:00,9.3,6.3,12.0
2022-01-11 03:00:00,8.8,5.4,9.5
2022-01-12 03:00:00,9.4,5.5,9.8
2022-01-13 03:00:00,7.2,3.0,7.5
2022-01-14 03:00:00,6.5,3.5,7.5
2022-01-15 03:00:00,8.1,3.8,9.0
2022-01-16 03:00:00,7.2,4.0,9.0
2022-01-17 03:00:00,7.4,4.5,9.0
2022-01-18 03:00:00,6.7,5.0,6.5
2022-01-19 03:00:00,8.2,4.5,9.0
2022-01-20 03:00:00,11.6,6.3,10.5
2022-01-21 03:00:00,9.1,4.5,9.5
2022-01-22 03:00:00,8.7,4.0,9.5
2022-01-23 03:00:00,6.8,3.0,9.0
2022-01-24 03:00:00,10.0,5.0,10.0
2022-01-25 03:00:00,7.5,2.8,9.5
2022-01-26 03:00:00,8.0,4.3,8.0
2022-01-27 03:00:00,4.5,1.2,8.0
2022-01-28 03:00:00,6.7,1.6,7.5
2022-01-29 03:00:00,5.2,2.5,6.6
2022-01-30 03:00:00,6.1,3.0,6.5
2022-01-31 03:00:00,7.4,3.5,6.5
2022-02-01 03:00:00,6.8,4.0,6.5
2022-02-02 03:00:00,6.5,2.5,6.5
2022-02-03 03:00:00,7.5,4.3,8.5
2022-02-04 03:00:00,8.6,2.0,9.0
2022-02-05 03:00:00,7.6,1.2,8.7
2022-02-06 03:00:00,7.4,2.0,8.0
2022-02-07 03:00:00,7.4,3.5,8.0
2022-02-08 03:00:00,10.5,5.2,7.5
2022-02-09 03:00:00,9.6,5.2,10.0
2022-02-10 03:00:00,9.4,3.2,9.5
2022-02-11 03:00:00,8.2,3.8,9.8
2022-02-12 03:00:00,6.4,3.5,9.0
2022-02-13 03:00:00,8.6,4.3,7.5
2022-02-14 03:00:00,7.5,4.5,7.5
2022-02-15 03:00:00,9.5,6.3,8.5
2022-02-16 03:00:00,8.2,4.5,7.5
2022-02-17 03:00:00,8.2,5.2,8.4
2022-02-18 03:00:00,8.5,5.0,8.0
2022-02-19 03:00:00,11.0,6.3,10.0
2022-02-20 03:00:00,7.4,3.2,8.0
2022-02-21 03:00:00,6.0,1.5,6.5
2022-02-22 03:00:00,7.5,4.0,6.5
2022-02-23 03:00:00,8.1,4.5,9.0
2022-02-24 03:00:00,10.0,7.3,10.0
2022-02-25 03:00:00,10.7,6.5,10.6
2022-02-26 03:00:00,8.4,4.0,10.5
2022-02-27 03:00:00,9.4,5.5,8.0
2022-02-28 03:00:00,10.1,6.2,9.5
2022-03-01 03:00:00,11.0,7.3,10.0
2022-03-02 03:00:00,11.0,7.2,10.0
2022-03-03 03:00:00,11.5,7.6,10.7
2022-03-04 03:00:00,11.0,6.5,10.0
2022-03-05 03:00:00,11.4,7.6,11.0
2022-03-06 03:00:00,12.8,8.7,10.6
2022-03-07 03:00:00,13.8,9.8,12.5
2022-03-08 03:00:00,12.5,10.0,11.5
2022-03-09 03:00:00,12.5,10.0,12.0
2022-03-10 03:00:00,13.4,10.4,12.5
2022-03-11 03:00:00,14.2,9.0,12.7
2022-03-12 03:00:00,13.8,10.0,12.5
2022-03-13 03:00:00,14.4,11.0,13.5
2022-03-14 03:00:00,15.5,11.8,14.1
2022-03-15 03:00:00,16.2,13.0,13.7
2022-03-16 03:00:00,16.6,13.0,15.5
2022-03-17 03:00:00,17.4,13.5,16.6
2022-03-18 03:00:00,17.7,14.6,17.0
2022-03-19 03:00:00,17.5,14.5,16.5
2022-03-20 03:00:00,18.5,14.6,16.9
2022-03-21 03:00:00,17.8,14.0,17.5
2022-03-22 03:00:00,17.0,13.0,16.0
2022-03-23 03:00:00,17.4,12.0,17.9
2022-03-24 03:00:00,15.5,10.5,14.5
2022-03-25 03:00:00,14.7,11.3,14.6
2022-03-26 03:00:00,16.3,11.8,15.0
2022-03-27 03:00:00,17.0,13.0,15.6
2022-03-28 03:00:00,19.5,14.5,18.5
2022-03-29 03:00:00,20.5,14.3,19.5
2022-03-30 03:00:00,19.4,14.5,20.0
2022-03-31 03:00:00,20.2,15.0,20.0
2022-04-01 03:00:00,20.6,14.8,20.0
2022-04-02 03:00:00,21.6,16.3,21.5
2022-04-03 03:00:00,20.4,16.0,21.0
2022-04-04 03:00:00,18.4,14.0,19.5
2022-04-05 03:00:00,19.0,14.2,18.3
2022-04-06 03:00:00,19.5,15.0,18.7
2022-04-07 03:00:00,19.6,15.3,19.5
2022-04-08 03:00:00,19.2,15.0,18.0
2022-04-09 03:00:00,18.3,15.0,18.6
2022-04-10 03:00:00,18.1,13.5,18.5
2022-04-11 03:00:00,18.3,13.5,18.5
2022-04-12 03:00:00,21.7,16.3,21.5
2022-04-13 03:00:00,21.4,16.5,21.5
2022-04-14 03:00:00,20.5,14.4,19.8
2022-04-15 03:00:00,17.5,13.3,16.0
2022-04-16 03:00:00,18.4,13.5,16.2
2022-04-17 03:00:00,16.3,12.0,14.3
2022-04-18 03:00:00,18.0,14.3,15.5
2022-04-19 03:00:00,18.7,15.4,18.5
2022-04-20 03:00:00,17.8,13.0,18.5
2022-04-21 03:00:00,19.5,13.8,20.0
2022-04-22 03:00:00,17.0,14.2,19.5
2022-04-23 03:00:00,15.0,12.0,15.0
2022-04-24 03:00:00,19.0,13.7,15.2
2022-04-25 03:00:00,17.1,13.5,14.2
2022-04-26 03:00:00,18.6,13.5,17.2
2022-04-27 03:00:00,18.6,14.0,18.2
2022-04-28 03:00:00,19.8,15.6,18.5
2022-04-29 03:00:00,18.4,13.8,19.5
2022-04-30 03:00:00,17.1,13.7,17.0
2022-05-01 03:00:00,18.5,12.5,18.0
2022-05-02 03:00:00,16.5,12.6,17.0
2022-05-03 03:00:00,17.7,12.2,17.5
2022-05-04 03:00:00,20.0,14.4,17.5
2022-05-05 03:00:00,18.2,12.5,18.5
2022-05-06 03:00:00,18.2,12.4,19.0
2022-05-07 03:00:00,19.9,14.0,19.5
2022-05-08 03:00:00,19.4,14.3,19.2
2022-05-09 03:00:00,19.4,13.5,19.5
2022-05-10 03:00:00,22.0,17.2,21.0
2022-05-11 03:00:00,21.0,17.0,21.3
2022-05-12 03:00:00,21.6,15.7,21.0
2022-05-13 03:00:00,20.6,15.0,20.5
2022-05-14 03:00:00,20.0,15.8,20.2
2022-05-15 03:00:00,22.6,17.0,23.2
2022-05-16 03:00:00,19.4,14.0,19.5
2022-05-17 03:00:00,18.2,14.5,19.2
2022-05-18 03:00:00,18.3,13.3,18.5
2022-05-19 03:00:00,17.3,13.5,18.5
2022-05-20 03:00:00,19.6,13.0,21.0
2022-05-21 03:00:00,18.5,12.5,20.0
2022-05-22 03:00:00,18.5,14.8,21.0
2022-05-23 03:00:00,19.0,13.0,20.5
2022-05-24 03:00:00,18.0,13.2,21.0
2022-05-25 03:00:00,21.2,14.0,20.0
2022-05-26 03:00:00,16.5,13.0,20.0
2022-05-27 03:00:00,20.8,16.0,21.5
2022-05-28 03:00:00,20.3,15.5,20.0
2022-05-29 03:00:00,22.0,16.4,19.0
2022-05-30 03:00:00,20.0,16.5,20.5
2022-05-31 03:00:00,19.7,16.3,20.0
2022-06-01 03:00:00,20.5,16.7,21.0
2022-06-02 03:00:00,22.6,17.5,20.4
2022-06-03 03:00:00,20.4,17.0,23.3
2022-06-04 03:00:00,21.9,17.0,21.5
2022-06-05 03:00:00,23.4,17.8,21.5
2022-06-06 03:00:00,22.5,18.0,22.5
2022-06-07 03:00:00,22.0,18.3,20.5
2022-06-08 03:00:00,21.6,17.0,22.5
2022-06-09 03:00:00,21.1,17.6,22.0
2022-06-10 03:00:00,23.1,17.5,23.0
2022-06-11 03:00:00,21.7,16.8,22.0
2022-06-12 03:00:00,21.9,16.5,22.0
2022-06-13 03:00:00,22.4,17.6,22.5
2022-06-14 03:00:00,22.9,18.5,22.5
2022-06-15 03:00:00,23.0,18.0,23.5
2022-06-16 03:00:00,22.0,17.6,22.7
2022-06-17 03:00:00,21.5,17.0,21.7
2022-06-18 03:00:00,21.5,16.4,22.0
2022-06-19 03:00:00,20.7,16.0,20.6
2022-06-20 03:00:00,22.5,17.0,21.5
2022-06-21 03:00:00,21.1,15.2,22.5
2022-06-22 03:00:00,21.6,15.6,21.7
2022-06-23 03:00:00,23.8,18.0,24.0
2022-06-24 03:00:00,23.9,18.3,24.5
2022-06-25 03:00:00,22.1,17.6,22.5
2022-06-26 03:00:00,21.9,16.6,22.0
2022-06-27 03:00:00,21.7,17.3,22.6
2022-06-28 03:00:00,22.5,18.4,23.0
2022-06-29 03:00:00,22.2,17.8,23.0
2022-06-30 03:00:00,22.0,17.0,22.9
2022-07-01 03:00:00,22.0,17.0,23.0
2022-07-02 03:00:00,22.9,18.3,24.2
2022-07-03 03:00:00,21.7,17.5,23.4
2022-07-04 03:00:00,24.5,18.4,24.9
2022-07-05 03:00:00,22.7,18.0,23.5
2022-07-06 03:00:00,23.8,19.0,24.5
2022-07-07 03:00:00,22.4,19.0,22.0
2022-07-08 03:00:00,25.7,19.3,23.0
2022-07-09 03:00:00,22.2,17.5,22.4
2022-07-10 03:00:00,22.5,17.3,23.5
2022-07-11 03:00:00,23.4,18.5,23.0
2022-07-12 03:00:00,22.7,18.0,23.0
2022-07-13 03:00:00,23.7,18.6,21.5
2022-07-14 03:00:00,22.7,18.0,23.0
2022-07-15 03:00:00,23.1,18.0,23.0
2022-07-16 03:00:00,24.1,18.7,23.5
2022-07-17 03:00:00,24.4,18.5,24.5
2022-07-18 03:00:00,24.4,18.4,24.4
2022-07-19 03:00:00,22.9,16.7,23.0
2022-07-20 03:00:00,22.9,18.0,23.5
2022-07-21 03:00:00,22.0,18.0,23.0
2022-07-22 03:00:00,23.0,17.8,23.0
2022-07-23 03:00:00,22.2,17.0,22.5
2022-07-24 03:00:00,24.0,17.6,24.0
2022-07-25 03:00:00,21.1,15.8,21.5
2022-07-26 03:00:00,22.5,16.5,22.5
2022-07-27 03:00:00,22.0,17.3,22.5
2022-07-28 03:00:00,22.5,17.5,23.5
2022-07-29 03:00:00,22.6,17.3,23.5
2022-07-30 03:00:00,22.2,17.5,23.0
2022-07-31 03:00:00,22.5,17.6,23.0
2022-08-01 03:00:00,22.0,17.6,22.35
2022-08-02 03:00:00,22.2,18.0,23.01666667
2022-08-03 03:00:00,22.5,17.4,23.31666667
2022-08-04 03:00:00,22.2,17.7,23.33333333
2022-08-05 03:00:00,23.0,18.0,23.36666667
2022-08-06 03:00:00,23.0,17.0,23.25
2022-08-07 03:00:00,21.9,17.0,23.1
2022-08-08 03:00:00,23.5,18.2,23.36666667
2022-08-09 03:00:00,22.9,17.2,23.3
2022-08-10 03:00:00,23.5,18.0,23.0
2022-08-11 03:00:00,23.6,17.6,22.58333333
2022-08-12 03:00:00,21.5,16.4,23.21666667
2022-08-13 03:00:00,23.5,18.0,23.15
2022-08-14 03:00:00,23.1,17.6,23.2
2022-08-15 03:00:00,23.5,18.0,22.65
2022-08-16 03:00:00,24.0,17.6,22.7
2022-08-17 03:00:00,24.0,18.0,23.26666667
2022-08-18 03:00:00,23.1,18.7,23.38333333
2022-08-19 03:00:00,22.7,18.0,22.9
2022-08-20 03:00:00,22.3,17.0,23.71666667
2022-08-21 03:00:00,24.2,18.2,23.63333333
2022-08-22 03:00:00,23.0,17.5,22.93333333
2022-08-23 03:00:00,22.5,18.0,23.43333333
2022-08-24 03:00:00,22.6,16.8,22.6
2022-08-25 03:00:00,24.2,18.5,23.0
2022-08-26 03:00:00,23.1,18.6,22.46666667
2022-08-27 03:00:00,23.2,18.4,22.03333333
2022-08-28 03:00:00,21.5,16.3,23.18333333
2022-08-29 03:00:00,21.8,17.4,22.41666667
2022-08-30 03:00:00,22.4,17.5,22.58333333
2022-08-31 03:00:00,22.0,17.3,22.35
2022-09-01 03:00:00,21.6,18.0,22.8
2022-09-02 03:00:00,21.5,17.0,22.35
2022-09-03 03:00:00,22.3,17.6,22.33333333
2022-09-04 03:00:00,22.4,17.4,22.48333333
2022-09-05 03:00:00,21.0,18.0,22.63333333
2022-09-06 03:00:00,21.8,17.0,23.06666667
2022-09-07 03:00:00,21.1,16.6,22.35
2022-09-08 03:00:00,21.3,16.8,22.55
2022-09-09 03:00:00,22.5,17.0,23.18333333
2022-09-10 03:00:00,20.3,15.0,23.01666667
2022-09-11 03:00:00,22.5,17.2,21.61666667
2022-09-12 03:00:00,22.2,17.5,22.91666667
2022-09-13 03:00:00,21.5,16.3,22.18333333
2022-09-14 03:00:00,21.4,16.5,21.98333333
2022-09-15 03:00:00,21.4,16.0,22.36666667
2022-09-16 03:00:00,21.1,16.3,21.78333333
2022-09-17 03:00:00,20.8,16.5,21.58333333
2022-09-18 03:00:00,21.5,16.5,21.46666667
2022-09-19 03:00:00,21.1,16.8,22.03333333
2022-09-20 03:00:00,22.0,16.5,21.65
2022-09-21 03:00:00,19.8,15.4,21.7
2022-09-22 03:00:00,22.4,17.2,21.31666667
2022-09-23 03:00:00,22.3,17.6,22.15
2022-09-24 03:00:00,20.9,16.3,21.96666667
2022-09-25 03:00:00,21.7,16.0,22.13333333
2022-09-26 03:00:00,21.0,15.0,21.93333333
2022-09-27 03:00:00,21.0,15.6,21.71666667
2022-09-28 03:00:00,20.7,16.0,21.5
2022-09-29 03:00:00,21.5,15.6,21.73333333
2022-09-30 03:00:00,19.0,14.0,21.38333333
2022-10-01 03:00:00,20.5,15.5,21.98333333
2022-10-02 03:00:00,21.4,16.0,21.53333333
2022-10-03 03:00:00,19.6,14.8,20.33333333
2022-10-04 03:00:00,20.7,16.2,20.33333333
2022-10-05 03:00:00,19.0,15.0,20.08333333
2022-10-06 03:00:00,18.4,13.5,19.33333333
2022-10-07 03:00:00,18.3,13.3,19.56666667
2022-10-08 03:00:00,18.5,14.2,19.26666667
2022-10-09 03:00:00,19.7,15.5,19.33333333
2022-10-10 03:00:00,20.5,15.0,19.85
2022-10-11 03:00:00,17.5,13.5,19.43333333
2022-10-12 03:00:00,18.0,13.0,18.88333333
2022-10-13 03:00:00,19.5,11.6,19.16666667
2022-10-14 03:00:00,18.5,13.0,19.41666667
2022-10-15 03:00:00,18.3,12.7,18.98333333
2022-10-16 03:00:00,16.8,12.5,18.53333333
2022-10-17 03:00:00,15.5,11.5,18.28333333
2022-10-18 03:00:00,14.3,10.3,18.2
2022-10-19 03:00:00,15.0,10.0,17.28333333
2022-10-20 03:00:00,12.8,9.0,18.0
2022-10-21 03:00:00,14.5,10.0,18.68333333
2022-10-22 03:00:00,13.5,10.0,17.93333333
2022-10-23 03:00:00,13.1,10.8,18.03333333
2022-10-24 03:00:00,13.4,11.0,16.9
2022-10-25 03:00:00,14.5,10.8,15.75
2022-10-26 03:00:00,18.0,13.0,14.58333333
2022-10-27 03:00:00,18.5,12.5,14.68333333
2022-10-28 03:00:00,17.0,11.2,15.15
2022-10-29 03:00:00,14.4,10.5,15.46666667
2022-10-30 03:00:00,14.4,10.0,14.55
2022-10-31 03:00:00,14.0,10.5,13.75
2022-11-01 03:00:00,13.7,10.5,14.51666667
2022-11-02 03:00:00,12.9,10.0,13.76666667
2022-11-03 03:00:00,13.2,10.0,13.45
2022-11-04 03:00:00,14.5,11.3,14.25
2022-11-05 03:00:00,13.0,10.3,13.6
2022-11-06 03:00:00,12.9,9.5,12.78333333
2022-11-07 03:00:00,13.8,9.5,12.9
