Time,Pokhara Airport,Lumle,Begnas
01/01/2015,71.95,32.9,83.45
02/01/2015,96.5,95.9,97.75
03/01/2015,93.9,92.7,94.45
04/01/2015,84.6,72.05,84.3
05/01/2015,73.7,72.05,90.9
06/01/2015,82.65,91.55,75.2
07/01/2015,77.2,84.75,61.35
08/01/2015,78.8,77.9,78.6
09/01/2015,75.45,61.6,83.75
10/01/2015,73.7,48.4,93.4
11/01/2015,81.7,59.45,93
12/01/2015,75.8,49.4,96.8
13/01/2015,77.7,66.35,87
14/01/2015,73.55,73.05,81.45
15/01/2015,72.8,91.85,78.9
16/01/2015,72.35,97.2,73.95
17/01/2015,70.45,91.4,73.75
18/01/2015,72.6,94.8,76
19/01/2015,70.4,93.3,85.4
20/01/2015,74.55,96.1,100
21/01/2015,70.75,94.9,75.8
22/01/2015,72.4,95.05,85
23/01/2015,68.25,89.8,84.55
24/01/2015,73.9,94.8,78.35
25/01/2015,81.25,94.65,87.7
26/01/2015,81.75,94.5,83.65
27/01/2015,73.45,90.55,76.8
28/01/2015,67.6,94.55,78.1
29/01/2015,60.45,94.85,68.05
30/01/2015,70.55,95.55,77.9
31/01/2015,75.4,89.05,73.25
01/02/2015,69.25,95.65,73.1
02/02/2015,62.15,96.05,55.8
03/02/2015,75.55,88.8,70.7
04/02/2015,69.8,94.7,83.3
05/02/2015,71,94.95,82.85
06/02/2015,71.9,94.65,80.25
07/02/2015,72.25,90.65,80.1
08/02/2015,79.3,78.7,89.55
09/02/2015,65.7,93.7,76.4
10/02/2015,68.85,93.85,79.25
11/02/2015,76.8,78.9,78.85
12/02/2015,74.2,72.8,87.4
13/02/2015,70.25,73.1,68.6
14/02/2015,73.6,84.3,63.15
15/02/2015,66.55,81.65,77.3
16/02/2015,69.35,84.45,78.8
17/02/2015,70.95,78.15,65.85
18/02/2015,86.5,84.45,89.05
19/02/2015,70.25,75.2,82.05
20/02/2015,60.5,70.1,61.6
21/02/2015,76.2,85.55,75.05
22/02/2015,72.45,72.75,92.5
23/02/2015,70.3,84.1,77.9
24/02/2015,73.45,86.6,68.8
25/02/2015,81.3,94.25,86.45
26/02/2015,83.3,94.55,82.75
27/02/2015,67.05,62.3,63.75
28/02/2015,59.6,58.05,70
01/03/2015,83.7,69.85,92.25
02/03/2015,83.8,83.5,98.25
03/03/2015,87.45,93.3,96.05
04/03/2015,71.75,67.7,79.95
05/03/2015,63.55,68.65,90.6
06/03/2015,66.1,73.1,90
07/03/2015,64.65,62.95,95.1
08/03/2015,56.8,55.35,81.35
09/03/2015,47.35,38.35,63.9
10/03/2015,47.05,34.6,76.8
11/03/2015,49.3,40.55,61.05
12/03/2015,57.8,51.05,57
13/03/2015,63.25,78.15,71.85
14/03/2015,76.3,63.6,79.1
15/03/2015,79.2,64.3,77.3
16/03/2015,69.65,67.95,73.6
17/03/2015,49.8,75,57.75
18/03/2015,78.6,62,68.9
19/03/2015,65.9,53.6,60.8
20/03/2015,58.35,66.8,60.95
21/03/2015,62.8,69.55,68.95
22/03/2015,59.15,60.85,75.95
23/03/2015,64.45,70.9,70.75
24/03/2015,60.9,59.5,71.75
25/03/2015,62.45,57.6,70.2
26/03/2015,60.55,61.15,63.9
27/03/2015,82.1,78,83.65
28/03/2015,67.05,71.95,68.5
29/03/2015,82.4,87.7,75.2
30/03/2015,89.1,86.15,93.3
31/03/2015,70.35,74.4,69.55
01/04/2015,69.35,82.45,65.35
02/04/2015,68.65,72.55,66.65
03/04/2015,63.4,71.3,68.45
04/04/2015,68.45,63.65,80.1
05/04/2015,53.65,39.7,73.9
06/04/2015,53.7,50.35,61.45
07/04/2015,58.15,61.55,71.5
08/04/2015,47.55,47.45,54.2
09/04/2015,47.35,48.3,52.9
10/04/2015,58.25,48.15,62.35
11/04/2015,50.9,58.5,60.05
12/04/2015,56.45,66,67.6
13/04/2015,86.15,95.1,93.1
14/04/2015,80.5,81.35,82.1
15/04/2015,73.8,69.1,82.95
16/04/2015,51.3,55.75,56.45
17/04/2015,70.25,64.75,61.65
18/04/2015,72.15,80.75,76.85
19/04/2015,58.35,69.75,66.5
20/04/2015,67.3,85.3,79.25
21/04/2015,67.5,76.4,79.55
22/04/2015,83.6,64.2,88.45
23/04/2015,74.75,49.25,67.35
24/04/2015,48.05,58.45,56.85
25/04/2015,77.2,88.55,70.45
26/04/2015,63.85,71.2,72.1
27/04/2015,64.6,81.1,76.55
28/04/2015,67.05,75.8,66.1
29/04/2015,75.15,76.9,82
30/04/2015,78.25,93.35,83.8
01/05/2015,67.2,83.9,70.3
02/05/2015,74.15,70.5,93.4
03/05/2015,48.05,47.55,73.95
04/05/2015,58.6,58,57.9
05/05/2015,57.75,55.8,72.7
06/05/2015,64.7,61.2,78.65
07/05/2015,71.5,72.6,71.1
08/05/2015,67.2,85.6,84.55
09/05/2015,84.7,90.95,83.2
10/05/2015,81.2,91.1,79.25
11/05/2015,79.55,78.75,86.05
12/05/2015,58,65.85,67.4
13/05/2015,69.1,72.05,69
14/05/2015,61.6,76.85,69.65
15/05/2015,72.55,78.6,64.65
16/05/2015,55.85,52.8,74.55
17/05/2015,49.55,57.7,69.5
18/05/2015,75.05,90.15,80.7
19/05/2015,60.7,81.65,75
20/05/2015,88.8,87.55,87.35
21/05/2015,84.65,90.15,86.7
22/05/2015,62.75,67.9,72.05
23/05/2015,70.25,65.1,81.25
24/05/2015,70.7,58.05,78.55
25/05/2015,58.6,63.7,70.3
26/05/2015,76,67,81.3
27/05/2015,77,65.9,89.05
28/05/2015,73.15,76.75,72.45
29/05/2015,67.5,74.15,73.85
30/05/2015,84,87.15,87.05
31/05/2015,84.5,79,69.4
01/06/2015,66.45,56.1,84.85
02/06/2015,62.45,40.05,73.65
03/06/2015,56.5,62.35,69.25
04/06/2015,66.15,77.85,70.7
05/06/2015,57.8,68.6,67.1
06/06/2015,59.45,74.35,60
07/06/2015,54.05,60.7,68.9
08/06/2015,57.25,67.35,64.6
09/06/2015,85,75.35,89.25
10/06/2015,83.2,86,82.2
11/06/2015,96.05,97,89.8
12/06/2015,95.95,98,85.75
13/06/2015,84.35,91.25,85.4
14/06/2015,72.2,82.05,78.05
15/06/2015,70.1,86.15,85.8
16/06/2015,70.75,86.85,78.3
17/06/2015,64.15,78.8,76.5
18/06/2015,65.45,89.35,72.95
19/06/2015,75.1,86.95,74.7
20/06/2015,75.6,79,81.2
21/06/2015,82.85,92.85,79.45
22/06/2015,72.5,91.6,95.05
23/06/2015,77.05,89.05,87.55
24/06/2015,78.7,94.45,82.6
25/06/2015,84.4,88.85,79.05
26/06/2015,84.6,93.6,86.15
27/06/2015,82.55,89.05,86.95
28/06/2015,92.3,95.05,87.65
29/06/2015,75.4,86.2,78
30/06/2015,73.7,88.15,76.9
01/07/2015,83.6,99.05,81.85
02/07/2015,80.65,92.55,82.95
03/07/2015,86.5,94,86.8
04/07/2015,77.8,96.3,84
05/07/2015,85.3,98.55,84.15
06/07/2015,77.2,94.4,78.8
07/07/2015,80.15,89.7,82.05
08/07/2015,70.4,77.4,74.5
09/07/2015,76.1,81,75.65
10/07/2015,75.25,86.95,78.5
11/07/2015,86.85,92.2,94.15
12/07/2015,86.85,81.55,76.45
13/07/2015,81.4,90,84.8
14/07/2015,82.05,90.05,86.3
15/07/2015,94.1,98.1,87.7
16/07/2015,93.35,97.05,95.6
17/07/2015,82.4,85.35,92.05
18/07/2015,79.7,82.85,76.65
19/07/2015,73.2,83,75.5
20/07/2015,73.75,91.45,89.85
21/07/2015,74.25,87.8,82.45
22/07/2015,84.65,89.3,79.6
23/07/2015,82.4,94.4,83.2
24/07/2015,77.2,89.2,84.7
25/07/2015,84.4,97.05,95.65
26/07/2015,71.95,85.55,77.05
27/07/2015,80.55,85,83.95
28/07/2015,76.45,92.45,83.45
29/07/2015,78.05,91.8,82.65
30/07/2015,83.8,88.95,86.9
31/07/2015,88.5,88.95,86.7
01/08/2015,91.65,97.95,94.75
02/08/2015,84.1,98,83.85
03/08/2015,72.4,89.6,73.75
04/08/2015,79.8,93.3,77.85
05/08/2015,79.85,97.05,83.1
06/08/2015,92.6,96,87.7
07/08/2015,87.4,95.15,81.65
08/08/2015,83.7,92.4,84.35
09/08/2015,81.3,94.45,84.4
10/08/2015,79.9,91.05,81.05
11/08/2015,76,93.65,80.8
12/08/2015,84.1,90.8,74.9
13/08/2015,77.3,86.2,81.25
14/08/2015,78.9,95.3,80.65
15/08/2015,82.7,94.25,76.35
16/08/2015,84.05,96.2,80.5
17/08/2015,84.1,96.2,85.55
18/08/2015,83.8,95.2,82.4
19/08/2015,90.55,96.65,86.1
20/08/2015,87.15,95.25,88.3
21/08/2015,85.1,94.15,88.85
22/08/2015,80.05,94.3,83.95
23/08/2015,82.25,95.2,82.75
24/08/2015,77.95,94.35,66.9
25/08/2015,80.5,94.9,85.35
26/08/2015,95.35,98.05,84.95
27/08/2015,79.25,92.4,84.7
28/08/2015,78.7,88.8,78.95
29/08/2015,79.2,90.65,78.6
30/08/2015,72.8,89,75.9
31/08/2015,82.35,92.45,89.15
01/09/2015,83.9,88.85,82.7
02/09/2015,88.15,94.3,77.5
03/09/2015,80.7,89.55,80.05
04/09/2015,74.6,87.05,84.7
05/09/2015,77.1,91.4,80.2
06/09/2015,82.55,82.9,90.4
07/09/2015,71.65,78.85,82.55
08/09/2015,86.55,85,87.75
09/09/2015,79.2,90.4,79.3
10/09/2015,81.7,92.2,82.15
11/09/2015,77.45,85.45,88.25
12/09/2015,88.15,93.15,89.6
13/09/2015,78.75,91.25,76.15
14/09/2015,79.9,92.4,83.65
15/09/2015,78.8,87.5,84.3
16/09/2015,73.8,88.75,75.45
17/09/2015,81.45,90.3,80.8
18/09/2015,71.15,81.35,75.9
19/09/2015,69.4,81.25,84.2
20/09/2015,76.1,82.7,81.75
21/09/2015,77.75,91.4,78.05
22/09/2015,87.7,86.95,89.5
23/09/2015,91.45,98,92.45
24/09/2015,84.2,98,86.8
25/09/2015,89,97,83.8
26/09/2015,77.6,94.95,78.8
27/09/2015,84.85,94.95,77.15
28/09/2015,79.85,86.6,82.25
29/09/2015,75.85,85.35,80.15
30/09/2015,75.4,89.65,84.4
01/10/2015,74.45,92.4,81.9
02/10/2015,84.5,91.3,90.85
03/10/2015,74.05,90.25,83.95
04/10/2015,74.15,80.9,80.45
05/10/2015,71.25,72.5,88.2
06/10/2015,62.45,63,74
07/10/2015,66.9,43.25,81.85
08/10/2015,61.4,59.3,72.05
09/10/2015,71.3,70.05,79.45
10/10/2015,76.25,89.3,80.85
11/10/2015,78.55,88.85,84.2
12/10/2015,87.85,92.45,85.35
13/10/2015,74.2,76.8,89.3
14/10/2015,78.75,74.85,91
15/10/2015,85.1,63.15,89.65
16/10/2015,84.15,81.2,89.25
17/10/2015,76.7,86.25,83.25
18/10/2015,75.7,84.25,84.5
19/10/2015,76.3,85.9,87.85
20/10/2015,78.9,92.15,86.1
21/10/2015,84,86.75,84.9
22/10/2015,75.05,77.75,88.45
23/10/2015,80.45,73.15,74.3
24/10/2015,74.45,89.2,71.45
25/10/2015,81.75,82.75,85.9
26/10/2015,83.25,80.5,89.05
27/10/2015,78.15,80.4,86.05
28/10/2015,77.7,87.8,86.4
29/10/2015,91.35,95.3,94.25
30/10/2015,84.6,69.2,87.3
31/10/2015,69.95,57.95,82.45
01/11/2015,70.6,71.65,79.95
02/11/2015,75.25,81.15,91.45
03/11/2015,81.55,91.95,76.85
04/11/2015,84.15,85.5,79.2
05/11/2015,75.05,84.9,72.35
06/11/2015,77,75.7,83.4
07/11/2015,80.2,76.85,76.8
08/11/2015,78.25,86.2,84.9
09/11/2015,77.85,72.75,93.15
10/11/2015,76.9,71.7,88.2
11/11/2015,76.85,74.55,84.6
12/11/2015,78,75.75,78.45
13/11/2015,78.95,83,83.7
14/11/2015,82.25,86.05,84.25
15/11/2015,81.7,88.4,98
16/11/2015,83.45,88.9,88.1
17/11/2015,81.85,86.05,82.25
18/11/2015,81.35,88.1,94.65
19/11/2015,88.1,79.85,93.65
20/11/2015,87.9,64.15,85.25
21/11/2015,79.6,73.95,82.8
22/11/2015,83.85,83.4,96.25
23/11/2015,80.65,87.8,84.75
24/11/2015,81.2,84.1,84.8
25/11/2015,82.55,89.45,82
26/11/2015,79.25,72.55,84.45
27/11/2015,73.6,79.75,98.65
28/11/2015,82.75,69.55,96.3
29/11/2015,80.35,74,87.85
30/11/2015,85.4,79.4,89.8
01/12/2015,89.55,80.3,88.65
02/12/2015,89.25,91.35,91.65
03/12/2015,87.7,81,87.15
04/12/2015,80.85,80.45,74.6
05/12/2015,78.55,90.75,86.6
06/12/2015,82.65,77.8,76.05
07/12/2015,85.7,78.05,81.75
08/12/2015,84.75,90,79.4
09/12/2015,86.8,73.4,88.1
10/12/2015,78.35,70.75,92.8
11/12/2015,85.4,76.55,82.65
12/12/2015,81.8,74.15,88.4
13/12/2015,85.35,83.95,90.25
14/12/2015,76.75,79.35,77.55
15/12/2015,72.95,78.25,90.8
16/12/2015,79.55,77.8,84.5
17/12/2015,76.35,54.15,85.3
18/12/2015,77.45,75.4,83.9
19/12/2015,76.55,82.2,89.15
20/12/2015,84.15,86.45,91.55
21/12/2015,81.55,84.5,78.55
22/12/2015,81.75,69.8,87.8
23/12/2015,74.8,63.9,85.3
24/12/2015,74.4,55.7,77.65
25/12/2015,76.1,62.6,81.75
26/12/2015,74.25,54.75,85.85
27/12/2015,73.75,47.55,82.9
28/12/2015,68.45,45.45,78.2
29/12/2015,72.15,58.4,79.6
30/12/2015,72.15,57.45,83.65
31/12/2015,72.35,73.35,65.3
01/01/2016,75.8,65.05,80.7
02/01/2016,76.3,60.25,86.9
03/01/2016,71.6,66.8,79.65
04/01/2016,72.95,54.15,85.15
05/01/2016,75.25,74.45,74.6
06/01/2016,79.3,89.65,85.15
07/01/2016,82.05,84.55,91.3
08/01/2016,81.25,89.25,84.05
09/01/2016,71.4,79.05,63.85
10/01/2016,72.25,79.55,84.65
11/01/2016,81.2,79.2,78.4
12/01/2016,78.6,81.75,82.55
13/01/2016,77.85,77.45,92.35
14/01/2016,76.95,77.85,86.8
15/01/2016,79.2,91.4,92.45
16/01/2016,78.9,78.05,71.2
17/01/2016,76.3,87.3,82.8
18/01/2016,75.8,63.4,83.95
19/01/2016,77.1,63.3,84.55
20/01/2016,76.5,83.4,85.3
21/01/2016,79,83.3,86.15
22/01/2016,66.55,81.2,73.45
23/01/2016,68.85,71.55,64.25
24/01/2016,63.45,64.6,72.85
25/01/2016,65.7,73.5,94.65
26/01/2016,76.45,81.15,97.8
27/01/2016,73.55,80.4,100
28/01/2016,71.35,79.7,88.4
29/01/2016,65.1,71.6,77.85
30/01/2016,71.8,75.65,85.85
31/01/2016,78.6,91.3,87.3
01/02/2016,79.2,82.2,83.5
02/02/2016,71.3,74.8,79.35
03/02/2016,71.5,64.15,79.5
04/02/2016,74.8,86.35,85.8
05/02/2016,69.5,78.9,78.4
06/02/2016,69.1,77.75,79.1
07/02/2016,63.05,53.4,68
08/02/2016,70.65,81.05,84
09/02/2016,70.75,77.8,81.5
10/02/2016,72.7,83.3,76.2
11/02/2016,64.2,70.1,67.2
12/02/2016,65.9,58,74
13/02/2016,58.8,51.35,74
14/02/2016,54.1,34.35,61.75
15/02/2016,50.4,43.35,62.55
16/02/2016,50.4,44.95,70.2
17/02/2016,50.35,43.3,69.15
18/02/2016,48.45,40,73.85
19/02/2016,59,50.4,60.85
20/02/2016,72.15,63.45,81.2
21/02/2016,61.55,60.35,87.7
22/02/2016,68.2,67.75,83.35
23/02/2016,69.95,90.3,68.25
24/02/2016,69.2,92.3,86.4
25/02/2016,62.1,69.4,80.25
26/02/2016,59.25,78.85,82.75
27/02/2016,56.05,63.2,70.85
28/02/2016,62.9,63.35,66.6
29/02/2016,61.7,53.55,57.9
01/03/2016,50.95,49.15,59.05
02/03/2016,59.85,60.95,72.1
03/03/2016,63.55,90.7,83.2
04/03/2016,79.7,69.55,78.7
05/03/2016,83.35,58.65,70.85
06/03/2016,85.8,60.5,88.55
07/03/2016,61.35,71.9,75.55
08/03/2016,53.1,53.55,71.3
09/03/2016,51.55,54.3,76.65
10/03/2016,52.6,48.35,71.2
11/03/2016,54.85,54.95,68.9
12/03/2016,60.8,62.85,75.65
13/03/2016,74.2,66.2,68.2
14/03/2016,80.15,89.3,72.8
15/03/2016,68.55,61.55,79.65
16/03/2016,48,42.05,55.65
17/03/2016,54.05,55.05,52.8
18/03/2016,47.65,52.85,59.6
19/03/2016,48.5,55.45,69.9
20/03/2016,56.8,54.05,71.7
21/03/2016,48.15,67.85,57.85
22/03/2016,45.25,69.35,56.15
23/03/2016,49.15,49.2,63.75
24/03/2016,53.9,54.55,61.85
25/03/2016,57.15,60.05,68.35
26/03/2016,59.95,61.6,80.35
27/03/2016,66.4,83.45,78.9
28/03/2016,69.85,58.75,80
29/03/2016,47.75,49.2,60.35
30/03/2016,80.85,69.45,76.8
31/03/2016,69.6,75.6,75.7
01/04/2016,72.8,79.85,75.8
02/04/2016,76.25,97.65,72
03/04/2016,76.2,85.4,72.75
04/04/2016,72.6,76.6,79
05/04/2016,84.15,89.2,82.9
06/04/2016,57.4,54.85,73.15
07/04/2016,44.1,45.4,69.15
08/04/2016,41.3,36.6,55.6
09/04/2016,38.15,37.35,49.75
10/04/2016,43.2,33.8,65.25
11/04/2016,46.15,26.45,67.75
12/04/2016,47.6,34.1,94.65
13/04/2016,55.2,41.55,62
14/04/2016,48.25,44.4,71.75
15/04/2016,44.95,43.2,71.25
16/04/2016,56.1,56.65,89
17/04/2016,77.55,78.65,82.95
18/04/2016,67.8,70.5,82.55
19/04/2016,56.1,58.8,71.25
20/04/2016,52.8,56.3,56.25
21/04/2016,52.05,57.5,60.4
22/04/2016,44.9,48.6,55.75
23/04/2016,47.35,37.8,65.8
24/04/2016,32.05,26.15,54.15
25/04/2016,31.45,28.4,53.3
26/04/2016,41.1,29.2,56.45
27/04/2016,47.85,31.45,59.85
28/04/2016,34.4,31.45,60.55
29/04/2016,30.6,18.65,45.3
30/04/2016,32.55,22,57.15
01/05/2016,31.25,19.4,59.2
02/05/2016,40.3,49.7,52.8
03/05/2016,66.65,62.8,60.6
04/05/2016,57.45,67.35,78.35
05/05/2016,76.25,70.05,65.2
06/05/2016,71.05,73.95,62.75
07/05/2016,67.1,81.8,74.1
08/05/2016,51.05,63.85,62.8
09/05/2016,53.15,66.9,59.7
10/05/2016,56.7,65,54.1
11/05/2016,57.05,64.1,58.8
12/05/2016,66.2,74.25,81
13/05/2016,79,78,81.15
14/05/2016,72.3,86.75,77.5
15/05/2016,87.3,84,87.9
16/05/2016,83.2,74.35,89.65
17/05/2016,78.9,80.85,71.95
18/05/2016,56.5,59.45,68.7
19/05/2016,64.35,79.6,64.85
20/05/2016,69.7,82.3,75.7
21/05/2016,71.8,92.15,79.55
22/05/2016,64.6,84.95,69.85
23/05/2016,69.85,68.65,77.05
24/05/2016,65.1,76.6,81.2
25/05/2016,81.4,93.35,64.3
26/05/2016,69.8,78.95,74.85
27/05/2016,68.1,80.8,86.95
28/05/2016,87.05,93.65,77.55
29/05/2016,76.55,82.8,77.15
30/05/2016,61.25,71.1,87.9
31/05/2016,71.95,83.05,73.05
01/06/2016,65.2,81.95,69.85
02/06/2016,65.2,91.55,82.3
03/06/2016,82.55,85.8,72.4
04/06/2016,74.5,76.4,86.6
05/06/2016,67.2,77.5,77.2
06/06/2016,81.05,85.4,85.9
07/06/2016,69.75,89.85,74
08/06/2016,66.7,70.2,90.2
09/06/2016,78.2,84.2,85.95
10/06/2016,66.7,79.25,77.3
11/06/2016,70.65,82.95,86.65
12/06/2016,79.8,95.25,84.35
13/06/2016,88.55,97.05,82.5
14/06/2016,79.9,87.05,79.85
15/06/2016,78.25,95.25,77.1
16/06/2016,86.2,99,71.8
17/06/2016,71.8,85.3,84.15
18/06/2016,79.6,94.45,76.35
19/06/2016,83.25,96.2,75.15
20/06/2016,80.45,97.05,85.9
21/06/2016,92.8,99,82.45
22/06/2016,93.1,98,88.25
23/06/2016,76.45,76.75,85.3
24/06/2016,80.5,86.25,87.95
25/06/2016,87.75,91.85,83.95
26/06/2016,79.05,89.9,82
27/06/2016,73.8,93.5,76.1
28/06/2016,71.75,92.8,68.1
29/06/2016,80.45,92.6,81.35
30/06/2016,92.65,94.2,84.1
01/07/2016,96.9,98,96.65
02/07/2016,88.15,96.95,93.75
03/07/2016,75.25,88.9,83.45
04/07/2016,76.8,95.25,82.9
05/07/2016,84.25,95.4,83
06/07/2016,84.75,98.1,86.4
07/07/2016,74.65,90.05,84.2
08/07/2016,70.45,90.9,78.05
09/07/2016,82.7,88.55,81.65
10/07/2016,84.05,93.4,69.55
11/07/2016,81,91.75,83.65
12/07/2016,82.65,93.5,73.6
13/07/2016,77.15,90.35,82.8
14/07/2016,77,96.3,79.9
15/07/2016,82.85,91.9,81.8
16/07/2016,84,93.15,90.05
17/07/2016,89.25,93.4,90
18/07/2016,83.55,94.35,83.45
19/07/2016,73.9,94.4,81.8
20/07/2016,94.5,99,93.35
21/07/2016,89.15,97.1,96.65
22/07/2016,92.35,98,93.35
23/07/2016,79.05,92.35,75.35
24/07/2016,83.5,96.2,84.45
25/07/2016,94.8,99,95.05
26/07/2016,88.55,96.95,88.9
27/07/2016,86.65,97.05,91.55
28/07/2016,84.4,97,90.2
29/07/2016,87.45,96.05,95.9
30/07/2016,87.3,96.05,94.55
31/07/2016,79.3,89.55,91.15
01/08/2016,78.95,79.1,85.7
02/08/2016,71.6,85.6,79.2
03/08/2016,64.85,76.2,76.75
04/08/2016,67.65,77.05,81.8
05/08/2016,88.7,81.05,75.85
06/08/2016,76.7,79.7,78.5
07/08/2016,77.3,89,88.4
08/08/2016,76.75,87.5,85.25
09/08/2016,82.7,87.55,88.5
10/08/2016,81.8,91.5,84
11/08/2016,88.35,96.2,84.9
12/08/2016,78.25,88.35,83
13/08/2016,72.5,83.35,74.35
14/08/2016,76,87.35,80.7
15/08/2016,77.3,96.15,79.25
16/08/2016,76.8,85,75.45
17/08/2016,77.85,85.25,77.35
18/08/2016,85.4,86.55,88.4
19/08/2016,74.7,82.95,76.6
20/08/2016,71.85,90.05,84.9
21/08/2016,72.9,87.65,82.1
22/08/2016,85.45,92.45,90.75
23/08/2016,72.9,96.15,85.05
24/08/2016,82.9,85.5,83.3
25/08/2016,70.45,75.9,85
26/08/2016,73,87.5,85.5
27/08/2016,66.8,79.85,77.05
28/08/2016,72.1,86.55,82.3
29/08/2016,91.9,89.7,82.55
30/08/2016,88.45,98,92.15
31/08/2016,82.05,94.25,84.4
01/09/2016,81.4,85.5,82.65
02/09/2016,92.9,97.05,91.4
03/09/2016,93.75,98.5,94.6
04/09/2016,84.85,97,87
05/09/2016,73.4,80.2,77.75
06/09/2016,81.1,93.35,85.55
07/09/2016,83.7,89.05,79.65
08/09/2016,83.85,96.2,81.35
09/09/2016,81.85,96.15,86.7
10/09/2016,85.85,97.05,85.35
11/09/2016,86.1,96.5,87.55
12/09/2016,83.6,96,91
13/09/2016,77.45,89.25,81.4
14/09/2016,75.9,80.75,79.8
15/09/2016,75.85,88.15,79
16/09/2016,85.8,94.05,76.85
17/09/2016,84.65,88.05,82.4
18/09/2016,88,87.75,84.1
19/09/2016,79.6,93.3,82.4
20/09/2016,83.15,94.4,88.5
21/09/2016,79.35,90.15,91.25
22/09/2016,71.95,83.15,64.6
23/09/2016,86.3,95.85,82.15
24/09/2016,78.45,83,79.4
25/09/2016,72.3,88.4,75.9
26/09/2016,73.55,90.05,89.35
27/09/2016,72.8,85.4,84.7
28/09/2016,84.4,95.85,91.45
29/09/2016,74.9,86.65,82.1
30/09/2016,72.85,88.1,79.95
01/10/2016,71.95,94.3,70.9
02/10/2016,80.55,95.25,74.95
03/10/2016,90.35,89.65,85.8
04/10/2016,82.25,87.65,79.55
05/10/2016,80.65,89.05,81.35
06/10/2016,90.95,89.15,93.5
07/10/2016,77.4,86.35,84.35
08/10/2016,76.85,90.25,72.3
09/10/2016,83.05,87,89.45
10/10/2016,72.75,86.7,75.4
11/10/2016,78.3,77.6,82.35
12/10/2016,69.75,79.6,73
13/10/2016,78.3,91.1,79.25
14/10/2016,80.4,93.75,76.85
15/10/2016,81.9,96.3,82
16/10/2016,81.05,89.7,81.95
17/10/2016,80.35,92.75,86
18/10/2016,81.7,79.35,81.05
19/10/2016,73.6,69.15,70.3
20/10/2016,72.95,79.2,64.85
21/10/2016,81.55,80.3,86.95
22/10/2016,76.35,83.95,78.35
23/10/2016,80.25,87.25,91.3
24/10/2016,80.8,77.7,89.4
25/10/2016,71.55,74.35,91.05
26/10/2016,66.55,74.9,81.4
27/10/2016,65.15,82.35,74.7
28/10/2016,67.4,85.6,66.25
29/10/2016,71.6,78.7,86.5
30/10/2016,69.7,83.4,78.8
31/10/2016,68.85,82.85,73.5
01/11/2016,61.55,89.4,76.5
02/11/2016,59.9,87.6,71.65
03/11/2016,64.35,82.45,68.9
04/11/2016,59.1,84.45,71.2
05/11/2016,61.8,86.35,84.55
06/11/2016,61.3,82.05,69.6
07/11/2016,64.35,85.95,81.95
08/11/2016,69.35,85.85,59.2
09/11/2016,65.85,80.95,75.5
10/11/2016,70.95,84.85,81
11/11/2016,71.15,86.2,87.95
12/11/2016,69.5,85.25,75.2
13/11/2016,71.6,84.15,71.5
14/11/2016,76.4,90.3,80.4
15/11/2016,71.35,84.35,82.15
16/11/2016,65.7,87.05,74.3
17/11/2016,68.25,84.25,86.5
18/11/2016,71.1,89.55,95.65
19/11/2016,75.3,89.2,75.8
20/11/2016,70.15,89,83.7
21/11/2016,80.85,85.5,81.45
22/11/2016,72.3,89.35,82.1
23/11/2016,73.8,86.8,87.3
24/11/2016,66.15,81.05,91.3
25/11/2016,76.5,86.65,79.35
26/11/2016,76.8,77.25,89.2
27/11/2016,71.2,85.6,78.75
28/11/2016,76.8,81.45,83.5
29/11/2016,71.15,86.4,79.2
30/11/2016,74.2,78.75,91.8
01/12/2016,76.55,85.55,86.5
02/12/2016,81.65,81.3,86.35
03/12/2016,83.1,83.1,77.9
04/12/2016,83.6,83.5,85.3
05/12/2016,80.1,88.05,91.75
06/12/2016,75.2,86.6,86.4
07/12/2016,74.7,87.5,86.25
08/12/2016,73.9,83.7,77.15
09/12/2016,75.6,85.5,90.3
10/12/2016,77.6,85.7,89.5
11/12/2016,77.25,90.05,90.2
12/12/2016,73.3,95.2,89.95
13/12/2016,73.65,85.15,78.95
14/12/2016,77.1,84.35,76.45
15/12/2016,75.15,86.55,76.3
16/12/2016,74.85,86.3,86.4
17/12/2016,71.15,89.55,80.15
18/12/2016,77.35,84.35,80.8
19/12/2016,70.2,84,90.35
20/12/2016,76.1,89.55,75.3
21/12/2016,74.55,82.4,85.25
22/12/2016,74.55,85.45,84.1
23/12/2016,71.7,86.45,95.95
24/12/2016,76.35,87.85,97.45
25/12/2016,76.3,83.6,97.45
26/12/2016,73,82.1,79.7
27/12/2016,76.4,85.45,78.3
28/12/2016,66.8,84.5,79.8
29/12/2016,74.75,87.25,84.15
30/12/2016,72.35,88.85,98.65
31/12/2016,68.95,91.3,74.05
01/01/2017,68.3,89.35,68.35
02/01/2017,70.65,80.9,64.15
03/01/2017,60.6,87.1,80.65
04/01/2017,60.45,88.75,79.4
05/01/2017,62.95,86.9,69.6
06/01/2017,60.3,87.2,85
07/01/2017,66.65,90.75,64.9
08/01/2017,68.05,94.25,66.45
09/01/2017,63.6,83.9,74.5
10/01/2017,65.4,87.4,81.15
11/01/2017,62.05,87.05,62.3
12/01/2017,65.9,84,62.35
13/01/2017,67.1,86.75,70.45
14/01/2017,63.75,86.65,79.5
15/01/2017,67.65,93.2,67.2
16/01/2017,70.15,88.15,80.85
17/01/2017,69.2,87.4,66.8
18/01/2017,67.35,88.7,83.55
19/01/2017,67.55,90.1,81.55
20/01/2017,65.55,88.95,69.05
21/01/2017,67.25,90.35,81.45
22/01/2017,66.6,92.6,71.15
23/01/2017,70.35,79.95,73.7
24/01/2017,67.8,83.7,80.05
25/01/2017,64.35,86.15,61.15
26/01/2017,65.5,87.5,72.1
27/01/2017,84.15,97.5,85.25
28/01/2017,80.1,81.6,85.5
29/01/2017,68.4,88.6,69.45
30/01/2017,68.95,87.6,57.2
31/01/2017,69.95,88.85,75
01/02/2017,74.15,90.15,82.5
02/02/2017,80.15,92.15,91.1
03/02/2017,68.8,86,80.35
04/02/2017,69.75,91.45,85.9
05/02/2017,73.45,86.1,76.7
06/02/2017,65.8,91,89.4
07/02/2017,63.85,89.95,71.8
08/02/2017,66.25,87.8,75.95
09/02/2017,71.9,91.55,82.95
10/02/2017,66.3,80.85,74.05
11/02/2017,58.6,85.95,68.8
12/02/2017,54.85,85.75,65.15
13/02/2017,58.55,86.5,66.65
14/02/2017,62.9,89.25,69.05
15/02/2017,60.95,85.25,65.9
16/02/2017,60.3,90.6,69.3
17/02/2017,60.2,88.35,94.5
18/02/2017,63.8,85.55,72.8
19/02/2017,64.65,85.35,68.8
20/02/2017,63.25,85.4,79.7
21/02/2017,58.75,84.45,66.9
22/02/2017,53.9,87.45,73
23/02/2017,57.95,89.5,72.35
24/02/2017,55.55,81.8,59.65
25/02/2017,63.4,84.8,81.8
26/02/2017,65.95,83.75,83.5
27/02/2017,61.9,79.7,81.55
28/02/2017,61.95,78.45,65.6
01/03/2017,63.95,90.4,78.95
02/03/2017,46.3,78.95,79.35
03/03/2017,39.9,86.8,59.75
04/03/2017,34.15,88.25,69.1
05/03/2017,41.8,87.55,53.95
06/03/2017,38.55,88.45,51.6
07/03/2017,39.05,89.75,52.75
08/03/2017,56.25,79.7,62.55
09/03/2017,52.9,76.45,70.85
10/03/2017,84.75,94.05,85.15
11/03/2017,83.5,85.9,66.9
12/03/2017,59.15,82.6,69.35
13/03/2017,45.85,82.1,58.85
14/03/2017,67.15,74.2,71.4
15/03/2017,49.8,84.35,69.45
16/03/2017,54.3,84.5,64.95
17/03/2017,57.4,63.1,69.8
18/03/2017,47.75,51.25,70.7
19/03/2017,70.9,73.75,82.3
20/03/2017,65.85,65,64.1
21/03/2017,61.95,74.3,70.2
22/03/2017,68.85,90.4,73.65
23/03/2017,68.35,85.8,75.35
24/03/2017,60.85,78.95,72.15
25/03/2017,54.25,66.5,64.95
26/03/2017,79.55,80.9,71.9
27/03/2017,72.45,90.5,77.75
28/03/2017,80.7,90.6,79.25
29/03/2017,94.3,96.85,91.1
30/03/2017,90.15,98.9,89.8
31/03/2017,88.65,91.55,88.8
01/04/2017,92.35,92.7,87.7
02/04/2017,81.25,73.75,90.1
03/04/2017,89.35,68.9,85.95
04/04/2017,80.6,76.45,68.7
05/04/2017,88.55,69.85,80.15
06/04/2017,72.8,53.8,77.55
07/04/2017,63.65,59.75,84.75
08/04/2017,50.7,62.7,59.05
09/04/2017,39.55,77.9,70.7
10/04/2017,37.3,78.2,51.6
11/04/2017,61.85,82.45,63.1
12/04/2017,46.15,79.95,62.2
13/04/2017,48.9,81.65,68.5
14/04/2017,67.45,75.3,69.2
15/04/2017,69.1,79.25,64.8
16/04/2017,57.85,84.8,79.05
17/04/2017,57.3,81.4,79.8
18/04/2017,63.9,81.9,72
19/04/2017,87.9,82.65,76.6
20/04/2017,78,86.65,78.55
21/04/2017,69.95,89.75,83.9
22/04/2017,78.2,97.9,84.4
23/04/2017,91.45,97.2,91.75
24/04/2017,65.25,81.5,73.6
25/04/2017,56.2,83.3,72.35
26/04/2017,42.5,88.75,83.95
27/04/2017,37.15,90.5,71.75
28/04/2017,47.25,86.95,92
29/04/2017,76,92.85,80.85
30/04/2017,69.9,93.95,81.3
01/05/2017,60.2,94.6,85.7
02/05/2017,53.05,91.9,87.7
03/05/2017,78.4,86.85,80.1
04/05/2017,82.45,87.2,95
05/05/2017,59.8,94.1,95.7
06/05/2017,75.55,96.15,76.2
07/05/2017,72.25,83.15,67
08/05/2017,72.85,91.2,92.35
09/05/2017,70,97.85,84.6
10/05/2017,64.7,93.2,81.55
11/05/2017,54.6,94.7,76.3
12/05/2017,80.95,87.55,82.1
13/05/2017,75,88.5,90.45
14/05/2017,70.65,91.3,78.7
15/05/2017,87.7,89.9,82.35
16/05/2017,85.75,96.9,91.9
17/05/2017,76.45,87.45,85.05
18/05/2017,86.9,85.7,93.75
19/05/2017,73.15,93.9,91.15
20/05/2017,64.85,92.5,73.3
21/05/2017,70.45,90.6,79.05
22/05/2017,82.55,93.45,70.05
23/05/2017,65.7,95.55,67.45
24/05/2017,59,91.7,77
25/05/2017,73.9,94.55,89.6
26/05/2017,74.15,94.2,81.5
27/05/2017,72.75,82.95,80.65
28/05/2017,66.95,92.75,77
29/05/2017,72.15,87.3,85.5
30/05/2017,79.6,96.4,67.7
31/05/2017,64.9,88.85,85.8
01/06/2017,86.65,93.2,67.75
02/06/2017,80,92.35,83.55
03/06/2017,62.65,93.6,77.25
04/06/2017,65.65,90.5,76.7
05/06/2017,73.15,92.1,75.15
06/06/2017,81.15,82.35,85.55
07/06/2017,67,95.35,88.3
08/06/2017,67.45,96.35,84.45
09/06/2017,80.9,91.75,80.8
10/06/2017,72.75,95.3,76.1
11/06/2017,61.25,96.3,70.25
12/06/2017,60.65,96.35,71.25
13/06/2017,71.7,87.45,73.35
14/06/2017,67.75,97.2,76
15/06/2017,63,97.2,71.65
16/06/2017,67.55,86.3,73.45
17/06/2017,73.9,91.65,82.55
18/06/2017,70.3,90.35,77.55
19/06/2017,86.4,98.05,79.8
20/06/2017,83.55,92.45,88.05
21/06/2017,78.9,89.55,85
22/06/2017,68.45,89.1,72.45
23/06/2017,73.9,89.75,74.4
24/06/2017,69.25,86.1,79.45
25/06/2017,73.05,83.3,78.55
26/06/2017,73.15,88.6,79.8
27/06/2017,79.75,94.2,85.5
28/06/2017,77.7,90.95,90.15
29/06/2017,72.95,89.1,69.9
30/06/2017,76.5,91.55,74.7
01/07/2017,86.25,91.7,85.15
02/07/2017,83.5,94.3,86.35
03/07/2017,74.9,90.75,77.5
04/07/2017,86.25,97.15,83.65
05/07/2017,92,98.5,92.5
06/07/2017,92.05,98.05,96.6
07/07/2017,75.5,97.25,78.4
08/07/2017,71.65,92.5,80.05
09/07/2017,83.4,95.3,84.25
10/07/2017,91.1,99,92.55
11/07/2017,91.4,99,90.4
12/07/2017,80.45,85.9,87.5
13/07/2017,70.95,87.95,72.05
14/07/2017,83.85,90.8,85.55
15/07/2017,77.95,94.4,81.6
16/07/2017,72.95,87.5,80.15
17/07/2017,77.35,86.8,81.35
18/07/2017,69.25,87.5,73.95
19/07/2017,80.7,97.4,95.75
20/07/2017,77.4,94.4,79.75
21/07/2017,79.35,95.25,87.75
22/07/2017,80.4,93.45,76.8
23/07/2017,70.9,87.8,77.75
24/07/2017,80.8,91.55,79.55
25/07/2017,89.2,92.5,83.4
26/07/2017,85.75,90.55,90.1
27/07/2017,75.35,95.05,73
28/07/2017,77.1,96.35,78.5
29/07/2017,96.1,96.1,97.5
30/07/2017,93.45,99,94.9
31/07/2017,75.3,91,76.3
01/08/2017,83.7,93.55,85.95
02/08/2017,92.45,98.05,84.95
03/08/2017,89.75,98.5,94.35
04/08/2017,80.1,92.85,90.9
05/08/2017,88.95,95.3,85.75
06/08/2017,78.45,90.2,89.4
07/08/2017,83.05,93.55,81.35
08/08/2017,77.65,90.8,85.35
09/08/2017,96.1,98,90.8
10/08/2017,90.9,98,92.05
11/08/2017,91.85,96.15,91.65
12/08/2017,92.85,94.4,93.1
13/08/2017,86.7,95.45,90.65
14/08/2017,85.75,95.05,86.3
15/08/2017,90.55,92.3,80.85
16/08/2017,85.1,94.3,83.2
17/08/2017,87.05,97.1,86
18/08/2017,85.65,84.9,84.25
19/08/2017,80.25,94.25,80.45
20/08/2017,86.1,89.75,79.85
21/08/2017,82.15,93.3,88.4
22/08/2017,93.9,86.55,74.85
23/08/2017,86.2,94.15,86.95
24/08/2017,86.65,94.2,78.4
25/08/2017,79.75,97.15,88.4
26/08/2017,71.4,93.6,69.1
27/08/2017,81.9,97.1,77.95
28/08/2017,83.85,92.5,69
29/08/2017,75.05,92.55,72.2
30/08/2017,81.2,92.6,90.75
31/08/2017,92.7,97.05,92.65
01/09/2017,85.8,92.3,88.7
02/09/2017,92,98,84.65
03/09/2017,95.2,96.05,89.65
04/09/2017,86.05,92.45,84.9
05/09/2017,81.65,96.7,83.35
06/09/2017,85.7,97.1,85.95
07/09/2017,84.15,92.25,81.3
08/09/2017,76.75,97.15,80.65
09/09/2017,82.4,93.3,78
10/09/2017,81.5,94.55,83.25
11/09/2017,90.45,97.1,89.15
12/09/2017,83.1,90.85,77.6
13/09/2017,83.4,95.2,78.2
14/09/2017,78.4,93.25,81.25
15/09/2017,80,97.1,80.25
16/09/2017,72.35,87.65,76.85
17/09/2017,71.45,83.5,80.15
18/09/2017,83.75,92.45,78.55
19/09/2017,78.05,97.15,72.3
20/09/2017,77.05,97.2,73.75
21/09/2017,87.5,96.9,93.7
22/09/2017,88.95,90.2,89.85
23/09/2017,73,94.7,83
24/09/2017,76.95,87.4,78.4
25/09/2017,74.3,79.4,82.8
26/09/2017,78.55,94.4,79.2
27/09/2017,80.55,97.05,71.25
28/09/2017,75.7,93.4,80.35
29/09/2017,79.2,91.45,87.6
30/09/2017,83.25,96.95,84.4
01/10/2017,77.1,91.45,78
02/10/2017,90.95,93.05,76.75
03/10/2017,83.85,94.55,79.5
04/10/2017,77.35,93.2,83.8
05/10/2017,78.4,95.4,75.6
06/10/2017,79.05,96.3,83.15
07/10/2017,80.5,83.35,90.65
08/10/2017,78.55,95.25,83.45
09/10/2017,79.25,96,77.05
10/10/2017,78.75,96.1,78.4
11/10/2017,80.35,96.15,75.95
12/10/2017,85.65,98.05,89.65
13/10/2017,82.7,97.1,87.3
14/10/2017,81.1,92.4,87.55
15/10/2017,80.4,93.15,79.85
16/10/2017,84.35,85.45,87.8
17/10/2017,76.7,97.05,84.5
18/10/2017,71.95,97.2,79.45
19/10/2017,70.45,97.1,78.85
20/10/2017,78.5,93.65,77.1
21/10/2017,80.7,83.3,80.05
22/10/2017,79.25,90.75,83.6
23/10/2017,83.9,85.7,83.65
24/10/2017,77.35,81.25,78.8
25/10/2017,79,89.3,86.7
26/10/2017,79,91.1,87.6
27/10/2017,79.9,91.65,82
28/10/2017,79.9,88,82.65
29/10/2017,73.25,90.75,87.5
30/10/2017,69.7,96.6,74.25
31/10/2017,80.75,93.25,78.05
01/11/2017,81.1,88.95,79.7
02/11/2017,76.15,95.55,95.4
03/11/2017,75.7,93.75,77.7
04/11/2017,73.4,95.15,69.25
05/11/2017,72.1,92.55,71.65
06/11/2017,74.15,79.2,81.95
07/11/2017,74.5,95.05,76.2
08/11/2017,73.15,96.4,77.3
09/11/2017,74.5,97.35,70.95
10/11/2017,73.05,94.4,73.75
11/11/2017,75.35,96.7,82.6
12/11/2017,76.25,95.6,79.55
13/11/2017,80.6,93.25,87.65
14/11/2017,74.45,96.75,80.15
15/11/2017,76.2,95.3,90.9
16/11/2017,78.5,96.65,93.6
17/11/2017,77.3,96.8,95
18/11/2017,75.9,86,93.35
19/11/2017,77.95,85.65,92.05
20/11/2017,70.5,97.8,85.25
21/11/2017,72.65,96.8,89.5
22/11/2017,80.75,94.45,96.05
23/11/2017,79.2,97,96.05
24/11/2017,78.8,90.3,92.55
25/11/2017,76.25,92.05,92.55
26/11/2017,79,96.35,87.95
27/11/2017,82.1,92.6,93.75
28/11/2017,76.15,90.2,93.05
29/11/2017,79.8,96.2,88.55
30/11/2017,79.6,92.4,86.2
01/12/2017,78.85,91.15,94.25
02/12/2017,75.2,95.9,83.45
03/12/2017,74.7,95.1,87.2
04/12/2017,81.2,95.05,92.2
05/12/2017,82.85,82.45,86.55
06/12/2017,74.05,83.05,95.1
07/12/2017,80.25,84.8,87.5
08/12/2017,78.1,86.3,83.9
09/12/2017,73.55,89.8,83.15
10/12/2017,73.3,96.6,79.4
11/12/2017,77.25,95,82.85
12/12/2017,82.45,96.3,80.65
13/12/2017,77.7,97.7,87.5
14/12/2017,77.1,97.75,89.65
15/12/2017,74.1,95.95,92.95
16/12/2017,80.1,94.15,88.3
17/12/2017,80.65,95.75,85.65
18/12/2017,79.75,95.05,90.05
19/12/2017,72.75,95.65,82.75
20/12/2017,77.25,94.95,84.95
21/12/2017,78.45,96.35,90.1
22/12/2017,77.45,94.65,84.8
23/12/2017,81.1,93.1,84.05
24/12/2017,72.5,75.45,77.5
25/12/2017,73.6,64.1,63.7
26/12/2017,77.2,52.15,77.1
27/12/2017,71.75,45.05,82.15
28/12/2017,69.45,39.05,84.35
29/12/2017,72.2,58.3,82.85
30/12/2017,75.05,55.7,76.15
31/12/2017,70.05,64.1,77.25
01/01/2018,67.35,75.4,71.4
02/01/2018,63.55,72.65,83.15
03/01/2018,65.6,93.25,81.05
04/01/2018,60.35,92.5,79.7
05/01/2018,63.35,97.95,76.2
06/01/2018,68.85,92.85,75.05
07/01/2018,70.4,89.4,88.6
08/01/2018,66.35,86.25,87.05
09/01/2018,69.7,81.95,87.2
10/01/2018,71.6,85.45,70.2
11/01/2018,72.35,81.8,85.75
12/01/2018,68.85,78.9,65.65
13/01/2018,69.5,75.75,71.5
14/01/2018,76.25,78,82.4
15/01/2018,71.45,76,81.4
16/01/2018,70.15,70.4,85.85
17/01/2018,66.9,76.5,74.4
18/01/2018,66.45,73.35,75.25
19/01/2018,72.55,75.35,81.75
20/01/2018,72.3,78.6,76.15
21/01/2018,71.95,83.35,75.4
22/01/2018,66.25,90.05,82.1
23/01/2018,68.6,85.55,79.4
24/01/2018,85.45,79.6,84
25/01/2018,76.15,79.3,77.15
26/01/2018,72,78.95,74
27/01/2018,78.75,84.05,69.55
28/01/2018,81.1,85.4,83.75
29/01/2018,77.15,93.85,74.4
30/01/2018,75.75,85.6,67.3
31/01/2018,80.6,91,88
01/02/2018,71.8,77.1,78.5
02/02/2018,72.85,68.75,83.1
03/02/2018,68.85,79.5,85.2
04/02/2018,74.55,65.5,87
05/02/2018,70.05,65.5,94.25
06/02/2018,77.4,65.05,80.6
07/02/2018,70.65,54.6,91.7
08/02/2018,65.35,47.95,74.6
09/02/2018,54.55,48.45,70.65
10/02/2018,59.95,36.25,73.7
11/02/2018,63.45,51.7,77.1
12/02/2018,67.9,68.4,78.05
13/02/2018,63.95,64.65,78.6
14/02/2018,68.2,52.15,72
15/02/2018,65.4,55.5,43.4
16/02/2018,68.8,79.25,75.55
17/02/2018,73.1,90,80.45
18/02/2018,69.1,78.95,66.8
19/02/2018,65.15,68.6,79.8
20/02/2018,66.45,74.85,52.3
21/02/2018,65.55,81.5,75.7
22/02/2018,84.7,87.4,93.9
23/02/2018,76.35,80.4,81.3
24/02/2018,71.9,72.35,75.55
25/02/2018,79.85,76.05,90.35
26/02/2018,62.05,69.35,78.2
27/02/2018,70.6,76.1,61.95
28/02/2018,73.4,94.15,75.8
01/03/2018,74.7,92.05,87.45
02/03/2018,77.2,85.95,91
03/03/2018,64.15,79,85.7
04/03/2018,62.4,67.3,79.4
05/03/2018,57.95,75.8,71.45
06/03/2018,47.4,74.3,59.6
07/03/2018,44.45,85.35,57.1
08/03/2018,58.2,77.45,71.15
09/03/2018,82.9,70,81.55
10/03/2018,66.45,72.25,78.6
11/03/2018,79.85,71.15,77.7
12/03/2018,77,72.3,81.75
13/03/2018,74.35,78.85,75.8
14/03/2018,69.6,80.8,46.7
15/03/2018,76.95,90.4,73.75
16/03/2018,52.15,82.05,96.1
17/03/2018,60.3,90.25,89.85
18/03/2018,46.1,93.15,72.3
19/03/2018,46.2,94.9,64
20/03/2018,51.4,93.1,65.45
21/03/2018,48.4,90.45,74.9
22/03/2018,38.25,90.45,42.5
23/03/2018,42.85,80.4,51.4
24/03/2018,42.45,82.35,56.8
25/03/2018,56.3,59.55,51.6
26/03/2018,51.05,63.55,66.8
27/03/2018,45.9,70.5,50.95
28/03/2018,62.05,65.7,66.7
29/03/2018,72.15,64.4,85.25
30/03/2018,70.65,66.35,65.55
31/03/2018,55.15,57.8,64.05
01/04/2018,48.4,69.9,75.4
02/04/2018,48.4,70.1,68.4
03/04/2018,72.3,82.8,74.6
04/04/2018,85,86.65,64.5
05/04/2018,65.45,65.55,73.25
06/04/2018,78.35,69.95,79.65
07/04/2018,73.2,85.7,74.55
08/04/2018,60.6,67.3,74.9
09/04/2018,73.65,77.5,81.9
10/04/2018,61.2,71.8,85.15
11/04/2018,87.5,84.55,77.6
12/04/2018,79.25,77.25,74.6
13/04/2018,65,73.55,44.6
14/04/2018,57.5,51.6,74.95
15/04/2018,54.55,50.15,69.75
16/04/2018,80.45,67.05,84.8
17/04/2018,91.2,75.4,73.6
18/04/2018,78,84.85,89.9
19/04/2018,89.85,88.1,84.2
20/04/2018,70.75,77.55,97
21/04/2018,71.45,91.4,88.5
22/04/2018,52.2,92.4,67.3
23/04/2018,46.95,95.2,66.15
24/04/2018,51.3,92.1,73.75
25/04/2018,57.25,90.2,74.7
26/04/2018,70.05,82.75,62.35
27/04/2018,63.8,86.75,71.95
28/04/2018,56.9,91.9,94.55
29/04/2018,92.05,97.65,95
30/04/2018,81.25,82.2,79.05
01/05/2018,64.45,88.4,67.7
02/05/2018,74.25,81.55,83.7
03/05/2018,78.25,83.8,86.8
04/05/2018,86.3,33.6,95.35
05/05/2018,86.05,91.1,90.45
06/05/2018,73.45,82,84.35
07/05/2018,70.15,96.25,77.35
08/05/2018,63.7,96.2,67.05
09/05/2018,54.05,97,71.75
10/05/2018,45.4,96.95,72.15
11/05/2018,53.45,93.6,80.05
12/05/2018,83.5,94.05,86.45
13/05/2018,87.55,94.7,91.95
14/05/2018,77.1,88.8,87.6
15/05/2018,61.5,80.45,83.4
16/05/2018,67.85,92.15,83.7
17/05/2018,86.65,91.35,85.45
18/05/2018,77.55,89.9,87.75
19/05/2018,82.5,92.95,96.8
20/05/2018,77.15,87.9,85.2
21/05/2018,68.2,88.7,83.95
22/05/2018,82.8,91.6,84.2
23/05/2018,80.9,92.35,86
24/05/2018,77.65,89.7,88.4
25/05/2018,77.55,95.35,80
26/05/2018,89.85,94.2,87.75
27/05/2018,85.2,97.1,94.95
28/05/2018,66.8,96.05,94.15
29/05/2018,68.55,97.05,85.85
30/05/2018,76.55,97,90.6
31/05/2018,75.5,95.1,91.25
01/06/2018,81.8,92.1,84.8
02/06/2018,72.45,93.15,85.25
03/06/2018,66.3,97.2,87.1
04/06/2018,61.15,94.5,88.7
05/06/2018,64.85,96.2,69.8
06/06/2018,72.3,98.1,82.15
07/06/2018,74.75,88.7,85.2
08/06/2018,81.35,88.7,89.1
09/06/2018,63.55,96.4,85.1
10/06/2018,73.75,95.95,73.45
11/06/2018,77.65,97.25,84.25
12/06/2018,75.65,93.55,89.4
13/06/2018,87.15,97.1,76.6
14/06/2018,71.5,96.35,94
15/06/2018,91.45,95.1,81.05
16/06/2018,87.7,95.95,89.35
17/06/2018,87.45,96.2,96.15
18/06/2018,69.95,79.45,85.55
19/06/2018,71.35,82.3,89.75
20/06/2018,78.6,80.6,84.85
21/06/2018,74.7,90.95,78.05
22/06/2018,81.75,83.95,89.9
23/06/2018,81.4,83.95,91.5
24/06/2018,80.6,89.2,82.8
25/06/2018,83,92.5,88.35
26/06/2018,80.05,87.2,88.2
27/06/2018,72.6,89.05,84.15
28/06/2018,73.75,92.65,86.15
29/06/2018,74.6,88.05,84.25
30/06/2018,80.3,97.05,90.45
01/07/2018,92.6,96.95,88.6
02/07/2018,96.05,98,94.35
03/07/2018,86.05,96.15,89.95
04/07/2018,75.95,85.6,86.65
05/07/2018,76.85,90.85,76.85
06/07/2018,77.75,93.5,89.2
07/07/2018,78.4,95.25,96
08/07/2018,79.8,96.2,83.5
09/07/2018,85.95,92.5,87.95
10/07/2018,81.25,95.2,82.9
11/07/2018,77.75,95.25,85.15
12/07/2018,82.35,90.75,82.15
13/07/2018,76.4,92.8,82.6
14/07/2018,80.9,90.9,79.95
15/07/2018,68.5,86.65,79.65
16/07/2018,78.45,94.3,80.85
17/07/2018,74.3,91.05,87.55
18/07/2018,81.65,90.45,84.2
19/07/2018,73.95,92.7,81.8
20/07/2018,66.25,96.45,87.95
21/07/2018,86.15,95.2,86.25
22/07/2018,73.85,89.25,79.25
23/07/2018,82.1,92.6,87.55
24/07/2018,83.95,94.4,90.7
25/07/2018,93.45,98,93
26/07/2018,84.6,93.3,83.1
27/07/2018,94.15,96.05,83.25
28/07/2018,83.55,93.4,76
29/07/2018,87.7,96.15,89.8
30/07/2018,83.95,96.2,87.95
31/07/2018,81.9,87.2,87.35
01/08/2018,92.75,98,71.8
02/08/2018,87.4,89.8,88.9
03/08/2018,84.25,93.4,88.35
04/08/2018,89.55,97.05,87.7
05/08/2018,86.2,94.5,82.35
06/08/2018,92.6,95.25,89.7
07/08/2018,76.9,98.55,75.05
08/08/2018,74,92,78.75
09/08/2018,76.55,84.8,83.3
10/08/2018,89.9,87.4,83.4
11/08/2018,87.35,98,90.05
12/08/2018,85.6,98,86.35
13/08/2018,86.95,97.1,87.95
14/08/2018,82.45,94.4,76.9
15/08/2018,82.3,97.25,85.7
16/08/2018,73.8,91.9,75.9
17/08/2018,76.4,85,80
18/08/2018,81.5,84.8,81.1
19/08/2018,72.8,89.05,81.35
20/08/2018,80.1,93.4,83.2
21/08/2018,82.3,96.2,80.45
22/08/2018,79.15,90.75,80.25
23/08/2018,82.15,94.5,84.7
24/08/2018,92.2,98,92.6
25/08/2018,86.85,95.1,91.1
26/08/2018,76.6,89.8,74.35
27/08/2018,79.35,92.75,88.25
28/08/2018,90.3,97,84.15
29/08/2018,87.2,88.1,90.8
30/08/2018,94.8,93.35,95.45
31/08/2018,97.45,98,89.15
01/09/2018,77.1,96.5,86.9
02/09/2018,89.55,93.45,88
03/09/2018,81.6,90.05,78.1
04/09/2018,74.9,96.25,82.15
05/09/2018,77.5,94.45,88.1
06/09/2018,83.5,88.3,84.95
07/09/2018,76,88.85,86
08/09/2018,81.3,94.4,75.3
09/09/2018,84.95,92.6,91.9
10/09/2018,96.45,98.5,91.75
11/09/2018,94.6,98.95,93.45
12/09/2018,92.25,98,95.65
13/09/2018,91.75,91.2,89.45
14/09/2018,87.6,88.95,91.95
15/09/2018,86.8,95.05,100
16/09/2018,84.75,92.4,86.6
17/09/2018,72.65,82.85,73.5
18/09/2018,71.6,75.55,79.9
19/09/2018,72.7,81.6,74.4
20/09/2018,67.65,85.75,74.05
21/09/2018,92.9,91.65,92.2
22/09/2018,84.15,92.15,78.75
23/09/2018,76.05,85.25,90.65
24/09/2018,83.25,92.25,76.95
25/09/2018,84.6,93.25,78.95
26/09/2018,80.8,92.25,80.15
27/09/2018,76.1,95.1,85.3
28/09/2018,77.7,95.1,85.9
29/09/2018,78.05,91.4,80.95
30/09/2018,84.15,92.25,75.4
01/10/2018,78.3,92.45,86.85
02/10/2018,85.6,92.95,89.9
03/10/2018,90.85,81.85,81.75
04/10/2018,79.8,84.7,75.1
05/10/2018,78.6,73.8,76.65
06/10/2018,76.1,80.35,73.5
07/10/2018,81.9,68.7,85.75
08/10/2018,68.75,67.85,84.4
09/10/2018,74.5,79.2,65.35
10/10/2018,81.95,86.25,93.7
11/10/2018,77.3,86.4,87.45
12/10/2018,84.25,90.45,72.85
13/10/2018,81.2,92.15,70.2
14/10/2018,77.1,89.7,84.8
15/10/2018,76.5,86.85,79.1
16/10/2018,77.35,91.3,72.1
17/10/2018,80.65,90.3,79.5
18/10/2018,78.7,85.75,80.4
19/10/2018,92.25,82.5,66.6
20/10/2018,80.65,80.75,91.9
21/10/2018,78.15,83.55,80.65
22/10/2018,79.7,75.2,81.85
23/10/2018,70.9,82.5,93.4
24/10/2018,67.35,86.2,84.15
25/10/2018,68.8,90.2,88.05
26/10/2018,68.7,89.45,78.15
27/10/2018,67.25,87,83.15
28/10/2018,70.2,80.35,77.45
29/10/2018,72.35,82.5,70.2
30/10/2018,74.7,74.25,89.55
31/10/2018,73.9,79.05,82.55
01/11/2018,72.35,83.6,84.15
02/11/2018,78.15,80.85,72.35
03/11/2018,74.2,72,78.1
04/11/2018,79.25,66.7,90.95
05/11/2018,76.5,72.05,76.55
06/11/2018,69.9,76.4,80.55
07/11/2018,71.8,81.5,77.35
08/11/2018,75.6,77.15,81.6
09/11/2018,76.55,81.85,83.6
10/11/2018,77.85,74.05,86.85
11/11/2018,77.85,78.7,71.65
12/11/2018,78.75,80.5,89.25
13/11/2018,89.05,91.55,92.95
14/11/2018,80.1,83.05,79.5
15/11/2018,82.4,78.75,89.55
16/11/2018,81.15,80.95,84.7
17/11/2018,80.55,78.75,92.25
18/11/2018,80.6,89.9,86.35
19/11/2018,81.25,86.25,83.7
20/11/2018,84.2,81.2,78.1
21/11/2018,83.95,84.6,81.4
22/11/2018,83.7,74.9,66.25
23/11/2018,84.55,87.4,77.75
24/11/2018,81.3,93.05,86.15
25/11/2018,76.5,90.25,83.95
26/11/2018,74.1,94.25,80.65
27/11/2018,81.55,90.65,89.15
28/11/2018,84.35,84,92.65
29/11/2018,79.5,89.85,89.55
30/11/2018,82.75,86.45,90.1
01/12/2018,85,90.1,79.6
02/12/2018,85.45,84.95,82.05
03/12/2018,84.25,86.6,87.95
04/12/2018,84.9,89.8,75.2
05/12/2018,79.45,84.75,76.8
06/12/2018,85,85.9,86.35
07/12/2018,80.65,80.8,88.55
08/12/2018,83.8,85.45,84.45
09/12/2018,84.45,83.55,89.55
10/12/2018,75.7,85.2,87.2
11/12/2018,70.5,89.75,82.35
12/12/2018,68.65,93.25,80.2
13/12/2018,67,96.25,70.05
14/12/2018,69.1,93.65,72.05
15/12/2018,68.8,94.75,79.3
16/12/2018,69.35,96.2,81.75
17/12/2018,72,94.25,98
18/12/2018,72.75,96.7,100
19/12/2018,76.55,85.2,76.95
20/12/2018,85.6,89.9,89.65
21/12/2018,84.75,89.9,85
22/12/2018,81.45,70.85,80.05
23/12/2018,74.1,91.65,89.15
24/12/2018,75.7,92.05,91.65
25/12/2018,81.15,91.95,83.1
26/12/2018,74.95,91.3,84.5
27/12/2018,70.45,94.05,78.65
28/12/2018,77.55,90.8,88.8
29/12/2018,74.95,87.05,72.3
30/12/2018,75.35,97.4,85.4
31/12/2018,69.3,93.75,89.5
01/01/2019,73.05,97.25,79.35
02/01/2019,73.35,97.3,78.55
03/01/2019,66.85,94.4,75.8
04/01/2019,68.3,95.7,76.05
05/01/2019,74.5,97.2,64.35
06/01/2019,72.35,96,67.65
07/01/2019,63.5,95.85,74.2
08/01/2019,67.25,97.25,74.1
09/01/2019,70.35,94.8,60.15
10/01/2019,69.9,93.15,75.75
11/01/2019,71.95,97.2,77.75
12/01/2019,75.35,95.9,79.4
13/01/2019,75.25,94.7,86.5
14/01/2019,71.95,96.05,78.75
15/01/2019,75.4,95.4,76.4
16/01/2019,80.55,94.65,63.2
17/01/2019,74.5,92.4,83.1
18/01/2019,72.05,93.45,77.8
19/01/2019,68.85,84.4,69.1
20/01/2019,67.45,94.95,74.85
21/01/2019,69.25,96.25,81.6
22/01/2019,64.7,96.15,90.4
23/01/2019,79.6,96.85,79.65
24/01/2019,71.6,91.65,66.65
25/01/2019,72,92.7,79.45
26/01/2019,80.9,97.65,84.7
27/01/2019,75.95,93.75,87.2
28/01/2019,66.3,65.6,66.3
29/01/2019,64.3,41.05,79.35
30/01/2019,65.15,51.3,60.5
31/01/2019,69.45,66.4,71.2
01/02/2019,62.9,65.9,71.45
02/02/2019,67.75,58.6,83.15
03/02/2019,66.9,56,82.2
04/02/2019,68.95,69.4,71
05/02/2019,73.6,80,72.25
06/02/2019,75.1,83.65,75.35
07/02/2019,94.6,90.2,95.9
08/02/2019,84.55,83.65,74.85
09/02/2019,71.6,86.95,71.75
10/02/2019,66.15,67.45,75.45
11/02/2019,71.95,79.05,78.6
12/02/2019,69.6,76.75,72
13/02/2019,73.75,78.55,88.1
14/02/2019,82.25,74.6,87.6
15/02/2019,81.8,80.3,79.55
16/02/2019,82.9,72.9,77.7
17/02/2019,79.1,75.05,66.6
18/02/2019,79.6,83.25,86.1
19/02/2019,80.4,91.75,78.9
20/02/2019,73.2,74.6,80.45
21/02/2019,67.65,71.95,83.2
22/02/2019,71.9,59.35,62.75
23/02/2019,69.4,63.4,56.45
24/02/2019,73.7,64.15,88.35
25/02/2019,63.1,60.3,66.85
26/02/2019,55.95,46.4,15.2
27/02/2019,79.85,90.5,87.2
28/02/2019,72.95,87.85,69.15
01/03/2019,59.35,50.8,61.6
02/03/2019,68.2,66.35,59.85
03/03/2019,80.5,86.65,77.9
04/03/2019,76.2,69.6,81.7
05/03/2019,79.25,70.6,85
06/03/2019,69.35,64.4,58.05
07/03/2019,64.85,61.75,80.25
08/03/2019,79.65,83.2,76.95
09/03/2019,74.8,78.45,63.65
10/03/2019,65.7,53.45,62.6
11/03/2019,65.3,55.8,71.05
12/03/2019,50.9,48.25,56.25
13/03/2019,44.95,43.45,56.15
14/03/2019,56.45,48.65,66.1
15/03/2019,50.45,37.35,60.25
16/03/2019,43.45,43.85,68.95
17/03/2019,48.3,49.8,69.95
18/03/2019,55.4,59.45,69.35
19/03/2019,69.95,59.35,81.85
20/03/2019,62.9,63,58.9
21/03/2019,63.4,55.4,61.2
22/03/2019,49.05,59.8,56.1
23/03/2019,45.55,61.55,49.2
24/03/2019,57.65,61.35,89.95
25/03/2019,66.4,71.75,71.55
26/03/2019,86.25,79.45,71
27/03/2019,61.2,81.45,80.7
28/03/2019,58.6,65.95,91.35
29/03/2019,70.25,78.9,93.45
30/03/2019,94.95,87.95,92.95
31/03/2019,84.75,72.3,92.95
01/04/2019,60.5,55.55,64.95
02/04/2019,52.3,59.85,69.05
03/04/2019,63.15,75.6,62.1
04/04/2019,75.85,93.4,84.25
05/04/2019,88.45,94.35,86.4
06/04/2019,89.85,97.7,85.9
07/04/2019,85.95,83.7,82.85
08/04/2019,64.05,83.95,81.9
09/04/2019,69.35,88.25,72.2
10/04/2019,72.95,88.25,81.8
11/04/2019,74.35,88.55,71.95
12/04/2019,69.4,90.7,69.35
13/04/2019,85.5,86.45,84.85
14/04/2019,80,84.05,84.4
15/04/2019,85.5,88.25,87.6
16/04/2019,76.8,88.15,76.4
17/04/2019,81.2,73.4,90.6
18/04/2019,59.95,68.85,62.6
19/04/2019,56.1,58.55,52.55
20/04/2019,51.35,67.2,53.7
21/04/2019,69.8,74.8,89.8
22/04/2019,63.2,78.7,57.05
23/04/2019,66.75,79.75,66.4
24/04/2019,61.55,76.9,68.45
25/04/2019,64.95,81.5,74.15
26/04/2019,73.9,84.3,73.15
27/04/2019,87.75,95,81
28/04/2019,71.15,77.6,77.1
29/04/2019,85.45,83.7,97.8
30/04/2019,84.7,72.85,96.8
01/05/2019,76.2,67.75,73.95
02/05/2019,51.15,63.15,74.15
03/05/2019,66.5,77.9,73.45
04/05/2019,63.95,86.4,76.15
05/05/2019,79.25,78.2,92.65
06/05/2019,58.85,73.75,70.7
07/05/2019,57.5,72.45,69.2
08/05/2019,57,76.05,83.25
09/05/2019,64.75,79.1,78.9
10/05/2019,65.3,79.15,76.9
11/05/2019,75.3,74.9,50.7
12/05/2019,79.45,70.4,82.7
13/05/2019,84.05,81.55,79.5
14/05/2019,82.15,82.85,83.55
15/05/2019,75.55,73.9,81.8
16/05/2019,84.7,84.65,81.45
17/05/2019,82.5,73.55,93
18/05/2019,71.8,76.45,87.85
19/05/2019,54.7,62.65,76.75
20/05/2019,73.75,73.6,74.55
21/05/2019,86.6,72.4,82.2
22/05/2019,91.35,81.7,83.7
23/05/2019,83.25,80.2,91
24/05/2019,87.7,79.3,83.6
25/05/2019,89.35,78.45,85
26/05/2019,90.3,82.45,84.95
27/05/2019,86.9,86.95,70.5
28/05/2019,75.8,79.75,79.05
29/05/2019,90.35,87.25,80.05
30/05/2019,79.35,80.6,76.85
31/05/2019,68.5,79.15,30.25
01/06/2019,75.4,83.15,83.2
02/06/2019,75.2,84.7,81.7
03/06/2019,77.95,90.2,85.75
04/06/2019,73.9,86.5,80.9
05/06/2019,81.1,92.25,78.85
06/06/2019,91.75,96.9,91.7
07/06/2019,65.95,80.65,79.1
08/06/2019,79.55,83.6,92.65
09/06/2019,87.45,87.1,86.05
10/06/2019,76.15,85.45,78.6
11/06/2019,71.95,76.5,73.9
12/06/2019,65.5,63.95,80.2
13/06/2019,66.35,85,82.15
14/06/2019,86.55,90.7,90.75
15/06/2019,81.75,90.8,93.55
16/06/2019,87.3,82.2,89.65
17/06/2019,87.35,89.05,90.25
18/06/2019,80.35,81.35,87.2
19/06/2019,72.05,85.3,76.85
20/06/2019,59.55,76.3,66.7
21/06/2019,65.8,85.1,69.85
22/06/2019,94.25,98,93.95
23/06/2019,83.3,93.4,87.3
24/06/2019,68.4,87.85,78.7
25/06/2019,86,86.25,81.95
26/06/2019,87.25,93.65,95.75
27/06/2019,90.7,90.1,93.6
28/06/2019,81.25,90.85,89.2
29/06/2019,78.7,92,89.85
30/06/2019,80,93.55,79.5
01/07/2019,70.35,84.25,79
02/07/2019,71.85,89.5,86.75
03/07/2019,74.7,89.2,87.3
04/07/2019,76.45,93.45,89.2
05/07/2019,76.25,90.4,82
06/07/2019,79.15,81.7,80.65
07/07/2019,78.4,92.8,80.9
08/07/2019,79.15,94.5,85.65
09/07/2019,90.45,97.1,92.1
10/07/2019,80,89.65,81.05
11/07/2019,84.1,97.1,85.75
12/07/2019,92.35,91.9,90
13/07/2019,86.95,93.35,88.1
14/07/2019,86.6,97.05,85.5
15/07/2019,84.85,96.05,83.6
16/07/2019,81.1,94.3,90
17/07/2019,76.55,86.3,78.65
18/07/2019,76.65,91.75,75.45
19/07/2019,77.55,91,84
20/07/2019,82.15,89.2,81.55
21/07/2019,83,92.45,80.55
22/07/2019,75.95,91.8,84.65
23/07/2019,83.75,96.2,81.65
24/07/2019,86,97.1,82.25
25/07/2019,88.5,97,90.85
26/07/2019,80.3,88.15,87.9
27/07/2019,81.75,97.05,77.55
28/07/2019,75.25,86.7,79.7
29/07/2019,71.65,95.35,80.6
30/07/2019,79.55,93.4,78.5
31/07/2019,72.9,89.9,80.5
01/08/2019,82.35,94.5,76.2
02/08/2019,75.65,94.35,73.9
03/08/2019,79.5,86.75,76.45
04/08/2019,83.55,98.05,74.2
05/08/2019,82.55,94.2,77.95
06/08/2019,72.55,90.2,80.45
07/08/2019,78.4,96.3,77.6
08/08/2019,87.2,98.05,77.75
09/08/2019,79.65,94.45,82.3
10/08/2019,71.05,91.85,82.5
11/08/2019,72.95,84.2,77.4
12/08/2019,69.15,86.15,67.3
13/08/2019,74.8,86.85,78.15
14/08/2019,73,77.05,73.9
15/08/2019,87.55,95.2,84.95
16/08/2019,78.6,90,85.85
17/08/2019,76.7,99,83.5
18/08/2019,80.05,93.5,85.35
19/08/2019,82.95,87.4,89.5
20/08/2019,76.45,95.15,90.4
21/08/2019,74.3,93.55,87.5
22/08/2019,72.25,78.5,84.7
23/08/2019,75.55,89.95,83.45
24/08/2019,79.8,88.95,94.45
25/08/2019,85.4,97,89.8
26/08/2019,69.5,89,97.5
27/08/2019,67.75,80.2,89.4
28/08/2019,69.4,89.25,72.8
29/08/2019,87.2,90.35,91.5
30/08/2019,61.85,95.3,76.65
31/08/2019,90.4,99,94.55
01/09/2019,85.7,89.25,86.85
02/09/2019,82.55,88.1,76.15
03/09/2019,89,92.6,80.2
04/09/2019,88.85,89.2,85.85
05/09/2019,86.85,91.6,93.25
06/09/2019,87.6,85.65,83.4
07/09/2019,83.55,92.5,76.6
08/09/2019,81.6,89.15,77.55
09/09/2019,82.1,94.4,86.75
10/09/2019,86.25,96.6,76.5
11/09/2019,85.3,91.75,73.55
12/09/2019,83.4,97.1,89.95
13/09/2019,85.75,94.25,88.95
14/09/2019,90.15,94.25,91.3
15/09/2019,91.5,98,82.65
16/09/2019,89.85,95.1,95.75
17/09/2019,91.05,96.05,90.85
18/09/2019,93.2,97.95,88.95
19/09/2019,92.05,89.2,86.1
20/09/2019,80.35,85.5,84.4
21/09/2019,83.6,87.6,88.8
22/09/2019,86.2,90.4,87.65
23/09/2019,93.3,97.95,91.35
24/09/2019,86.6,95,90.6
25/09/2019,84.05,93,91.6
26/09/2019,88.15,97.9,90.35
27/09/2019,91.2,94.9,87.95
28/09/2019,90.3,96.85,90.65
29/09/2019,88.1,88.5,72.8
30/09/2019,83.4,91.45,76.85
01/10/2019,79.05,92.75,70.75
02/10/2019,85.4,92.45,92.35
03/10/2019,80.5,90.05,87.8
04/10/2019,81.9,92.95,88
05/10/2019,86,96.95,78.45
06/10/2019,81.75,90,68.65
07/10/2019,87.35,90.8,80.7
08/10/2019,85.75,92.95,71.4
09/10/2019,80.75,85.2,78.8
10/10/2019,83.4,85.05,87.8
11/10/2019,81.3,87.65,88
12/10/2019,81.4,92.65,78.45
13/10/2019,79.1,90.95,74.8
14/10/2019,78.65,93.55,80.7
15/10/2019,77.7,87.95,71.4
16/10/2019,75.2,83.15,79
17/10/2019,80.3,84.85,73.8
18/10/2019,78,89.65,85.6
19/10/2019,76.25,84.7,83.2
20/10/2019,86.55,78.25,90.8
21/10/2019,81.4,83,83.35
22/10/2019,76.5,88.1,75.05
23/10/2019,82.9,90.35,81.45
24/10/2019,74.2,77.65,84.3
25/10/2019,77.1,89.25,83.1
26/10/2019,70.45,74.15,72.15
27/10/2019,73.95,82.2,71.95
28/10/2019,79.85,90,78.3
29/10/2019,77.35,85.1,76.2
30/10/2019,81.25,84.3,85.35
31/10/2019,75.35,86.45,88.1
01/11/2019,80.8,90.3,82.95
02/11/2019,80.4,86.3,78.8
03/11/2019,78,82.55,76.75
04/11/2019,87.45,83.9,95
05/11/2019,79.6,85.6,71.7
06/11/2019,80.4,84.2,72.4
07/11/2019,83,80.95,81.5
08/11/2019,78.25,79.95,90.35
09/11/2019,75.25,81.8,74.95
10/11/2019,81.7,83.7,76.95
11/11/2019,80.45,90.1,77.9
12/11/2019,83,89.45,85.95
13/11/2019,78.7,87.05,84.45
14/11/2019,78.95,79.1,85.9
15/11/2019,75.8,78.7,85.1
16/11/2019,83.9,89.4,93.05
17/11/2019,72.9,87.6,87.25
18/11/2019,78.05,91.9,75.55
19/11/2019,82.7,82.45,86.2
20/11/2019,86.75,95.2,89.85
21/11/2019,87.35,91.75,94
22/11/2019,83.15,79.9,88.7
23/11/2019,88.95,84.4,87.8
24/11/2019,85.4,92,82.8
25/11/2019,86.65,95.15,80.2
26/11/2019,78.35,71.35,77.2
27/11/2019,82,85.85,88.9
28/11/2019,86.1,76.65,90.45
29/11/2019,89.1,69.05,83.7
30/11/2019,76.2,64.05,80.9
01/12/2019,77.9,79.95,90.1
02/12/2019,82.15,90.25,77.85
03/12/2019,80.5,89.4,81.4
04/12/2019,81.7,83.5,77.65
05/12/2019,78.25,60.6,88.35
06/12/2019,74.6,59.65,78.45
07/12/2019,76.15,66.2,74.35
08/12/2019,81.65,74.25,83.15
09/12/2019,79.15,89.3,74.8
10/12/2019,81.75,90.65,84.75
11/12/2019,79.75,88.1,93.05
12/12/2019,84.6,91.65,98.8
13/12/2019,89.15,92.15,87.3
14/12/2019,87.05,90.7,76.7
15/12/2019,86.85,57.9,84.5
16/12/2019,86.9,77.3,84.55
17/12/2019,85.15,80.35,86.05
18/12/2019,90.5,79.1,82.9
19/12/2019,80.45,79.85,91.45
20/12/2019,84.9,79.85,87.8
21/12/2019,87.05,79.65,90.45
22/12/2019,82.6,80.4,90
23/12/2019,91.3,78.2,85.05
24/12/2019,80.8,85,92.65
25/12/2019,86.7,88.95,93.8
26/12/2019,92.85,85.75,81.15
27/12/2019,80.75,74.45,83.35
28/12/2019,76.7,72.85,77.6
29/12/2019,79.8,70.05,81.7
30/12/2019,74.95,49.75,80.95
31/12/2019,74.05,36.4,94.2
01/01/2020,74.2,54.72,78
02/01/2020,66.1,56.745,85.65
03/01/2020,87.75,93.155,94.65
04/01/2020,85.6,78.545,95.1
05/01/2020,80.25,81.82,93.9
06/01/2020,83.3,72.3,82.25
07/01/2020,85.75,91.635,83.1
08/01/2020,91.75,91.67,92.55
09/01/2020,92.2,80.105,95.25
10/01/2020,85.4,84.185,93
11/01/2020,88.8,75.32,85.5
12/01/2020,88.15,70.825,96.95
13/01/2020,81.9,75.875,92.75
14/01/2020,80.85,78.56,84.35
15/01/2020,78.85,79.535,80.4
16/01/2020,95.8,95.98,82.5
17/01/2020,97.5,98.59,89.8
18/01/2020,86.55,77.96,95.8
19/01/2020,75.1,66.065,94.3
20/01/2020,73.05,65.245,80.1
21/01/2020,83.8,72.07,81.8
22/01/2020,76.75,65.23,86.7
23/01/2020,81.15,74.965,84.35
24/01/2020,77.95,87.95,83.45
25/01/2020,77.85,78.24,81.15
26/01/2020,84.1,87.69,85.85
27/01/2020,76.15,93.37,79.6
28/01/2020,76,72.43,81.15
29/01/2020,76.1,74.05,74.3
30/01/2020,77.25,85.815,86.35
31/01/2020,72.2,71.23,89.9
01/02/2020,71.67,82.665,79.7
02/02/2020,68.474,75.015,72.7
03/02/2020,71.394,77.48,63.3
04/02/2020,69.272,78.935,81.5
05/02/2020,71.226,72.995,79.65
06/02/2020,70.894,75.885,72.9
07/02/2020,79.36,88.185,73.25
08/02/2020,71.45,94.18,91
09/02/2020,63.15,66.245,91.8
10/02/2020,59.84,64.835,84.1
11/02/2020,61.45,69.86,82.7
12/02/2020,65.95,72.84,80.85
13/02/2020,68.6,71.92,79.65
14/02/2020,67.65,74.515,80.85
15/02/2020,78.55,88.925,76.7
16/02/2020,72.45,89.445,80.05
17/02/2020,75.15,85.175,92.65
18/02/2020,76.6,84.37,88.75
19/02/2020,84.84666667,91.85,89.3
20/02/2020,73.6,87.765,86.5
21/02/2020,85.9,89.26,94.3
22/02/2020,75.55,69.54,85.65
23/02/2020,64.75,70.355,90.1
24/02/2020,66.42666667,66.925,76.75
25/02/2020,81.91666667,93.315,86.55
26/02/2020,84.334,87.33,88.95
27/02/2020,74.008,91.22,81.95
28/02/2020,69.314,79.425,83.3
29/02/2020,66,76.825,84
01/03/2020,76.068,77.42,88.75
02/03/2020,65.118,67.94,64.95
03/03/2020,72.052,79.545,85.5
04/03/2020,69.704,82.585,84.65
05/03/2020,63.544,76.09,86.1
06/03/2020,58.806,72.685,75.3
07/03/2020,71.914,90.26,89.8
08/03/2020,65.964,75.39,87.75
09/03/2020,67.368,76.32,77.45
10/03/2020,70.162,89.15,79.7
11/03/2020,68.448,73.24,83.8
12/03/2020,60.978,65.675,88.95
13/03/2020,69.756,83.255,81.35
14/03/2020,62.306,74.26,78.6
15/03/2020,54.118,75.76,69.45
16/03/2020,57.002,63.3,65.65
17/03/2020,60.956,71.69,77.6
18/03/2020,69.864,73.53,83.35
19/03/2020,73.798,78.015,87.8
20/03/2020,74.532,85.2,90.5
21/03/2020,71.276,72.04,84.9
22/03/2020,65.854,81.55,92.3
23/03/2020,67.242,73.205,57.35
24/03/2020,65.692,76.86,66.95
25/03/2020,75.476,86.6,83.15
26/03/2020,69.868,75.39,82
27/03/2020,71.746,70.22,86.6
28/03/2020,59.326,68.35,55.55
29/03/2020,60.76,68.065,67.45
30/03/2020,55.72,66.46,78.75
31/03/2020,61.258,78.465,71.5
01/04/2020,82.036,74.16,84.55
02/04/2020,65.288,71.445,64
03/04/2020,52.148,67.4,84.75
04/04/2020,61.488,75.285,52.7
05/04/2020,54.308,72.315,64.55
06/04/2020,55.248,76.52,62.95
07/04/2020,56.798,66.53,49.45
08/04/2020,57.16,63.985,68.8
09/04/2020,58.688,66.055,73.85
10/04/2020,51.346,68.025,62.15
11/04/2020,55.986,70.275,58.45
12/04/2020,58.43,72.595,78.45
13/04/2020,65.874,78.505,72.25
14/04/2020,76.32,79.36,74.9
15/04/2020,65.466,81.96,81.75
16/04/2020,72.674,77.565,73.1
17/04/2020,79.27,89.645,92.25
18/04/2020,81.268,79.745,86.6
19/04/2020,66.708,73.185,79
20/04/2020,63.28,75.065,69.4
21/04/2020,77.404,90.37,92.65
22/04/2020,69.566,82.435,82.55
23/04/2020,80.576,85.985,89.65
24/04/2020,72.554,85.355,87.3
25/04/2020,80.47,87.005,79.75
26/04/2020,70.282,84.94,81.55
27/04/2020,85.232,96.68,86.8
28/04/2020,73.544,76.65,80.7
29/04/2020,70.272,79.795,69.15
30/04/2020,78.262,86.565,67.9
01/05/2020,77.17,87.995,81.75
02/05/2020,71.398,80.345,73.1
03/05/2020,69.808,84.6,74.35
04/05/2020,84.704,92.9,82.6
05/05/2020,78.89,78.725,78
06/05/2020,69.932,74.445,61.3
07/05/2020,74.864,77.88,71.4
08/05/2020,63.142,76.57,64.15
09/05/2020,67.926,87.7,80.95
10/05/2020,78.07,85.14,81.7
11/05/2020,70.384,82.125,87.05
12/05/2020,74.438,82.955,89.35
13/05/2020,69.492,82.37,75.15
14/05/2020,69.774,73.6,81.8
15/05/2020,80.676,90.645,89.65
16/05/2020,78.714,76.035,83.05
17/05/2020,69.854,69.35,76.55
18/05/2020,68.196,72.17,78.95
19/05/2020,70.09,56.03,79.7
20/05/2020,69.544,66.275,78.9
21/05/2020,65.966,70.075,63.75
22/05/2020,79.756,95.805,82.1
23/05/2020,89.542,88.765,81.5
24/05/2020,80.85,74.025,94.6
25/05/2020,81.982,75.02,90.6
26/05/2020,85.238,73.165,89.95
27/05/2020,90.064,69.5,92.25
28/05/2020,68.366,74.9,67.4
29/05/2020,80.198,73.125,89.95
30/05/2020,71.892,76.17,80.15
31/05/2020,86.038,80.26,75.7
01/06/2020,86.638,89.16,75.25
02/06/2020,83.206,86.86,90.1
03/06/2020,82.978,85.885,87.5
04/06/2020,74.574,84.82,88
05/06/2020,82.702,89.49,83.3
06/06/2020,92.028,89.98,87
07/06/2020,80.54,96.295,81.3
08/06/2020,73.886,85.8,74.1
09/06/2020,73.294,88.705,85.05
10/06/2020,75.386,87.16,72.4
11/06/2020,72.146,89.645,73.8
12/06/2020,75.52,88.115,79.15
13/06/2020,72.63,90.515,82.3
14/06/2020,71.298,89.745,73.7
15/06/2020,83.726,95.445,81.3
16/06/2020,81.47,87.905,75.2
17/06/2020,76.542,93.095,82.55
18/06/2020,79.198,91.455,79.75
19/06/2020,85.644,93.775,87.6
20/06/2020,96.49,97.155,95
21/06/2020,83.328,94.655,84.1
22/06/2020,89.038,94.675,91.45
23/06/2020,83.786,97.27,80.25
24/06/2020,75.62,90.595,84.15
25/06/2020,87.03,97.24,77.4
26/06/2020,81.604,96.395,85.6
27/06/2020,82.716,97.21,92.95
28/06/2020,90.418,98.125,88.45
29/06/2020,85.27,95.61,80.2
30/06/2020,79.514,92.915,85.55
01/07/2020,70.756,93.895,85.45
02/07/2020,74.374,98.23,85.6
03/07/2020,91.234,95.53,90.3
04/07/2020,81.042,95.45,81.9
05/07/2020,76.03,88.76,80.55
06/07/2020,79.992,82.81,91.9
07/07/2020,88.75,95.465,77.15
08/07/2020,78.572,92.325,91.2
09/07/2020,91.146,97.27,92.65
10/07/2020,91.598,98.13,88.15
11/07/2020,84.7,96.375,91.7
12/07/2020,86.72,98.145,93.6
13/07/2020,91.334,98.155,90.15
14/07/2020,89.684,97.235,89.3
15/07/2020,74.896,84.86,80.75
16/07/2020,76.608,97.305,86.55
17/07/2020,83.714,97.26,88.7
18/07/2020,85.572,97.215,86.8
19/07/2020,94.474,97.18,96.55
20/07/2020,96.114,99.045,97.8
21/07/2020,82.66,94.595,83.4
22/07/2020,80.286,96.375,88.55
23/07/2020,89.41,96.745,94.05
24/07/2020,90.26,97.315,87.6
25/07/2020,81.454,97.275,83.95
26/07/2020,78.858,94.735,89.5
27/07/2020,91.194,97.25,86.6
28/07/2020,92.262,97.24,82.4
29/07/2020,81.23,95.5,90
30/07/2020,82.516,92.86,88.45
31/07/2020,85.502,96.335,83.75
01/08/2020,88.398,97.285,90.75
02/08/2020,79.82,94.775,84.7
03/08/2020,79.728,92.025,83.55
04/08/2020,71.44,87.335,75.95
05/08/2020,81.06,92.465,91.8
06/08/2020,78.068,87.08,85.4
07/08/2020,77.558,89.335,87.05
08/08/2020,87.58,98.625,86.8
09/08/2020,83.602,98.17,86.55
10/08/2020,81.274,98.185,87.75
11/08/2020,86.69,94.8,89.9
12/08/2020,89.804,95.545,88.65
13/08/2020,79.064,95.67,89.65
14/08/2020,76.296,95.735,87.3
15/08/2020,85.464,96.385,87.15
16/08/2020,81.332,95.54,86.45
17/08/2020,81.676,94.735,84.8
18/08/2020,93.48,97.32,91.25
19/08/2020,87.358,99.085,91.05
20/08/2020,79.44,91.94,81.7
21/08/2020,79.462,89.895,86.85
22/08/2020,82.2,96.835,86.35
23/08/2020,78.256,93.77,90.45
24/08/2020,81.798,95.525,84.9
25/08/2020,80.604,95.575,84.15
26/08/2020,80.294,95.725,91.95
27/08/2020,76.434,97.23,82.95
28/08/2020,82.208,97.175,82.05
29/08/2020,78.022,97.19,90.3
30/08/2020,75.218,97.31,80.75
31/08/2020,83.884,97.175,90.65
01/09/2020,81.672,98.205,80
02/09/2020,86.018,97.275,89.95
03/09/2020,84.25,94.705,85.25
04/09/2020,79.754,92.35,81.05
05/09/2020,81.788,97.265,84.85
06/09/2020,85.348,97.285,86.85
07/09/2020,89.02,97.285,90.45
08/09/2020,87.088,98.155,93.65
09/09/2020,91.436,96.77,90.05
10/09/2020,85.118,98.145,88.15
11/09/2020,95.132,97.275,85.2
12/09/2020,80.984,97.32,87.65
13/09/2020,86.588,98.135,91.15
14/09/2020,90.25,98.13,93.45
15/09/2020,95.176,98.115,92.8
16/09/2020,92.356,99.05,91.05
17/09/2020,91.206,98.145,93.8
18/09/2020,92.346,96.345,94.2
19/09/2020,84.686,95.62,86.25
20/09/2020,78.03,86.045,85.8
21/09/2020,80.206,93.85,91.75
22/09/2020,83.764,97.225,86.9
23/09/2020,97.342,96.57,98.65
24/09/2020,97.786,98.03,96.35
25/09/2020,87.432,86.945,79.15
26/09/2020,80.878,97.095,88.2
27/09/2020,77.302,96.15,77.1
28/09/2020,75.122,94.15,80.6
29/09/2020,77.66,96.15,86.3
30/09/2020,80.47,96.25,87.9
01/10/2020,78.772,92.7,79.1925
02/10/2020,82.508,88.3,86.4675
03/10/2020,80.346,98,83.58583333
04/10/2020,80.726,93.4,83.62
05/10/2020,75.26,97.15,81.71833333
06/10/2020,77.504,88.05,79.90416667
07/10/2020,72.698,94.4,84.945
08/10/2020,73.274,93.25,80.27083333
09/10/2020,70.176,93.4,80.075
10/10/2020,73.458,92.65,83.50166667
11/10/2020,74.698,96.25,82.93583333
12/10/2020,77.304,94.2,79.6
13/10/2020,78.336,94.4,80.69416667
14/10/2020,78.554,98.05,85.505
15/10/2020,76.444,90.6,80.56666667
16/10/2020,73.848,96.15,81.19416667
17/10/2020,75.202,98.1,81.5175
18/10/2020,76.418,95.25,84.09916667
19/10/2020,81.238,96.95,80.09833333
20/10/2020,75.132,94.8,82.89416667
21/10/2020,73.968,95.5,84.59083333
22/10/2020,73.12,94.9,82.92833333
23/10/2020,75.38,94.95,84.925
24/10/2020,73.932,95.85,82.42
25/10/2020,72.438,94.8,85.88
26/10/2020,69.796,94.6,82.7075
27/10/2020,65.902,96.85,80.755
28/10/2020,63.826,97.4,78.7625
29/10/2020,62.854,94.05,83.05833333
30/10/2020,62.122,97.1,84.30833333
31/10/2020,63.87,97.1,83.94666667
01/11/2020,67.242,97.15,80.53083333
02/11/2020,74.996,96,82.79166667
03/11/2020,73.138,95.95,76.72666667
04/11/2020,73.884,96.95,80.8625
05/11/2020,73.18,95.8,77.39166667
06/11/2020,76.322,96.25,76.01833333
07/11/2020,74,95.3,78.93166667
08/11/2020,73.464,95.7,81.02
09/11/2020,65.4,97.85,80.245
10/11/2020,67.738,96.85,82.64416667
11/11/2020,65.18,91.05,81.22083333
12/11/2020,65.438,95.8,83.63833333
13/11/2020,67.906,98.9,85.61333333
14/11/2020,69.942,95.7,82.33333333
15/11/2020,67.058,94.6,89.01666667
16/11/2020,76.312,90.8,88.09
17/11/2020,70.346,78.25,88.6175
18/11/2020,68.698,86.9,89.98583333
19/11/2020,71.834,85.25,87.70166667
20/11/2020,70.498,76.95,86.22916667
21/11/2020,70.334,91.8,85.66333333
22/11/2020,73.766,83.2,86.62
23/11/2020,74.838,84.3,86.69083333
24/11/2020,73.988,83.7,86.625
25/11/2020,79.498,77.95,85.1475
26/11/2020,80.512,82.65,84.0225
27/11/2020,72.37,80.4,90.31666667
28/11/2020,71.358,88.9,90.57833333
29/11/2020,71.202,94.7,86.53416667
30/11/2020,71.304,93.3,87.73666667
01/12/2020,68.126,92.15,87.64
02/12/2020,67.94,89.8,85.43833333
03/12/2020,72.928,89.35,85.48
04/12/2020,76.008,91.7,82.11666667
05/12/2020,81.724,82.1,86.57166667
06/12/2020,79.042,82.9,84.78916667
07/12/2020,79.37,83.2,85.37916667
08/12/2020,80.184,86.2,83.30416667
09/12/2020,84.548,88.3,86.33833333
10/12/2020,85.466,87.15,87.2575
11/12/2020,87.314,93.2,86.96166667
12/12/2020,86.36,93.1,87.2325
13/12/2020,84.374,96.5,83.24083333
14/12/2020,84.022,95.15,79.1675
15/12/2020,80.648,96.25,85.47083333
16/12/2020,76.638,94.9,85.88333333
17/12/2020,74.532,93.3,87.62416667
18/12/2020,79.31,88.2,87.93
19/12/2020,79.9,93.5,86.42166667
20/12/2020,72.322,88.95,86.54
21/12/2020,73.314,96.35,85.9825
22/12/2020,68.594,96.3,86.11333333
23/12/2020,75.752,92.25,87.91083333
24/12/2020,73.316,94.9,87.24083333
25/12/2020,74.77,92.5,84.04
26/12/2020,75.302,92.5,83.0625
27/12/2020,75.484,89.8,81.9825
28/12/2020,74.62,92.7,84.33416667
29/12/2020,73.188,94.8,82.26833333
30/12/2020,68.636,96.75,85.25
31/12/2020,71.102,86.85,80.66333333
01/01/2021,72.692,84.45,84.935
02/01/2021,78.24,86.27,87.145
03/01/2021,73.13,81.985,94.64
04/01/2021,82.316,80.385,94.555
05/01/2021,84.78,84.6,86.575
06/01/2021,67.346,83.965,80.115
07/01/2021,69.51,92.59,79.505
08/01/2021,73.14,89.69,91.36
09/01/2021,76.59,88.59,87.56
10/01/2021,75.426,88.3,85.06
11/01/2021,79.694,91.3,88.05
12/01/2021,85.11,96.095,84.685
13/01/2021,78.716,94.74,88.93
14/01/2021,81.646,93.64,92.15
15/01/2021,84.132,89.075,90.22
16/01/2021,82.162,88.43,86.77
17/01/2021,71.488,84.05,88.62
18/01/2021,69.668,78.68,89.4
19/01/2021,74.454,86.065,84.18
20/01/2021,72.946,93.7,78.46
21/01/2021,86.102,96.085,82.555
22/01/2021,80.034,89.79,80.685
23/01/2021,71.68,75.58,81.975
24/01/2021,70.406,78.495,77.01
25/01/2021,68.152,79.37,77.67
26/01/2021,68.714,79.525,63.26
27/01/2021,71.574,81.23,87.525
28/01/2021,68.706,74.8,87.525
29/01/2021,62.304,61.36,84.935
30/01/2021,62.408,68.62,73.3
31/01/2021,62.396,66.825,66.175
01/02/2021,59.524,69.75,66.02
02/02/2021,58.008,66.05,69.28
03/02/2021,58.864,63.825,80.055
04/02/2021,60.05,62.67,82.535
05/02/2021,87.936,97.265,87.335
06/02/2021,70.694,82.675,83.325
07/02/2021,62.598,76.45,74.74
08/02/2021,60.038,67.715,85.585
09/02/2021,60.342,52.735,83.17
10/02/2021,66.892,69.05,86.175
11/02/2021,68.4,76.875,79.71
12/02/2021,71.794,82.905,77.2
13/02/2021,69.674,79.98,84.91
14/02/2021,67.914,89.88,85.85
15/02/2021,73.73,81.395,77.27
16/02/2021,75.426,70.04,89.29
17/02/2021,68.414,65.475,78.255
18/02/2021,61.2,62.685,70.135
19/02/2021,55.674,55.48,72.05
20/02/2021,54.352,54.415,58.615
21/02/2021,59.502,63.855,76.08
22/02/2021,61.396,72.54,67.335
23/02/2021,63.654,77.63,60.57
24/02/2021,63.932,75.765,78.34
25/02/2021,71.158,82.54,86.865
26/02/2021,76.96,94.64,86.32
27/02/2021,82.05,87.375,92.565
28/02/2021,75.786,93.63,79.26
01/03/2021,67.858,91.46,77.165
02/03/2021,59.662,98.4,77.09
03/03/2021,57.43,97.855,60.43
04/03/2021,62.37,96.71,66.105
05/03/2021,65.23,96.72,78.78
06/03/2021,66.75,96.76,79.95
07/03/2021,73.918,98.835,80.385
08/03/2021,75.21,95.825,95.35
09/03/2021,62.78,96.94,83
10/03/2021,75.588,89.085,91.3
11/03/2021,70.716,95.78,84.54
12/03/2021,63.228,97.995,52.97
13/03/2021,64.112,81.065,78.885
14/03/2021,63.478,78.365,78.435
15/03/2021,66.566,78.795,86.98
16/03/2021,71.88,71.655,67.695
17/03/2021,60.732,74.06,58.84
18/03/2021,66.55,75.26,65.355
19/03/2021,64.152,75.74,75.72
20/03/2021,64.958,83.105,65.53
21/03/2021,56.958,87.07,74.41
22/03/2021,54.03,96.12,74.74
23/03/2021,56.156,77.24,74.33
24/03/2021,51.452,79.635,70.61
25/03/2021,47.952,90.05,52.07
26/03/2021,47.128,97.09,59.375
27/03/2021,55.404,91.355,72.505
28/03/2021,63.496,96,71.62
29/03/2021,72.83,91.97,71.635
30/03/2021,62.23,91.465,79.865
31/03/2021,73.106,84.57,73.955
01/04/2021,77.248,91.645,91.27
02/04/2021,59.938,81.99,81.945
03/04/2021,51.082,96.015,57.04
04/04/2021,47.502,97.035,53.735
05/04/2021,51.41,97.115,62.255
06/04/2021,56.628,98.05,71.125
07/04/2021,57.738,97.615,69.655
08/04/2021,55.972,97.19,77.45
09/04/2021,52.778,98.14,63.56
10/04/2021,49.526,97.185,61.46
11/04/2021,42.474,97.215,52.38
12/04/2021,44.46,96.27,46.96
13/04/2021,47.002,97.155,52.14
14/04/2021,52.808,97.19,52.71
15/04/2021,58.296,92.655,65.525
16/04/2021,67.794,70.66,79.84
17/04/2021,70.65,63.345,83.87
18/04/2021,71.41,65.45,79.7
19/04/2021,57.974,75.565,77.215
20/04/2021,51.128,80.23,74.52
21/04/2021,65.854,79.375,74.895
22/04/2021,68.848,78.825,80.1
23/04/2021,56.692,77.49,68.975
24/04/2021,46.644,69.91,80.08
25/04/2021,43.066,77.185,58.61
26/04/2021,40.18,71.96,43.01
27/04/2021,45.75,62.72,67.65
28/04/2021,47.538,80.965,59.41
29/04/2021,53.044,64.16,66.775
30/04/2021,61.22,60.985,67.495
01/05/2021,64.804,60.985,86.395
02/05/2021,72.19,68.985,76.04
03/05/2021,82.906,80.235,69.67
04/05/2021,77.494,82,76.61
05/05/2021,83.562,89.065,83.25
06/05/2021,73.128,91.84,83.175
07/05/2021,81.91,84.205,84.63
08/05/2021,83.624,78.75,73.82
09/05/2021,70.256,75.625,91.345
10/05/2021,78.41,85.395,88.45
11/05/2021,74.758,74.46,93.025
12/05/2021,79.416,90.99,87.38
13/05/2021,79.942,87.945,78.565
14/05/2021,70.08,88.065,82.19
15/05/2021,73.304,89.525,83.545
16/05/2021,70.724,94.705,77.04
17/05/2021,70.64,84.045,69.82
18/05/2021,77.664,97.105,88.9
19/05/2021,79.248,95.11,88.865
20/05/2021,90.794,93.195,80.755
21/05/2021,71.216,84.66,78.305
22/05/2021,69.944,94.79,80.855
23/05/2021,66.15,90.75,68.11
24/05/2021,58,95.83,76.18
25/05/2021,75.072,96.485,79.495
26/05/2021,79.044,95.305,91.385
27/05/2021,96.198,94.125,93.675
28/05/2021,96.998,96.005,92.84
29/05/2021,91.636,90.795,86.8
30/05/2021,71.582,94.815,70.955
31/05/2021,76.288,97.26,74.33
01/06/2021,79.114,90.35,82.35
02/06/2021,70.012,94.645,76.04
03/06/2021,66.058,96.495,69.67
04/06/2021,70.082,96.46,76.61
05/06/2021,74.912,96.295,83.25
06/06/2021,78.152,97.305,92.505
07/06/2021,80.882,95.565,84.63
08/06/2021,73.668,97.43,73.82
09/06/2021,78.836,97.295,91.345
10/06/2021,80.914,92.82,88.45
11/06/2021,77.992,97.31,91.885
12/06/2021,79.994,97.715,87.38
13/06/2021,90.548,95.24,78.565
14/06/2021,86.012,87.41,95.03
15/06/2021,98.452,88.92,96.995
16/06/2021,97.666,98.11,97.445
17/06/2021,87.164,92.805,75.14
18/06/2021,78.178,97.265,87.88
19/06/2021,85.748,97.18,88.42
20/06/2021,85.97,98.195,82.025
21/06/2021,75.668,94.915,74.88
22/06/2021,74.932,98.21,91.04
23/06/2021,81.52,94.59,79.61
24/06/2021,81.778,92.08,82.67
25/06/2021,91.288,88.62,92.44
26/06/2021,80.456,97.31,80.48
27/06/2021,70.036,98.205,77.175
28/06/2021,83.714,98.18,82.245
29/06/2021,88.296,97.245,90.175
30/06/2021,90.052,98.15,86.76
01/07/2021,97.288,98.145,96.01
02/07/2021,97.226,97.19,95.885
03/07/2021,82.484,95.87,88.565
04/07/2021,81.826,98.135,83.62
05/07/2021,78.364,93.04,74.19
06/07/2021,81.774,96.415,82.44
07/07/2021,85.502,97.265,81.135
08/07/2021,93.964,93.88,92.535
09/07/2021,85.106,98.2,81.725
10/07/2021,81.068,95.5,83.81
11/07/2021,92.816,98.14,87.375
12/07/2021,83.23,98.175,78.58
13/07/2021,76.406,97.31,79.775
14/07/2021,82.484,98.24,86.98
15/07/2021,89.994,98.115,87.885
16/07/2021,89.538,96.41,85.69
17/07/2021,92.318,98.13,93.925
18/07/2021,88.198,96.38,88.655
19/07/2021,82.724,98.195,85.89
20/07/2021,78.246,91.49,86.605
21/07/2021,81.122,98.195,82.735
22/07/2021,80.144,97.34,84.72
23/07/2021,75.442,98.285,67.185
24/07/2021,75.582,97.465,78.31
25/07/2021,82.272,96.45,78.6
26/07/2021,93.772,98.135,90.25
27/07/2021,79.474,93.915,90.59
28/07/2021,77.084,97.325,81.95
29/07/2021,79.08,95.675,86.19
30/07/2021,83.984,92.13,81.15
31/07/2021,79.854,95.695,85.325
01/08/2021,77.434,97.355,83.01
02/08/2021,77.334,98.275,75.35
03/08/2021,83.632,98.175,89.52
04/08/2021,83.602,98.13,89.435
05/08/2021,72.506,66.615,81.08
06/08/2021,72.402,98.32,81.285
07/08/2021,79.106,90.825,83.7
08/08/2021,87.514,98.225,95.27
09/08/2021,84.344,93.98,86.935
10/08/2021,77.904,96.515,88.485
11/08/2021,79.682,97.33,85.505
12/08/2021,83.642,98.175,86.375
13/08/2021,86.08,94.79,86.33
14/08/2021,87.8,95.98,90.435
15/08/2021,89.642,96.38,80.32
16/08/2021,81.242,96.425,84.155
17/08/2021,81.674,98.205,73.98
18/08/2021,82.13,96.395,83.965
19/08/2021,84.05,94.68,84.175
20/08/2021,78.602,97.3,81.595
21/08/2021,82.57,92.805,85.825
22/08/2021,80.672,95.025,79.215
23/08/2021,97.302,99.045,87.905
24/08/2021,95.486,98.085,85.795
25/08/2021,86.578,97.23,90.135
26/08/2021,93.114,98.155,90.88
27/08/2021,95.814,98.07,90.78
28/08/2021,84.488,96.63,90.325
29/08/2021,96.544,98.055,90.28
30/08/2021,93.042,96.255,90.265
31/08/2021,81.922,94.665,88.21
01/09/2021,80.636,98.18,83.23
02/09/2021,88.196,97.2,78.06
03/09/2021,94.218,98.075,89.175
04/09/2021,79.952,94.625,83.22
05/09/2021,80.372,93.17,80.355
06/09/2021,83.454,97.23,88.6
07/09/2021,86.596,97.255,85.23
08/09/2021,78.17,95.4,81.825
09/09/2021,84.314,97.205,84.535
10/09/2021,75.596,98.23,88.375
11/09/2021,73.546,97.36,77.315
12/09/2021,70.38,94.86,74.62
13/09/2021,73.364,98.255,87.625
14/09/2021,77.972,95.6,79.12
15/09/2021,91.142,97.155,91.195
16/09/2021,89.332,97.035,91.785
17/09/2021,93.34,98.06,90.295
18/09/2021,79.256,95.425,86.53
19/09/2021,78.09,97.335,83.035
20/09/2021,91.332,97.64,92.095
21/09/2021,80.758,94.61,90.225
22/09/2021,85.102,96.36,90.055
23/09/2021,76.376,98.14,87.265
24/09/2021,79.282,96.355,92.11
25/09/2021,82.5,97.245,86.54
26/09/2021,77.482,97.295,89.28
27/09/2021,75.722,97.345,88.5
28/09/2021,85.452,98.15,89.33
29/09/2021,84.084,98.165,86.6
30/09/2021,85.024,96.28,91.475
01/10/2021,86.1,98.12,86.755
02/10/2021,91.756,98.055,94.005
03/10/2021,78.644,97.26,82.715
04/10/2021,78.722,97.2,94.82
05/10/2021,83.744,96.29,90.06
06/10/2021,81.618,97.185,86.625
07/10/2021,89.086,91.745,86.37
08/10/2021,84.466,90.89,98.025
09/10/2021,81.528,97.255,90.35
10/10/2021,79.86,95.45,84.86
11/10/2021,76.382,96.445,79.665
12/10/2021,74.204,96.48,78.3
13/10/2021,71.748,96.455,83.315
14/10/2021,69.562,94.305,92.13
15/10/2021,70.9,98.215,81.4
16/10/2021,70.76,98.245,77.065
17/10/2021,78.798,98.255,82.055
18/10/2021,97.272,92.295,93.595
19/10/2021,91.59,97.075,93.79
20/10/2021,87.706,92.725,86.615
21/10/2021,87.238,96.985,91.645
22/10/2021,92.162,96.94,90.27
23/10/2021,86.278,96.985,85.45
24/10/2021,79.748,90.765,86.42
25/10/2021,76.21,98.045,80.48
26/10/2021,76.288,97.095,87.895
27/10/2021,77.56,97.085,86.68
28/10/2021,75.186,97.98,81.525
29/10/2021,77.23,97.04,83.7
30/10/2021,76.402,96.99,90.6
31/10/2021,79.278,95.725,99.03
01/11/2021,78.222,92.585,79.935
02/11/2021,77.34,96.875,87.1
03/11/2021,77.616,96.85,82.06
04/11/2021,78.858,97.8,79.575
05/11/2021,78.784,96.75,87.55
06/11/2021,80.114,96.68,68.21
07/11/2021,75.072,97.825,79.79
08/11/2021,73.728,97.885,92.77
09/11/2021,73.894,97.885,83.32
10/11/2021,69.782,81.315,89.115
11/11/2021,70.13,63.68,82.625
12/11/2021,73.96,81.86,93.43
13/11/2021,78.848,78.825,93.43
14/11/2021,76.55,79.855,83.8
15/11/2021,67.164,80.17,88.4
16/11/2021,72.682,82.38,94.79
17/11/2021,71.32,78.76,88.455
18/11/2021,84.562,72.67,94.365
19/11/2021,83.058,82.35,94.81
20/11/2021,85.896,90.8,95.225
21/11/2021,83.31166667,86.375,84.83
22/11/2021,84.018,93.33,90.37
23/11/2021,85.85,96.48,86.495
24/11/2021,83.594,91.17,82.15
25/11/2021,93.242,89.59,92.835
26/11/2021,82.414,82.53,84.685
27/11/2021,77.872,78.54,92.7
28/11/2021,81.23,74.595,87.52
29/11/2021,82.402,77.71,90.355
30/11/2021,81.728,83.645,87.62
01/12/2021,76.382,83.6,86.74
02/12/2021,76.986,93.3,91.28
03/12/2021,91.252,92.075,91.28
04/12/2021,91.588,78.585,87.75
05/12/2021,81.842,84.45,89.38
06/12/2021,83.056,86.01,86.385
07/12/2021,77.622,73.885,93.875
08/12/2021,79.38,76.99,91.775
09/12/2021,78.222,68.975,92.13
10/12/2021,78.254,78.64,89.895
11/12/2021,78.332,78.28,90.67
12/12/2021,73.374,53.41,85.395
13/12/2021,74.186,66.765,85.395
14/12/2021,73.77,72.28,82.605
15/12/2021,78.262,65.035,88.975
16/12/2021,80.274,68.425,89.8
17/12/2021,80.122,69.87,90.595
18/12/2021,80.36,83.645,89.93
19/12/2021,72.102,56.225,87.88
20/12/2021,71.008,68.905,89.99
21/12/2021,73.618,66.72,86.545
22/12/2021,72.726,61.71,89.93
23/12/2021,74.254,78.945,87.965
24/12/2021,73.878,80.38,86.545
25/12/2021,75.99,74.685,84.44
26/12/2021,79.048,76.13,90.075
27/12/2021,81.712,79.17,86.545
28/12/2021,86.804,82.22,97.255
29/12/2021,98.378,96.96,93.01
30/12/2021,83.916,94.355,86.7
31/12/2021,86.664,79.66,83.68
01/01/2022,84.524,72.15,96.57
02/01/2022,80.062,94.195,88.135
03/01/2022,74.286,72.02,92.49
04/01/2022,74.976,73.25,95.09
05/01/2022,80.456,88.925,90.875
06/01/2022,81.766,92.61,95.09
07/01/2022,78.784,80.455,93.68
08/01/2022,87.106,82.46,92.355
09/01/2022,84.302,81.935,89.69
10/01/2022,82.8,83.64,94.77
11/01/2022,75.294,78.31,92.23
12/01/2022,80.478,78.08,95.02
13/01/2022,72.734,83.545,80.46
14/01/2022,74.476,73.25,96.97
15/01/2022,82.832,69.32,89.635
16/01/2022,82.35,79.15,85.6
17/01/2022,78.528,78.53,89.575
18/01/2022,69.998,72.785,85.4
19/01/2022,74.676,73.015,83.73
20/01/2022,86.264,78.63,94.8
21/01/2022,74.836,87.615,94.22
22/01/2022,86.716,93.965,93.69
23/01/2022,73.73,77.68,84.82
24/01/2022,80.162,88.175,87.225
25/01/2022,75.488,75.4,77.175
26/01/2022,77.39,79.075,79.945
27/01/2022,68.99,69.79,82.42
28/01/2022,72.444,82.445,93.7
29/01/2022,78.65,77.435,85.79
30/01/2022,72.026,79.67,84.955
31/01/2022,68.874,75.87,80.385
01/02/2022,79.034,87.895,80.975
02/02/2022,79.464,88.265,89.78
03/02/2022,83.022,86.13,87.87
04/02/2022,95.284,97.61,87.59
05/02/2022,81.716,95.9,100
06/02/2022,75.04,83.885,83.08
07/02/2022,76.58,91.89,84.875
08/02/2022,79.696,94.395,81.72
09/02/2022,75.876,82.185,85.305
10/02/2022,72.262,68.78,87.955
11/02/2022,75.558,84.95,83.3
12/02/2022,74.098,75.82,82.39
13/02/2022,74.37,86.105,89.01
14/02/2022,71.676,80.73,90.49
15/02/2022,64.86,64.045,84.3
16/02/2022,71.558,69.425,80.625
17/02/2022,76.246,73.565,78.62
18/02/2022,70.9,76.06,88.535
19/02/2022,79.528,85.36,94.59
20/02/2022,91.85,90.535,84.115
21/02/2022,78.356,77.315,88.65
22/02/2022,75.91,80.32,80.68
23/02/2022,73.238,77.505,83.86
24/02/2022,73.702,83.59,91.12
25/02/2022,82.066,85.6,93.985
26/02/2022,82.316,84.905,76.755
27/02/2022,63.83166667,55.97,79.76
28/02/2022,63.734,61.53,62.515
01/03/2022,67.494,68.21,73.01
02/03/2022,73.214,76.02,79.815
03/03/2022,69.198,76.45,73.58
04/03/2022,68.2,65.34,72.365
05/03/2022,66.12,63.585,81.73
06/03/2022,67.056,63.28,85.19
07/03/2022,66.344,52.035,83.125
08/03/2022,57.714,41.69,66.185
09/03/2022,57.29,41.905,79.805
10/03/2022,61.082,54.245,78.915
11/03/2022,58.166,47.7,74.42
12/03/2022,60.032,52.555,77.05
13/03/2022,62.192,54.52,83.075
14/03/2022,58.404,49.48,72.21
15/03/2022,58.714,54.04,75.73
16/03/2022,62.126,66.475,82.375
17/03/2022,66.56,67.91,87.305
18/03/2022,60.962,64.15,74.58
19/03/2022,56.962,54.14,70.655
20/03/2022,55.27,53.455,70.915
21/03/2022,60.002,51.6,75.4
22/03/2022,72.63,61.87,78.615
23/03/2022,67.886,82.205,82.755
24/03/2022,74.012,60.06,93.51
25/03/2022,65.586,63.975,90.84
26/03/2022,58.544,82.78,78.33
27/03/2022,56.392,52.405,77.245
28/03/2022,64.052,63.89,80.955
29/03/2022,69.466,91.455,87.37
30/03/2022,85.498,91.105,89.025
31/03/2022,79.396,93.195,83.52
01/04/2022,79.032,91.37,86.39
02/04/2022,82.948,92.51,93.82
03/04/2022,82.926,89.51,92.92
04/04/2022,75.278,82.83,84.455
05/04/2022,72.242,80.575,76.695
06/04/2022,70.894,75.645,77.56
07/04/2022,74.896,76.755,83.305
08/04/2022,82.728,78.85,88.58
09/04/2022,81.404,77.82,86.995
10/04/2022,75.518,85.63,93.935
11/04/2022,81.376,84.825,89.485
12/04/2022,81.508,95.17,90.325
13/04/2022,76.094,89.075,86.76
14/04/2022,52.574,55.105,64.84
15/04/2022,57.35,52.955,76.01
16/04/2022,61.998,55.97,76.465
17/04/2022,56.858,50.04,76.38
18/04/2022,57.206,67.435,78.165
19/04/2022,75.492,91.425,76.715
20/04/2022,77.408,81.09,83.835
21/04/2022,68.868,81.885,84.54
22/04/2022,79.838,84.605,88.475
23/04/2022,69.124,66.175,86.565
24/04/2022,67.938,59.085,90.295
25/04/2022,62.126,61.24,82.475
26/04/2022,65.774,63.085,76.775
27/04/2022,62.516,65.39,78.94
28/04/2022,67.51,79.04,83.16
29/04/2022,66.49,78.905,77.985
30/04/2022,75.492,76.085,90.93
01/05/2022,75.252,84.805,86.655
02/05/2022,68.87,70.675,81.465
03/05/2022,67.708,76.345,79.925
04/05/2022,73.09,94.035,84.445
05/05/2022,74.256,88.79,87.685
06/05/2022,80.096,83.61,77.18
07/05/2022,70.252,82.34,88.17
08/05/2022,71.352,73.875,82.31
09/05/2022,68.068,66.075,83.175
10/05/2022,68.384,81.62,82.46
11/05/2022,73.514,80.645,83.97
12/05/2022,78.384,90.51,82.25
13/05/2022,73.948,83.335,77.72
14/05/2022,76.042,84.41,78.7
15/05/2022,79.482,85.39,82.655
16/05/2022,88.454,92.81,88.34
17/05/2022,73.346,68.115,84.365
18/05/2022,69.678,76.565,86.3
19/05/2022,73.836,72.45,85.935
20/05/2022,81.184,88.315,85.61
21/05/2022,73.288,77.795,86.71
22/05/2022,84.612,92.83,80.205
23/05/2022,65.398,70.055,84.91
24/05/2022,71.176,77.335,77.535
25/05/2022,86.416,92.23,86.605
26/05/2022,67.242,68.565,84.79
27/05/2022,75.414,85.855,69.425
28/05/2022,83.626,97.04,80.385
29/05/2022,80.452,90.835,87.6
30/05/2022,79.376,93.57,73.89
31/05/2022,78.468,89.5,72.35
01/06/2022,77.428,86.835,69.665
02/06/2022,81.59833333,94.51,76.95
03/06/2022,73.282,89.625,74.825
04/06/2022,73.814,87.095,82.575
05/06/2022,80.436,97.255,80.625
06/06/2022,84.248,91.305,74.925
07/06/2022,84.256,96.315,75.185
08/06/2022,84.484,94.57,79.205
09/06/2022,83.994,95.23,89.055
10/06/2022,79.21,96.37,85.215
11/06/2022,78.178,86.775,87.71
12/06/2022,74.784,91.18,84.425
13/06/2022,82.056,88.26,85.39
14/06/2022,81.424,94.71,95.955
15/06/2022,87.948,97.23,90.83
16/06/2022,85.776,92.77,90.415
17/06/2022,76.894,87.68,92.74
18/06/2022,77.404,91.06,85.08
19/06/2022,74.882,92.525,91.34
20/06/2022,82.572,90.24,83.56
21/06/2022,72.59,92.005,85.845
22/06/2022,72.504,86.325,85.2
23/06/2022,82.422,94.725,83.775
24/06/2022,75.382,88.835,83.05
25/06/2022,84.11,93.915,92.445
26/06/2022,83.22,91.515,90.55
27/06/2022,86.692,97.255,92.53
28/06/2022,88.332,98.13,94.16
29/06/2022,95.046,98.595,90.67
30/06/2022,80.892,95.46,86.64
01/07/2022,73.706,81.21,87.69
02/07/2022,91.836,91.795,88.13
03/07/2022,77.3,83.075,83.445
04/07/2022,77.742,92.96,79.495
05/07/2022,77.396,98.205,86.205
06/07/2022,79.198,92.365,74.35
07/07/2022,73.698,93.765,82.415
08/07/2022,80.146,96.135,94.07
09/07/2022,92.986,94.595,82.575
10/07/2022,73.724,80.07,90.16
11/07/2022,71.52,80.5,83.535
12/07/2022,79.884,83.255,86.545
13/07/2022,73.366,82.435,88.055
14/07/2022,77.148,86.165,85.2
15/07/2022,67.296,74.04,77.8
16/07/2022,72.368,85.09,84.92
17/07/2022,71.494,75.535,83.705
18/07/2022,79.366,96.385,86.755
19/07/2022,78.556,92.255,89.47
20/07/2022,93.594,96.335,88.83
21/07/2022,86.356,91.295,88.53
22/07/2022,83.492,93.815,86.37
23/07/2022,77.902,84.955,87.09
24/07/2022,74.994,90.355,90.345
25/07/2022,76.322,89.39,78.38
26/07/2022,86.376,97.165,91.64
27/07/2022,83.982,92.16,89.075
28/07/2022,89.868,96.265,89.965
29/07/2022,84.524,95.45,94.35
30/07/2022,82.472,91.325,84.045
31/07/2022,87.204,97.24,87.02
01/08/2022,95.966,98.135,82.90166667
02/08/2022,94.438,98.575,81.025
03/08/2022,85.368,95.485,83.195
04/08/2022,86.374,93.74,83.6475
05/08/2022,79.716,91.375,81.01333333
06/08/2022,81.394,95.53,84.50583333
07/08/2022,79.062,85.525,81.29166667
08/08/2022,74.134,86.905,84.45333333
09/08/2022,79.02,85.275,86.03916667
10/08/2022,79.86,86.485,85.2475
11/08/2022,74.748,92.465,85.05083333
12/08/2022,75.18,86.995,81.8375
13/08/2022,69.684,82.64,83.11333333
14/08/2022,84.7,94.555,81.48083333
15/08/2022,73.528,85.825,81.23666667
16/08/2022,73.262,87.95,80.8425
17/08/2022,72.512,91.455,81.06333333
18/08/2022,79.552,93.025,84.24416667
19/08/2022,85.994,91.305,83.02916667
20/08/2022,80.542,92.995,84.7075
21/08/2022,72.118,88.18,85.52083333
22/08/2022,69.656,76.49,82.28583333
23/08/2022,73.04,79.205,85.13416667
24/08/2022,76.122,81.59,83.57416667
25/08/2022,81.262,91.365,88.2975
26/08/2022,86.092,95.485,83.71333333
27/08/2022,95.468,97.23,84.68833333
28/08/2022,95.212,91.895,79.5875
29/08/2022,79.44,89.775,84.32166667
30/08/2022,79.636,93.715,86.86083333
31/08/2022,94.772,98.11,89.685
01/09/2022,95.724,98.1,85.17166667
02/09/2022,88.648,96.33,82.62666667
03/09/2022,83.766,98.105,85.29583333
04/09/2022,81.9,87.57,84.63666667
05/09/2022,81.47,92.985,83.83416667
06/09/2022,81.006,89.775,86.475
07/09/2022,88.854,94.415,81.88833333
08/09/2022,79.52,91.885,80.7375
09/09/2022,83.816,95.4,84.53083333
10/09/2022,79.214,89.915,84.5625
11/09/2022,80.09,87.87,84.8775
12/09/2022,75.436,87.91,86.40333333
13/09/2022,83.79,86.8,83.62916667
14/09/2022,79.33,96.295,84.51166667
15/09/2022,95.568,97.095,86.2325
16/09/2022,93.752,98.065,83.88083333
17/09/2022,93.38,96.26,82.99916667
18/09/2022,88.484,93.615,82.32166667
19/09/2022,77.086,88.185,80.40583333
20/09/2022,80.312,88.475,82.42416667
21/09/2022,78.246,91.725,89.0375
22/09/2022,74.458,88.615,83.40083333
23/09/2022,79.502,95.425,87.81083333
24/09/2022,82.68,86.17,84.04333333
25/09/2022,81.21,93.56,83.265
26/09/2022,80.894,91.97,84.52166667
27/09/2022,83.04,93.56,82.475
28/09/2022,80.622,89.88,86.655
29/09/2022,76.956,92.755,81.7
30/09/2022,74.718,79.755,82.07916667
01/10/2022,79.978,88.59,79.1925
02/10/2022,73.828,80,86.4675
03/10/2022,71.948,75.265,83.58583333
04/10/2022,77.044,97.13,83.62
05/10/2022,97.54,96.925,81.71833333
06/10/2022,98.736,98.925,79.90416667
07/10/2022,94.928,98.965,84.945
08/10/2022,89.896,96.155,80.27083333
09/10/2022,86.308,88.315,80.075
10/10/2022,90.628,95.16,83.50166667
11/10/2022,92.854,91.185,82.93583333
12/10/2022,79.534,88.975,79.6
13/10/2022,72.564,83.255,80.69416667
14/10/2022,74.842,80.11,85.505
15/10/2022,72.538,85.62,80.56666667
16/10/2022,72.012,86.23,81.19416667
17/10/2022,73.204,59.345,81.5175
18/10/2022,75.412,74.59,84.09916667
19/10/2022,70.488,57.29,80.09833333
20/10/2022,69.876,67.21,82.89416667
21/10/2022,75.71,66.195,84.59083333
22/10/2022,69.594,59.8,82.92833333
23/10/2022,65.384,46.005,84.925
24/10/2022,70.334,59.045,82.42
25/10/2022,76.56,85.915,85.88
26/10/2022,72.948,89.48,82.7075
27/10/2022,78.22,92.735,80.755
28/10/2022,77.262,86.875,78.7625
29/10/2022,73.562,71.68,83.05833333
30/10/2022,73.508,75.51,84.30833333
31/10/2022,76.692,74.33,83.94666667
01/11/2022,77.462,67.745,80.53083333
02/11/2022,76.144,80.17,82.79166667
03/11/2022,73.454,79.49,76.72666667
04/11/2022,74.672,75.105,80.8625
05/11/2022,73.17,59.64,77.39166667
06/11/2022,75.856,64.68,76.01833333
07/11/2022,91.165,,78.93166667