Date,Precipitation(mm),Max Temperature,Min Temperature,Relative Humidity
01/01/2015 3:00,0,15,8,32.9
02/01/2015 3:00,29,12.5,7,95.9
03/01/2015 3:00,26.4,13.5,8.5,92.7
04/01/2015 3:00,15.9,14.5,6.5,72.05
05/01/2015 3:00,0,13.5,5,72.05
06/01/2015 3:00,0,13,5.2,91.55
07/01/2015 3:00,0,13.5,4.5,84.75
08/01/2015 3:00,24.4,13,3.5,77.9
09/01/2015 3:00,0,15,4.5,61.6
10/01/2015 3:00,0,16,4.5,48.4
11/01/2015 3:00,0,15.5,6.5,59.45
12/01/2015 3:00,0,15,5,49.4
13/01/2015 3:00,0,14.5,5.5,66.35
14/01/2015 3:00,0,14,5.5,73.05
15/01/2015 3:00,0,14.5,5.5,91.85
16/01/2015 3:00,0,14.5,4.5,97.2
17/01/2015 3:00,0,14,4.3,91.4
18/01/2015 3:00,0.5,13.5,4.5,94.8
19/01/2015 3:00,0,14.5,4.5,93.3
20/01/2015 3:00,0,14.5,5,96.1
21/01/2015 3:00,0,15.5,5.5,94.9
22/01/2015 3:00,0,15.5,6.5,95.05
23/01/2015 3:00,0.5,15.5,4.5,89.8
24/01/2015 3:00,0,15.5,5.5,94.8
25/01/2015 3:00,0,15.5,5.5,94.65
26/01/2015 3:00,0,13,7,94.5
27/01/2015 3:00,0,15,5,90.55
28/01/2015 3:00,0,15,5,94.55
29/01/2015 3:00,0,14,5,94.85
30/01/2015 3:00,0,13.5,2.5,95.55
31/01/2015 3:00,4.7,12,2.5,89.05
01/02/2015 3:00,0,13,3,95.65
02/02/2015 3:00,0,14,4.5,96.05
03/02/2015 3:00,0,17,6,88.8
04/02/2015 3:00,4.4,16.5,4.5,94.7
05/02/2015 3:00,0,16,6,94.95
06/02/2015 3:00,0,16,6.5,94.65
07/02/2015 3:00,0,14.5,6.5,90.65
08/02/2015 3:00,0,13,6.5,78.7
09/02/2015 3:00,0,16.5,6,93.7
10/02/2015 3:00,0,16.5,6.5,93.85
11/02/2015 3:00,0,15.5,6.5,78.9
12/02/2015 3:00,0,15.5,6.5,72.8
13/02/2015 3:00,0,15,5,73.1
14/02/2015 3:00,0,13.5,7,84.3
15/02/2015 3:00,0.5,14.5,7,81.65
16/02/2015 3:00,0,16,6.5,84.45
17/02/2015 3:00,0,16.5,8.5,78.15
18/02/2015 3:00,4,15,7,84.45
19/02/2015 3:00,16.8,15.5,5,75.2
20/02/2015 3:00,0,17.5,8.5,70.1
21/02/2015 3:00,0,16.5,9,85.55
22/02/2015 3:00,0,19,8.5,72.75
23/02/2015 3:00,0,17.5,10,84.1
24/02/2015 3:00,0,17,12,86.6
25/02/2015 3:00,7.8,17,12,94.25
26/02/2015 3:00,0,14.5,8.5,94.55
27/02/2015 3:00,3.5,18.5,7,62.3
28/02/2015 3:00,0,18,9,58.05
01/03/2015 3:00,0,13.5,8,69.85
02/03/2015 3:00,37.5,12,6.5,83.5
03/03/2015 3:00,3.5,14.5,7.5,93.3
04/03/2015 3:00,0.5,15.5,6,67.7
05/03/2015 3:00,0,16,9,68.65
06/03/2015 3:00,0,17,6.5,73.1
07/03/2015 3:00,0,17,7,62.95
08/03/2015 3:00,0,17.5,8.5,55.35
09/03/2015 3:00,0.8,20.5,8,38.35
10/03/2015 3:00,0,21,8.4,34.6
11/03/2015 3:00,0,22,9.5,40.55
12/03/2015 3:00,0,21,10.5,51.05
13/03/2015 3:00,0,21.5,11.5,78.15
14/03/2015 3:00,0,20.5,12,63.6
15/03/2015 3:00,1.2,15.5,10.4,64.3
16/03/2015 3:00,6.7,18.5,7.6,67.95
17/03/2015 3:00,0,19.5,9,75
18/03/2015 3:00,0,18,9.5,62
19/03/2015 3:00,2,18,6.5,53.6
20/03/2015 3:00,0,19,8.5,66.8
21/03/2015 3:00,0,20.5,11,69.55
22/03/2015 3:00,0.5,21.5,8.5,60.85
23/03/2015 3:00,0,22,11,70.9
24/03/2015 3:00,0.5,23,10.6,59.5
25/03/2015 3:00,0,23,14.2,57.6
26/03/2015 3:00,0.4,22.5,13.1,61.15
27/03/2015 3:00,6.5,21.5,11.5,78
28/03/2015 3:00,14.5,21,11.8,71.95
29/03/2015 3:00,0,21,13.5,87.7
30/03/2015 3:00,13.4,14,9.5,86.15
31/03/2015 3:00,18.4,18.5,9.4,74.4
01/04/2015 3:00,0.2,20,10.8,82.45
02/04/2015 3:00,0.7,21,11.6,72.55
03/04/2015 3:00,1.5,18.5,9,71.3
04/04/2015 3:00,2.2,18,9.5,63.65
05/04/2015 3:00,7.5,20,8.5,39.7
06/04/2015 3:00,0,20.5,10,50.35
07/04/2015 3:00,0,20.4,11.6,61.55
08/04/2015 3:00,0,21.5,10.7,47.45
09/04/2015 3:00,0,22,10.4,48.3
10/04/2015 3:00,0,22,12.2,48.15
11/04/2015 3:00,0,22.5,12.3,58.5
12/04/2015 3:00,4.5,20,13.6,66
13/04/2015 3:00,19.6,13.5,10.6,95.1
14/04/2015 3:00,2.4,21,11,81.35
15/04/2015 3:00,0.5,20,12.7,69.1
16/04/2015 3:00,0,22.5,12.5,55.75
17/04/2015 3:00,0,22,12.5,64.75
18/04/2015 3:00,4,20,11,80.75
19/04/2015 3:00,0.4,22.5,12.5,69.75
20/04/2015 3:00,1.6,21,15,85.3
21/04/2015 3:00,0,23.5,15.3,76.4
22/04/2015 3:00,0,22,13.5,64.2
23/04/2015 3:00,9.6,22,11.5,49.25
24/04/2015 3:00,1,21.5,12,58.45
25/04/2015 3:00,2.4,18,11,88.55
26/04/2015 3:00,6.7,20,10.5,71.2
27/04/2015 3:00,0,19,12,81.1
28/04/2015 3:00,0,16,13,75.8
29/04/2015 3:00,5.5,18.5,11.5,76.9
30/04/2015 3:00,17.6,19,12.5,93.35
01/05/2015 3:00,8.5,22.5,12.7,83.9
02/05/2015 3:00,0,22.5,9.5,70.5
03/05/2015 3:00,41,22.5,10.5,47.55
04/05/2015 3:00,0.2,23.5,13.5,58
05/05/2015 3:00,19,24,13.5,55.8
06/05/2015 3:00,1,23.5,14.5,61.2
07/05/2015 3:00,1,24,15.3,72.6
08/05/2015 3:00,0,23.5,15,85.6
09/05/2015 3:00,19.5,21.5,16,90.95
10/05/2015 3:00,1.8,23,15.6,91.1
11/05/2015 3:00,2.4,24.5,14.5,78.75
12/05/2015 3:00,49,24,13,65.85
13/05/2015 3:00,0.5,23.5,16,72.05
14/05/2015 3:00,7.2,25.5,15,76.85
15/05/2015 3:00,0,25,17.5,78.6
16/05/2015 3:00,1,24,15,52.8
17/05/2015 3:00,38,24,13.8,57.7
18/05/2015 3:00,8.4,22,15.5,90.15
19/05/2015 3:00,0,23.5,16.8,81.65
20/05/2015 3:00,6.2,24,16,87.55
21/05/2015 3:00,0.2,23.5,15,90.15
22/05/2015 3:00,32.5,24.5,15.5,67.9
23/05/2015 3:00,0,25.5,16.5,65.1
24/05/2015 3:00,0,24.5,15.4,58.05
25/05/2015 3:00,1.2,24.5,15,63.7
26/05/2015 3:00,9.4,24.5,15.5,67
27/05/2015 3:00,3.4,24.5,14,65.9
28/05/2015 3:00,4.7,24.2,15.2,76.75
29/05/2015 3:00,5.7,26,16.4,74.15
30/05/2015 3:00,16.2,24.5,16.5,87.15
31/05/2015 3:00,0,25,17.5,79
01/06/2015 3:00,2,25,15.5,56.1
02/06/2015 3:00,1,26,16.4,40.05
03/06/2015 3:00,0,26,15.8,62.35
04/06/2015 3:00,9,25.4,15,77.85
05/06/2015 3:00,4.8,25.7,16.4,68.6
06/06/2015 3:00,0,26.5,18,74.35
07/06/2015 3:00,0,26.5,18,60.7
08/06/2015 3:00,11.2,27,18,67.35
09/06/2015 3:00,0,26.5,18,75.35
10/06/2015 3:00,0.5,25,18.5,86
11/06/2015 3:00,31.5,22.5,17.5,97
12/06/2015 3:00,13.5,25,17.5,98
13/06/2015 3:00,2.7,23.5,16.6,91.25
14/06/2015 3:00,37.7,24,15.4,82.05
15/06/2015 3:00,14.7,23,15,86.15
16/06/2015 3:00,0,23,17.2,86.85
17/06/2015 3:00,37.5,24,16,78.8
18/06/2015 3:00,0,25.5,18.7,89.35
19/06/2015 3:00,60.5,24.5,16.5,86.95
20/06/2015 3:00,2.4,25,17.3,79
21/06/2015 3:00,40.7,26,17,92.85
22/06/2015 3:00,45.7,25.5,16.8,91.6
23/06/2015 3:00,9.4,24.5,16.8,89.05
24/06/2015 3:00,48.5,23,17.5,94.45
25/06/2015 3:00,35,23.5,17,88.85
26/06/2015 3:00,0,23.5,18.5,93.6
27/06/2015 3:00,38,22,17,89.05
28/06/2015 3:00,6.5,23.5,17.3,95.05
29/06/2015 3:00,35,22.5,16.5,86.2
30/06/2015 3:00,2,25,18.3,88.15
01/07/2015 3:00,47.5,24.5,18.4,99.05
02/07/2015 3:00,57.9,25,17.5,92.55
03/07/2015 3:00,64.4,24,18.2,94
04/07/2015 3:00,9,25.5,19.4,96.3
05/07/2015 3:00,7.5,23.5,19,98.55
06/07/2015 3:00,66.2,24,18.6,94.4
07/07/2015 3:00,75.6,26,17,89.7
08/07/2015 3:00,146.2,25.5,16.5,77.4
09/07/2015 3:00,41.8,24,17.4,81
10/07/2015 3:00,11,24.5,17.3,86.95
11/07/2015 3:00,36.2,22.5,17.5,92.2
12/07/2015 3:00,4.6,24.5,17.6,81.55
13/07/2015 3:00,0,24,18.2,90
14/07/2015 3:00,14.7,24.5,18.6,90.05
15/07/2015 3:00,63.2,23.6,19.2,98.1
16/07/2015 3:00,142.6,21.5,18.5,97.05
17/07/2015 3:00,30.7,22.5,18.5,85.35
18/07/2015 3:00,20.5,24,16.8,82.85
19/07/2015 3:00,21.8,23.5,17.5,83
20/07/2015 3:00,35.7,23,16.6,91.45
21/07/2015 3:00,14.9,22.5,16.7,87.8
22/07/2015 3:00,40.9,23.5,17.4,89.3
23/07/2015 3:00,44.9,23.8,17.7,94.4
24/07/2015 3:00,83.4,23,17,89.2
25/07/2015 3:00,131.1,20.5,18,97.05
26/07/2015 3:00,14.4,25,17,85.55
27/07/2015 3:00,44.4,25,15.3,85
28/07/2015 3:00,42.2,25,17.4,92.45
29/07/2015 3:00,5.2,25,18.6,91.8
30/07/2015 3:00,288.7,24.5,16,88.95
31/07/2015 3:00,42.4,24.5,16,88.95
01/08/2015 3:00,34.5,19,16.5,97.95
02/08/2015 3:00,49,23.5,16.5,98
03/08/2015 3:00,5,24,18,89.6
04/08/2015 3:00,23.7,23,17,93.3
05/08/2015 3:00,8.5,22,18,97.05
06/08/2015 3:00,21,20.5,17.6,96
07/08/2015 3:00,15.2,23,17,95.15
08/08/2015 3:00,14.2,23,18,92.4
09/08/2015 3:00,6.5,23,18,94.45
10/08/2015 3:00,31,26,18.5,91.05
11/08/2015 3:00,85.6,24.5,17.5,93.65
12/08/2015 3:00,0,25,19,90.8
13/08/2015 3:00,66.1,24.5,17,86.2
14/08/2015 3:00,25.4,23.5,18,95.3
15/08/2015 3:00,30,24.5,18.5,94.25
16/08/2015 3:00,42.7,25,18.2,96.2
17/08/2015 3:00,8.9,22.2,18.5,96.2
18/08/2015 3:00,120.5,22.5,18,95.2
19/08/2015 3:00,19.2,22.5,18,96.65
20/08/2015 3:00,20,24.8,18.5,95.25
21/08/2015 3:00,32.2,21,17,94.15
22/08/2015 3:00,72.2,23.5,17.2,94.3
23/08/2015 3:00,126.7,23,17.5,95.2
24/08/2015 3:00,6,24.5,17,94.35
25/08/2015 3:00,6.9,23.5,17.6,94.9
26/08/2015 3:00,160.7,24.5,18,98.05
27/08/2015 3:00,31,23.6,17,92.4
28/08/2015 3:00,17.5,24,17.5,88.8
29/08/2015 3:00,71.5,23.5,17,90.65
30/08/2015 3:00,41.3,24.6,16.5,89
31/08/2015 3:00,0,24.5,18,92.45
01/09/2015 3:00,68,23.5,17.5,88.85
02/09/2015 3:00,1,24.5,17.5,94.3
03/09/2015 3:00,15.5,22.5,17.6,89.55
04/09/2015 3:00,14.6,24,17,87.05
05/09/2015 3:00,0,24.5,17.5,91.4
06/09/2015 3:00,32.2,23.5,17.2,82.9
07/09/2015 3:00,0,24.5,16.5,78.85
08/09/2015 3:00,3.6,24.5,18.2,85
09/09/2015 3:00,9.4,24.5,18.5,90.4
10/09/2015 3:00,11.2,23.6,16.5,92.2
11/09/2015 3:00,26.5,23.5,18,85.45
12/09/2015 3:00,30.2,22,16.5,93.15
13/09/2015 3:00,7.6,25,16,91.25
14/09/2015 3:00,88.8,23,17,92.4
15/09/2015 3:00,64.6,23.5,16.3,87.5
16/09/2015 3:00,0,25,16.6,88.75
17/09/2015 3:00,1,24.5,17.5,90.3
18/09/2015 3:00,6.6,25,17.5,81.35
19/09/2015 3:00,0,25.5,17.2,81.25
20/09/2015 3:00,21.5,24,16.5,82.7
21/09/2015 3:00,13.2,25,16,91.4
22/09/2015 3:00,48.9,23,16,86.95
23/09/2015 3:00,19.8,22,18,98
24/09/2015 3:00,12,23,18.3,98
25/09/2015 3:00,65.3,21,17.5,97
26/09/2015 3:00,39,22.2,15.5,94.95
27/09/2015 3:00,0,23,16,94.95
28/09/2015 3:00,0.8,23.5,15.5,86.6
29/09/2015 3:00,0.4,24,16.5,85.35
30/09/2015 3:00,0,25,16.3,89.65
01/10/2015 3:00,0.8,24.5,18,92.4
02/10/2015 3:00,0,23.6,17.2,91.3
03/10/2015 3:00,4,23,16,90.25
04/10/2015 3:00,0,22,15.5,80.9
05/10/2015 3:00,0,24,15,72.5
06/10/2015 3:00,0,24,14.3,63
07/10/2015 3:00,0,25,14,43.25
08/10/2015 3:00,0,25,13.6,59.3
09/10/2015 3:00,0,23,13.5,70.05
10/10/2015 3:00,0,23,13,89.3
11/10/2015 3:00,61.6,21.5,14.5,88.85
12/10/2015 3:00,21,20.2,13.5,92.45
13/10/2015 3:00,0,22.5,13,76.8
14/10/2015 3:00,0,22,13.5,74.85
15/10/2015 3:00,10,21,12,63.15
16/10/2015 3:00,1.2,20,12,81.2
17/10/2015 3:00,4.7,19.5,12.6,86.25
18/10/2015 3:00,0,22,12.7,84.25
19/10/2015 3:00,0,22,13.8,85.9
20/10/2015 3:00,0,21.5,14,92.15
21/10/2015 3:00,13,21.5,13,86.75
22/10/2015 3:00,0,20.5,12,77.75
23/10/2015 3:00,0,21,12,73.15
24/10/2015 3:00,0,20,11.5,89.2
25/10/2015 3:00,0,20,12,82.75
26/10/2015 3:00,0,21,12,80.5
27/10/2015 3:00,0,20.5,11.5,80.4
28/10/2015 3:00,0,18.5,12.5,87.8
29/10/2015 3:00,15.4,16,9.5,95.3
30/10/2015 3:00,12,19.5,9.5,69.2
31/10/2015 3:00,0,20.5,10,57.95
01/11/2015 3:00,0,20.5,11,71.65
02/11/2015 3:00,0,19,11.5,81.15
03/11/2015 3:00,0,18.5,12,91.95
04/11/2015 3:00,0,19.5,11,85.5
05/11/2015 3:00,0,19,10.2,84.9
06/11/2015 3:00,0,18.5,9.5,75.7
07/11/2015 3:00,0,18.5,9.3,76.85
08/11/2015 3:00,0,18.5,10,86.2
09/11/2015 3:00,0,19,9.5,72.75
10/11/2015 3:00,0,19.5,10,71.7
11/11/2015 3:00,0,18.5,10,74.55
12/11/2015 3:00,0,18.5,10,75.75
13/11/2015 3:00,0,18.5,10.3,83
14/11/2015 3:00,0,19,10.8,86.05
15/11/2015 3:00,0,17.5,10.5,88.4
16/11/2015 3:00,0,18,9.5,88.9
17/11/2015 3:00,0,17.7,9.5,86.05
18/11/2015 3:00,0,17.5,9,88.1
19/11/2015 3:00,0,18.7,9.5,79.85
20/11/2015 3:00,0,20,9.5,64.15
21/11/2015 3:00,0,19,9.5,73.95
22/11/2015 3:00,0,18,9.3,83.4
23/11/2015 3:00,0,19,10,87.8
24/11/2015 3:00,0,15.5,10.5,84.1
25/11/2015 3:00,0,17.2,11.2,89.45
26/11/2015 3:00,0,18,11.2,72.55
27/11/2015 3:00,0,16,10,79.75
28/11/2015 3:00,0,15,8.5,69.55
29/11/2015 3:00,0,17.5,9.5,74
30/11/2015 3:00,0,17.5,8.5,79.4
01/12/2015 3:00,0,17.5,8.5,80.3
02/12/2015 3:00,0,18,8.5,91.35
03/12/2015 3:00,0,16,7.5,81
04/12/2015 3:00,0,16,6.5,80.45
05/12/2015 3:00,0,15.5,8.6,90.75
06/12/2015 3:00,0,16,8,77.8
07/12/2015 3:00,0,17.2,7.3,78.05
08/12/2015 3:00,0,17.2,9,90
09/12/2015 3:00,0,16.5,7.5,73.4
10/12/2015 3:00,0,16,7.5,70.75
11/12/2015 3:00,0,16.5,7.5,76.55
12/12/2015 3:00,0,16.5,8,74.15
13/12/2015 3:00,0,16,6.5,83.95
14/12/2015 3:00,0,14,5,79.35
15/12/2015 3:00,0,13.5,3,78.25
16/12/2015 3:00,0,12,4.5,77.8
17/12/2015 3:00,0,12.5,4.2,54.15
18/12/2015 3:00,0,12.5,3.5,75.4
19/12/2015 3:00,0,12.2,3.5,82.2
20/12/2015 3:00,0,12,4.5,86.45
21/12/2015 3:00,0,12,2.5,84.5
22/12/2015 3:00,0,12,3,69.8
23/12/2015 3:00,0,12,2.5,63.9
24/12/2015 3:00,0,12,2,55.7
25/12/2015 3:00,0,11.6,1.5,62.6
26/12/2015 3:00,0,12.5,2.8,54.75
27/12/2015 3:00,0,15,4.2,47.55
28/12/2015 3:00,0,15,5,45.45
29/12/2015 3:00,0,14.5,4.8,58.4
30/12/2015 3:00,0,14.5,5,57.45
31/12/2015 3:00,0,15,5,73.35
01/01/2016 3:00,0,14.5,5.2,65.05
02/01/2016 3:00,0,15,5.5,60.25
03/01/2016 3:00,0,14.5,5,66.8
04/01/2016 3:00,0,14.5,4.8,54.15
05/01/2016 3:00,0,15,5.3,74.45
06/01/2016 3:00,0,13.5,6.5,89.65
07/01/2016 3:00,0,15,6.3,84.55
08/01/2016 3:00,0,15,6.6,89.25
09/01/2016 3:00,0,13,5,79.05
10/01/2016 3:00,0,13,4.5,79.55
11/01/2016 3:00,0,14,5.3,79.2
12/01/2016 3:00,0,10,7.2,81.75
13/01/2016 3:00,0,12.5,6.5,77.45
14/01/2016 3:00,0,13,4.5,77.85
15/01/2016 3:00,0,12,5.2,91.4
16/01/2016 3:00,0,14,4,78.05
17/01/2016 3:00,0,13,6,87.3
18/01/2016 3:00,0,15,5,63.4
19/01/2016 3:00,0,15,5.5,63.3
20/01/2016 3:00,0,10,4.8,83.4
21/01/2016 3:00,4.5,13.5,1.5,83.3
22/01/2016 3:00,0,12.5,4,81.2
23/01/2016 3:00,0,14,3.6,71.55
24/01/2016 3:00,0,14,4,64.6
25/01/2016 3:00,0,12,4.2,73.5
26/01/2016 3:00,0,12,4.5,81.15
27/01/2016 3:00,2.8,10.5,3.5,80.4
28/01/2016 3:00,0,8.5,3.5,79.7
29/01/2016 3:00,0,13.5,3.5,71.6
30/01/2016 3:00,0,13,5.5,75.65
31/01/2016 3:00,0,9.5,5.5,91.3
01/02/2016 3:00,0,15.5,5.2,82.2
02/02/2016 3:00,0,15,5.2,74.8
03/02/2016 3:00,0,15.5,5,64.15
04/02/2016 3:00,0,14,5.5,86.35
05/02/2016 3:00,0,15.5,6.5,78.9
06/02/2016 3:00,0,14.6,6.5,77.75
07/02/2016 3:00,0,17.5,6.5,53.4
08/02/2016 3:00,1.2,15,7,81.05
09/02/2016 3:00,3.5,16,6.3,77.8
10/02/2016 3:00,0,15.6,8,83.3
11/02/2016 3:00,0,16,6.8,70.1
12/02/2016 3:00,0,16.5,5.2,58
13/02/2016 3:00,0,17.5,6,51.35
14/02/2016 3:00,0,18.5,6.5,34.35
15/02/2016 3:00,0,19,7,43.35
16/02/2016 3:00,0,19,7.8,44.95
17/02/2016 3:00,0,20,8,43.3
18/02/2016 3:00,0,21.5,9.3,40
19/02/2016 3:00,0,21.5,11.5,50.4
20/02/2016 3:00,0,21,13,63.45
21/02/2016 3:00,0,21,10,60.35
22/02/2016 3:00,0,20.5,10,67.75
23/02/2016 3:00,0,18,9.5,90.3
24/02/2016 3:00,0,16,9,92.3
25/02/2016 3:00,0.7,17.5,7.6,69.4
26/02/2016 3:00,0,17,9.2,78.85
27/02/2016 3:00,2,18,9.5,63.2
28/02/2016 3:00,3.7,19,10,63.35
29/02/2016 3:00,0.2,20,9.3,53.55
01/03/2016 3:00,0,20,9,49.15
02/03/2016 3:00,0,20,9.5,60.95
03/03/2016 3:00,2,20.2,9.5,90.7
04/03/2016 3:00,6.2,20,11,69.55
05/03/2016 3:00,2.4,20,9,58.65
06/03/2016 3:00,16.5,19.5,10.5,60.5
07/03/2016 3:00,1,20.5,9,71.9
08/03/2016 3:00,0,21,11.5,53.55
09/03/2016 3:00,0,22,10,54.3
10/03/2016 3:00,0,22,11,48.35
11/03/2016 3:00,0,22.2,11.6,54.95
12/03/2016 3:00,0,21,12,62.85
13/03/2016 3:00,0,19.5,11.5,66.2
14/03/2016 3:00,0.4,21,9,89.3
15/03/2016 3:00,0.2,20,6.5,61.55
16/03/2016 3:00,0,21,8.5,42.05
17/03/2016 3:00,0,20.8,10,55.05
18/03/2016 3:00,0,21.5,10,52.85
19/03/2016 3:00,0,22,11.6,55.45
20/03/2016 3:00,0,22,12,54.05
21/03/2016 3:00,0,21.5,11.5,67.85
22/03/2016 3:00,0,21.6,10,69.35
23/03/2016 3:00,0,21.6,10.2,49.2
24/03/2016 3:00,0,21.5,12.2,54.55
25/03/2016 3:00,0,22,12.5,60.05
26/03/2016 3:00,0,22,14,61.6
27/03/2016 3:00,0,20.5,11.5,83.45
28/03/2016 3:00,14,21,11.5,58.75
29/03/2016 3:00,3.5,21.5,9.5,49.2
30/03/2016 3:00,0,21.4,2.5,69.45
31/03/2016 3:00,46,21,9.5,75.6
01/04/2016 3:00,16,19.5,12.3,79.85
02/04/2016 3:00,0.2,16,13,97.65
03/04/2016 3:00,9,19,13.4,85.4
04/04/2016 3:00,0,21.5,13.7,76.6
05/04/2016 3:00,0,23.4,14.5,89.2
06/04/2016 3:00,4.2,24.5,14.5,54.85
07/04/2016 3:00,0,25.5,14.6,45.4
08/04/2016 3:00,0,25.2,13.4,36.6
09/04/2016 3:00,0,25.5,13.6,37.35
10/04/2016 3:00,0,26,14.6,33.8
11/04/2016 3:00,0,26.1,15.5,26.45
12/04/2016 3:00,0,24,16,34.1
13/04/2016 3:00,0,23.6,14.6,41.55
14/04/2016 3:00,0,24.2,13.5,44.4
15/04/2016 3:00,0,25,14.3,43.2
16/04/2016 3:00,0,24,15.6,56.65
17/04/2016 3:00,0,22.2,16,78.65
18/04/2016 3:00,0,24.5,13,70.5
19/04/2016 3:00,10.7,24.5,12.7,58.8
20/04/2016 3:00,0,26.5,16.4,56.3
21/04/2016 3:00,0,26,16,57.5
22/04/2016 3:00,0,25.5,15.6,48.6
23/04/2016 3:00,0,26.5,15.5,37.8
24/04/2016 3:00,0,26,14,26.15
25/04/2016 3:00,0,25.6,14.5,28.4
26/04/2016 3:00,0,26.5,15.5,29.2
27/04/2016 3:00,0,24.7,14.8,31.45
28/04/2016 3:00,0,25.6,15,31.45
29/04/2016 3:00,0,27,15.2,18.65
30/04/2016 3:00,0,26.5,15.4,22
01/05/2016 3:00,0,26.7,15.6,19.4
02/05/2016 3:00,0,24,16.5,49.7
03/05/2016 3:00,0,22,16.3,62.8
04/05/2016 3:00,0.5,23.5,13.3,67.35
05/05/2016 3:00,0,22,13.4,70.05
06/05/2016 3:00,2.4,23.5,12.5,73.95
07/05/2016 3:00,8.4,22.5,12.5,81.8
08/05/2016 3:00,0.5,22,15.6,63.85
09/05/2016 3:00,0,23.5,16.1,66.9
10/05/2016 3:00,0,25.5,16,65
11/05/2016 3:00,0,24.5,15.3,64.1
12/05/2016 3:00,0,24.5,15,74.25
13/05/2016 3:00,38,23,12.7,78
14/05/2016 3:00,1.8,24,14.6,86.75
15/05/2016 3:00,1.4,23,15.5,84
16/05/2016 3:00,18.8,25.2,12,74.35
17/05/2016 3:00,18.5,24.5,10,80.85
18/05/2016 3:00,43,25,12.7,59.45
19/05/2016 3:00,0,24,15,79.6
20/05/2016 3:00,5.2,22,14.8,82.3
21/05/2016 3:00,103.5,23,15.2,92.15
22/05/2016 3:00,0.5,23,16,84.95
23/05/2016 3:00,2,24.5,15.1,68.65
24/05/2016 3:00,6.8,24,15.7,76.6
25/05/2016 3:00,4.7,21.5,12.5,93.35
26/05/2016 3:00,21.4,22,13.4,78.95
27/05/2016 3:00,1.5,22.5,14.6,80.8
28/05/2016 3:00,17.2,17.5,15,93.65
29/05/2016 3:00,21.7,20.5,14.5,82.8
30/05/2016 3:00,0,23,15,71.1
31/05/2016 3:00,0.5,21.5,14,83.05
01/06/2016 3:00,0,22.6,15.5,81.95
02/06/2016 3:00,53.5,23.4,16.7,91.55
03/06/2016 3:00,0,25,18,85.8
04/06/2016 3:00,12,24,17.5,76.4
05/06/2016 3:00,0,22.5,15,77.5
06/06/2016 3:00,0.4,24.5,17.8,85.4
07/06/2016 3:00,4.5,25,16.6,89.85
08/06/2016 3:00,10,24,16.2,70.2
09/06/2016 3:00,0,24.6,17,84.2
10/06/2016 3:00,2.8,23,16.5,79.25
11/06/2016 3:00,2,25,17.5,82.95
12/06/2016 3:00,57.2,22,17.3,95.25
13/06/2016 3:00,39.7,23.2,17,97.05
14/06/2016 3:00,29,24.7,17.2,87.05
15/06/2016 3:00,30.5,24,17.8,95.25
16/06/2016 3:00,56.5,24.5,17,99
17/06/2016 3:00,39,25.5,17.2,85.3
18/06/2016 3:00,62.7,24.5,17.5,94.45
19/06/2016 3:00,72.5,24,18,96.2
20/06/2016 3:00,44.7,21,17.8,97.05
21/06/2016 3:00,32,21,18,99
22/06/2016 3:00,2.8,20,18.3,98
23/06/2016 3:00,29.2,23.2,17.8,76.75
24/06/2016 3:00,48.8,24,17.7,86.25
25/06/2016 3:00,21.2,24.5,18.2,91.85
26/06/2016 3:00,9.7,25,18.4,89.9
27/06/2016 3:00,77.8,25.5,17.3,93.5
28/06/2016 3:00,18.4,25.2,18.6,92.8
29/06/2016 3:00,59.5,25,18.5,92.6
30/06/2016 3:00,35.4,23,18.2,94.2
01/07/2016 3:00,26.5,19.5,18.3,98
02/07/2016 3:00,177.3,19,17.4,96.95
03/07/2016 3:00,20.4,21,17.2,88.9
04/07/2016 3:00,44.7,24.5,17.5,95.25
05/07/2016 3:00,73,24,18.3,95.4
06/07/2016 3:00,6.8,25,18.8,98.1
07/07/2016 3:00,17.5,25.5,19,90.05
08/07/2016 3:00,63.2,25,17.5,90.9
09/07/2016 3:00,22.5,24.5,18.4,88.55
10/07/2016 3:00,154.2,24.5,17.6,93.4
11/07/2016 3:00,39,24.5,17.8,91.75
12/07/2016 3:00,60,25.5,17.5,93.5
13/07/2016 3:00,83.5,24.5,18.5,90.35
14/07/2016 3:00,17.5,24,19,96.3
15/07/2016 3:00,49.8,24,18.3,91.9
16/07/2016 3:00,88.9,24.5,18.4,93.15
17/07/2016 3:00,22.2,21,18,93.4
18/07/2016 3:00,28,22,17.5,94.35
19/07/2016 3:00,22.5,23.5,18.6,94.4
20/07/2016 3:00,85.5,21.2,18.2,99
21/07/2016 3:00,40.2,22.5,18.4,97.1
22/07/2016 3:00,97.2,22,17.5,98
23/07/2016 3:00,3,23.5,17,92.35
24/07/2016 3:00,48.4,24,17.5,96.2
25/07/2016 3:00,132,20,18,99
26/07/2016 3:00,216.5,19.5,17,96.95
27/07/2016 3:00,56.7,22.5,17,97.05
28/07/2016 3:00,19,21,18,97
29/07/2016 3:00,27,20,16.8,96.05
30/07/2016 3:00,1.5,22,17.5,96.05
31/07/2016 3:00,20,23,16.5,89.55
01/08/2016 3:00,12.7,24.5,16.7,79.1
02/08/2016 3:00,4.5,26,17,85.6
03/08/2016 3:00,9.7,26,18,76.2
04/08/2016 3:00,20.4,25.5,17.8,77.05
05/08/2016 3:00,0,27.2,19,81.05
06/08/2016 3:00,43,26.2,17.5,79.7
07/08/2016 3:00,4,25,18.7,89
08/08/2016 3:00,24.8,25,18,87.5
09/08/2016 3:00,9,25,17.5,87.55
10/08/2016 3:00,10.5,22.5,17.6,91.5
11/08/2016 3:00,18.2,24.5,16.5,96.2
12/08/2016 3:00,10,24.5,18.3,88.35
13/08/2016 3:00,7.4,24,18.5,83.35
14/08/2016 3:00,41.5,25,18.4,87.35
15/08/2016 3:00,62.5,25,18,96.15
16/08/2016 3:00,20.5,26.5,17.5,85
17/08/2016 3:00,53.7,25,16.6,85.25
18/08/2016 3:00,24.6,25,18.3,86.55
19/08/2016 3:00,19.5,25.5,18.2,82.95
20/08/2016 3:00,27.5,24.5,18.7,90.05
21/08/2016 3:00,3.7,26.5,18,87.65
22/08/2016 3:00,3.4,27,18.3,92.45
23/08/2016 3:00,0,23.4,18.4,96.15
24/08/2016 3:00,0,26.1,18.2,85.5
25/08/2016 3:00,0,27.5,18.8,75.9
26/08/2016 3:00,79,24,15.5,87.5
27/08/2016 3:00,1.3,27,18.5,79.85
28/08/2016 3:00,0,25.5,17.6,86.55
29/08/2016 3:00,11,23.5,18.5,89.7
30/08/2016 3:00,12,22.5,17.8,98
31/08/2016 3:00,19.2,24,17,94.25
01/09/2016 3:00,44.5,24.5,17.4,85.5
02/09/2016 3:00,30.5,22.5,17.5,97.05
03/09/2016 3:00,23.2,20.6,17.6,98.5
04/09/2016 3:00,154,22,17,97
05/09/2016 3:00,0,24.5,16,80.2
06/09/2016 3:00,0,22.5,18.2,93.35
07/09/2016 3:00,8,25.5,17,89.05
08/09/2016 3:00,140.4,25,16.7,96.2
09/09/2016 3:00,23.5,23,18.3,96.15
10/09/2016 3:00,38.2,21,18,97.05
11/09/2016 3:00,85.5,22,17.5,96.5
12/09/2016 3:00,4.2,21.5,17,96
13/09/2016 3:00,8.2,21.5,16.4,89.25
14/09/2016 3:00,9.4,25,16.5,80.75
15/09/2016 3:00,4.6,24,17.3,88.15
16/09/2016 3:00,23,24.8,16.5,94.05
17/09/2016 3:00,81.1,24,16.3,88.05
18/09/2016 3:00,84.8,23.5,15.5,87.75
19/09/2016 3:00,1,24,17.5,93.3
20/09/2016 3:00,82.4,24,17,94.4
21/09/2016 3:00,166.2,21.2,16,90.15
22/09/2016 3:00,42.9,23.5,15.5,83.15
23/09/2016 3:00,2.5,21,16.5,95.85
24/09/2016 3:00,11.2,22,15,83
25/09/2016 3:00,0,22.5,15.2,88.4
26/09/2016 3:00,66.4,22,14.5,90.05
27/09/2016 3:00,15.5,24,16.3,85.4
28/09/2016 3:00,88.4,22.5,14.4,95.85
29/09/2016 3:00,16.5,23.5,15.6,86.65
30/09/2016 3:00,0,24,16,88.1
01/10/2016 3:00,11,24.5,17,94.3
02/10/2016 3:00,45.3,24.5,16,95.25
03/10/2016 3:00,27.5,25,16.4,89.65
04/10/2016 3:00,2.5,22.5,16.5,87.65
05/10/2016 3:00,5.2,24,16.6,89.05
06/10/2016 3:00,28.2,21.2,15.5,89.15
07/10/2016 3:00,4.2,24,15.3,86.35
08/10/2016 3:00,64.7,23.5,15.7,90.25
09/10/2016 3:00,15.2,23.45,15,87
10/10/2016 3:00,12.4,23.4,16,86.7
11/10/2016 3:00,2.5,23.35,13.4,77.6
12/10/2016 3:00,0,23.3,13,79.6
13/10/2016 3:00,27.2,23.25,14.3,91.1
14/10/2016 3:00,0,23.2,15.5,93.75
15/10/2016 3:00,1.5,23.15,15,96.3
16/10/2016 3:00,0,23.1,15.2,89.7
17/10/2016 3:00,0,23.05,14.5,92.75
18/10/2016 3:00,0,23,14.3,79.35
19/10/2016 3:00,0,22.5,13,69.15
20/10/2016 3:00,0,22.6,13,79.2
21/10/2016 3:00,0,21.5,12.6,80.3
22/10/2016 3:00,0,20.6,12.3,83.95
23/10/2016 3:00,0,20,13,87.25
24/10/2016 3:00,0,22,12,77.7
25/10/2016 3:00,0,21,12.3,74.35
26/10/2016 3:00,0,21,11.7,74.9
27/10/2016 3:00,0,20.5,11,82.35
28/10/2016 3:00,0,20.5,11,85.6
29/10/2016 3:00,0,20,11,78.7
30/10/2016 3:00,0,19,10,83.4
31/10/2016 3:00,0,20.5,11,82.85
01/11/2016 3:00,0,21,10,89.4
02/11/2016 3:00,0,21.5,10.5,87.6
03/11/2016 3:00,0,21,10,82.45
04/11/2016 3:00,0,21,10.2,84.45
05/11/2016 3:00,0,19.5,9,86.35
06/11/2016 3:00,0,20,9,82.05
07/11/2016 3:00,0,19,8.5,85.95
08/11/2016 3:00,0,19,8.5,85.85
09/11/2016 3:00,0,19,8.2,80.95
10/11/2016 3:00,0,20,9,84.85
11/11/2016 3:00,0,19.5,9.5,86.2
12/11/2016 3:00,0,19.5,9.6,85.25
13/11/2016 3:00,0,19,9,84.15
14/11/2016 3:00,0,19.5,8,90.3
15/11/2016 3:00,0,20.5,8.2,84.35
16/11/2016 3:00,0,17.5,7.3,87.05
17/11/2016 3:00,0,17,7.5,84.25
18/11/2016 3:00,0,16.8,7,89.55
19/11/2016 3:00,0,16.5,8.2,89.2
20/11/2016 3:00,0,16.5,8,89
21/11/2016 3:00,0,18.5,8.5,85.5
22/11/2016 3:00,0,18,8.5,89.35
23/11/2016 3:00,0,17.5,9.5,86.8
24/11/2016 3:00,0,17.5,8.6,81.05
25/11/2016 3:00,0,16.5,8.4,86.65
26/11/2016 3:00,0,17,9,77.25
27/11/2016 3:00,0,17,8.5,85.6
28/11/2016 3:00,0,15.5,9.2,81.45
29/11/2016 3:00,0,19.5,8.8,86.4
30/11/2016 3:00,0,18,8.5,78.75
01/12/2016 3:00,0,16.5,8.4,85.55
02/12/2016 3:00,0,16,9,81.3
03/12/2016 3:00,0,17,9,83.1
04/12/2016 3:00,0,18.5,7.6,83.5
05/12/2016 3:00,0,17.5,9.3,88.05
06/12/2016 3:00,0,18.5,8,86.6
07/12/2016 3:00,0,19,8.1,87.5
08/12/2016 3:00,0,19.7,8.7,83.7
09/12/2016 3:00,0,19.5,8.5,85.5
10/12/2016 3:00,0,19,8.3,85.7
11/12/2016 3:00,0,17.5,8,90.05
12/12/2016 3:00,0,16.6,8,95.2
13/12/2016 3:00,0,15.5,7.4,85.15
14/12/2016 3:00,0,15.5,6.5,84.35
15/12/2016 3:00,0,14,6.4,86.55
16/12/2016 3:00,0,17.5,6.4,86.3
17/12/2016 3:00,0,17,6.8,89.55
18/12/2016 3:00,0,16.7,7,84.35
19/12/2016 3:00,0,16.5,6,84
20/12/2016 3:00,0,14.5,7,89.55
21/12/2016 3:00,0,16.5,8.1,82.4
22/12/2016 3:00,0,17.2,9.5,85.45
23/12/2016 3:00,0,16,7.6,86.45
24/12/2016 3:00,0,17,7.8,87.85
25/12/2016 3:00,0,16.5,7.6,83.6
26/12/2016 3:00,3,15.5,5,82.1
27/12/2016 3:00,0,16,5.4,85.45
28/12/2016 3:00,0,15,6.3,84.5
29/12/2016 3:00,0,15.5,5.5,87.25
30/12/2016 3:00,0,15.2,5.6,88.85
31/12/2016 3:00,0,15.5,5.5,91.3
01/01/2017 3:00,0,15.2,6,89.35
02/01/2017 3:00,1.7,15.5,4.5,80.9
03/01/2017 3:00,0,15.5,4,87.1
04/01/2017 3:00,0,15.5,5,88.75
05/01/2017 3:00,0,15.5,5,86.9
06/01/2017 3:00,0,14,4.5,87.2
07/01/2017 3:00,0,14,4.5,90.75
08/01/2017 3:00,0,15.5,5.2,94.25
09/01/2017 3:00,0,15,4,83.9
10/01/2017 3:00,0,14.5,3.5,87.4
11/01/2017 3:00,1.6,12,3.6,87.05
12/01/2017 3:00,0,12,2.1,84
13/01/2017 3:00,0,12,1.6,86.75
14/01/2017 3:00,0,13,1,86.65
15/01/2017 3:00,0,13,3.5,93.2
16/01/2017 3:00,0,15.5,4.3,88.15
17/01/2017 3:00,0,15,4.8,87.4
18/01/2017 3:00,0,16.5,5,88.7
19/01/2017 3:00,0,17.5,6,90.1
20/01/2017 3:00,0,18.5,6.3,88.95
21/01/2017 3:00,0,18,7.2,90.35
22/01/2017 3:00,0,16.5,7.5,92.6
23/01/2017 3:00,0,19,6.5,79.95
24/01/2017 3:00,0,16.5,7,83.7
25/01/2017 3:00,0,19,8.1,86.15
26/01/2017 3:00,0,19,8.5,87.5
27/01/2017 3:00,0,12,6.4,97.5
28/01/2017 3:00,31,15.2,3,81.6
29/01/2017 3:00,0,15.2,6,88.6
30/01/2017 3:00,0,16,6.2,87.6
31/01/2017 3:00,0,16,6.5,88.85
01/02/2017 3:00,0,16,6,90.15
02/02/2017 3:00,0.1,13,7.5,92.15
03/02/2017 3:00,0,16,7,86
04/02/2017 3:00,0,19,8.2,91.45
05/02/2017 3:00,0,18.5,9.5,86.1
06/02/2017 3:00,0,16.5,8,91
07/02/2017 3:00,0,18,6.3,89.95
08/02/2017 3:00,0,19,8.3,87.8
09/02/2017 3:00,0,17.5,8.5,91.55
10/02/2017 3:00,0,18,7.5,80.85
11/02/2017 3:00,0,17,7.2,85.95
12/02/2017 3:00,0,17,6.5,85.75
13/02/2017 3:00,0,17,6.8,86.5
14/02/2017 3:00,0,17.5,6.7,89.25
15/02/2017 3:00,0,17,7.8,85.25
16/02/2017 3:00,0,19,8,90.6
17/02/2017 3:00,0,17.5,8,88.35
18/02/2017 3:00,0,18,9.5,85.55
19/02/2017 3:00,0,18,9,85.35
20/02/2017 3:00,0,19,10.5,85.4
21/02/2017 3:00,0,19,8.5,84.45
22/02/2017 3:00,0,19.5,9.8,87.45
23/02/2017 3:00,0,19.5,7.8,89.5
24/02/2017 3:00,0,18.5,7.5,81.8
25/02/2017 3:00,0,13.5,7,84.8
26/02/2017 3:00,0,15.5,8.2,83.75
27/02/2017 3:00,0,17.5,8,79.7
28/02/2017 3:00,0,18,8.6,78.45
01/03/2017 3:00,0,18.5,10,90.4
02/03/2017 3:00,0,19,9.2,78.95
03/03/2017 3:00,0,21,9.3,86.8
04/03/2017 3:00,0,20.5,10,88.25
05/03/2017 3:00,0,19.5,8,87.55
06/03/2017 3:00,0,19.2,7.2,88.45
07/03/2017 3:00,0,20,8.3,89.75
08/03/2017 3:00,0,19.5,6.5,79.7
09/03/2017 3:00,15,17,6.5,76.45
10/03/2017 3:00,14.5,8,5.5,94.05
11/03/2017 3:00,36,13,5,85.9
12/03/2017 3:00,8.6,14,2.7,82.6
13/03/2017 3:00,0,16,4.5,82.1
14/03/2017 3:00,0,15,5.5,74.2
15/03/2017 3:00,0.5,17.5,5.7,84.35
16/03/2017 3:00,0,18.5,6,84.5
17/03/2017 3:00,38.2,17.5,5.5,63.1
18/03/2017 3:00,0,16.5,7.5,51.25
19/03/2017 3:00,0,17,7.5,73.75
20/03/2017 3:00,2.8,17,6.5,65
21/03/2017 3:00,0,18,8,74.3
22/03/2017 3:00,0,15.5,10.5,90.4
23/03/2017 3:00,0,17,9,85.8
24/03/2017 3:00,0,19.5,11.8,78.95
25/03/2017 3:00,0.5,21.5,10.8,66.5
26/03/2017 3:00,0,20.5,13.5,80.9
27/03/2017 3:00,2.8,19.5,14.4,90.5
28/03/2017 3:00,7.5,18,14.5,90.6
29/03/2017 3:00,1,17.5,15,96.85
30/03/2017 3:00,7.5,17,15,98.9
31/03/2017 3:00,1.5,17,15.1,91.55
01/04/2017 3:00,1,22,15,92.7
02/04/2017 3:00,15.5,22.2,12,73.75
03/04/2017 3:00,0.5,23,13.5,68.9
04/04/2017 3:00,7.5,23.5,12,76.45
05/04/2017 3:00,19,20,12.5,69.85
06/04/2017 3:00,1.4,24.5,12.4,53.8
07/04/2017 3:00,10.6,23.8,11,59.75
08/04/2017 3:00,9.4,23.5,9.5,62.7
09/04/2017 3:00,0,24,11.6,77.9
10/04/2017 3:00,0,22.5,12,78.2
11/04/2017 3:00,0,22,11.5,82.45
12/04/2017 3:00,0,21,12,79.95
13/04/2017 3:00,0,22,13,81.65
14/04/2017 3:00,0,22,14.2,75.3
15/04/2017 3:00,6.5,21.5,11,79.25
16/04/2017 3:00,1.7,23,13.3,84.8
17/04/2017 3:00,0,23.5,15.4,81.4
18/04/2017 3:00,0,23.5,16.5,81.9
19/04/2017 3:00,8.5,20,14.5,82.65
20/04/2017 3:00,7.3,22,13.3,86.65
21/04/2017 3:00,2.4,20.5,14,89.75
22/04/2017 3:00,4.2,21,15.2,97.9
23/04/2017 3:00,45.5,16,13.8,97.2
24/04/2017 3:00,10.5,22.5,12.5,81.5
25/04/2017 3:00,0,24,14.5,83.3
26/04/2017 3:00,0,24.5,13.5,88.75
27/04/2017 3:00,0,24.5,14,90.5
28/04/2017 3:00,0,24.5,12.5,86.95
29/04/2017 3:00,0,24,12,92.85
30/04/2017 3:00,11,22.5,10.7,93.95
01/05/2017 3:00,13,18,9.4,94.6
02/05/2017 3:00,1.5,22,11.5,91.9
03/05/2017 3:00,4.5,21,13.5,86.85
04/05/2017 3:00,7.2,22.4,12.4,87.2
05/05/2017 3:00,3,23,12,94.1
06/05/2017 3:00,0,22.5,15,96.15
07/05/2017 3:00,0,22,15.4,83.15
08/05/2017 3:00,0,21.5,16.5,91.2
09/05/2017 3:00,13.5,22.5,12,97.85
10/05/2017 3:00,3,22.5,14,93.2
11/05/2017 3:00,0,22.5,13.5,94.7
12/05/2017 3:00,64,23,15,87.55
13/05/2017 3:00,1.5,22.5,16,88.5
14/05/2017 3:00,1,24,15,91.3
15/05/2017 3:00,2.5,21.5,16,89.9
16/05/2017 3:00,3.7,22,15.4,96.9
17/05/2017 3:00,3.6,21.5,16.2,87.45
18/05/2017 3:00,0,22.5,14,85.7
19/05/2017 3:00,18.5,24,13,93.9
20/05/2017 3:00,3,24,13,92.5
21/05/2017 3:00,77.5,24,11.3,90.6
22/05/2017 3:00,0,24,15.2,93.45
23/05/2017 3:00,11.2,26,14.5,95.55
24/05/2017 3:00,0,26,15.5,91.7
25/05/2017 3:00,0,25,15.3,94.55
26/05/2017 3:00,10,24,15,94.2
27/05/2017 3:00,20,20.5,14.5,82.95
28/05/2017 3:00,43.5,22.5,13.5,92.75
29/05/2017 3:00,9.2,23,14.5,87.3
30/05/2017 3:00,6.2,19.6,14.5,96.4
31/05/2017 3:00,9.5,23.5,15,88.85
01/06/2017 3:00,0,23.5,17,93.2
02/06/2017 3:00,0.3,24,16,92.35
03/06/2017 3:00,8.5,24.5,15,93.6
04/06/2017 3:00,0,26.4,19,90.5
05/06/2017 3:00,0,26.6,16.5,92.1
06/06/2017 3:00,4,22,17.3,82.35
07/06/2017 3:00,2.4,24.5,17,95.35
08/06/2017 3:00,3.6,24.5,15.7,96.35
09/06/2017 3:00,6.8,24,16.8,91.75
10/06/2017 3:00,3.5,23.5,16,95.3
11/06/2017 3:00,0,25,16.5,96.3
12/06/2017 3:00,1,25,16,96.35
13/06/2017 3:00,0,25,16,87.45
14/06/2017 3:00,34,25,16,97.2
15/06/2017 3:00,19,24,15.5,97.2
16/06/2017 3:00,23.5,24,15,86.3
17/06/2017 3:00,17,24,16,91.65
18/06/2017 3:00,0,24,16.5,90.35
19/06/2017 3:00,34.2,24,17.3,98.05
20/06/2017 3:00,1,23,17.6,92.45
21/06/2017 3:00,33.5,23.2,16.6,89.55
22/06/2017 3:00,1,24,17.5,89.1
23/06/2017 3:00,63,24,16.5,89.75
24/06/2017 3:00,62,24.5,16.8,86.1
25/06/2017 3:00,15,23.5,18,83.3
26/06/2017 3:00,21,24.5,18.5,88.6
27/06/2017 3:00,156.6,24,17.5,94.2
28/06/2017 3:00,23.5,24.5,17.4,90.95
29/06/2017 3:00,95.2,24,16.8,89.1
30/06/2017 3:00,30,24.5,17.5,91.55
01/07/2017 3:00,40.2,24.5,17.8,91.7
02/07/2017 3:00,98.2,23,18.2,94.3
03/07/2017 3:00,105.5,24,18.2,90.75
04/07/2017 3:00,16.7,23,18,97.15
05/07/2017 3:00,44.5,19.5,18,98.5
06/07/2017 3:00,54.9,23,18.2,98.05
07/07/2017 3:00,1.8,25.5,18.5,97.25
08/07/2017 3:00,14,25,19,92.5
09/07/2017 3:00,308.3,23.5,18.5,95.3
10/07/2017 3:00,100.7,22,18,99
11/07/2017 3:00,22.5,21,17.5,99
12/07/2017 3:00,85.5,23.5,15.5,85.9
13/07/2017 3:00,0,26,17,87.95
14/07/2017 3:00,25,25,16,90.8
15/07/2017 3:00,132.2,24.5,16.5,94.4
16/07/2017 3:00,0,24.5,18.5,87.5
17/07/2017 3:00,12,26,16.8,86.8
18/07/2017 3:00,47,27.5,16.5,87.5
19/07/2017 3:00,4.5,26.5,17,97.4
20/07/2017 3:00,32.2,27.5,16.5,94.4
21/07/2017 3:00,106,21.5,17.5,95.25
22/07/2017 3:00,52,24,18,93.45
23/07/2017 3:00,15.5,25,17.5,87.8
24/07/2017 3:00,46.4,24,16.8,91.55
25/07/2017 3:00,16.5,23.5,18,92.5
26/07/2017 3:00,16.4,22,18,90.55
27/07/2017 3:00,32.2,25.5,16,95.05
28/07/2017 3:00,31,25,17,96.35
29/07/2017 3:00,92,24,18,96.1
30/07/2017 3:00,111,22.2,17.5,99
31/07/2017 3:00,38,25,17.3,91
01/08/2017 3:00,55,23,18,93.55
02/08/2017 3:00,64.5,22.5,18.6,98.05
03/08/2017 3:00,86.5,22.5,18.4,98.5
04/08/2017 3:00,15.2,24.8,18.5,92.85
05/08/2017 3:00,65.2,25,18.7,95.3
06/08/2017 3:00,1.2,25.5,18.5,90.2
07/08/2017 3:00,89.2,25.5,18.6,93.55
08/08/2017 3:00,28,24,18.5,90.8
09/08/2017 3:00,89.4,19.5,18,98
10/08/2017 3:00,37,20.2,17.5,98
11/08/2017 3:00,49.4,22,18,96.15
12/08/2017 3:00,11.7,24.2,17.6,94.4
13/08/2017 3:00,20,19,17.5,95.45
14/08/2017 3:00,8.5,23,17.5,95.05
15/08/2017 3:00,4.2,24,17.2,92.3
16/08/2017 3:00,43,23,18,94.3
17/08/2017 3:00,80.7,22.5,18.3,97.1
18/08/2017 3:00,1,24,18.5,84.9
19/08/2017 3:00,90.2,23.5,17,94.25
20/08/2017 3:00,2.2,24,17.8,89.75
21/08/2017 3:00,87.2,24,17,93.3
22/08/2017 3:00,3.2,24,17.5,86.55
23/08/2017 3:00,45.5,21,18,94.15
24/08/2017 3:00,4.2,25.5,17.4,94.2
25/08/2017 3:00,1.2,25.5,18.5,97.15
26/08/2017 3:00,4.6,25.5,18,93.6
27/08/2017 3:00,5.5,25,17.8,97.1
28/08/2017 3:00,47.4,25,16.8,92.5
29/08/2017 3:00,3.5,24,18.1,92.55
30/08/2017 3:00,5.2,24,18,92.6
31/08/2017 3:00,30.8,24,18.3,97.05
01/09/2017 3:00,66.5,22,17,92.3
02/09/2017 3:00,92.5,22,17.2,98
03/09/2017 3:00,19.8,22,17.2,96.05
04/09/2017 3:00,27,24,16.5,92.45
05/09/2017 3:00,0,24.5,17,96.7
06/09/2017 3:00,32.2,24,17.6,97.1
07/09/2017 3:00,0,24.5,17,92.25
08/09/2017 3:00,32.2,23.5,16.8,97.15
09/09/2017 3:00,1,24,17,93.3
10/09/2017 3:00,41.5,25.5,17.3,94.55
11/09/2017 3:00,5.5,23.5,17.5,97.1
12/09/2017 3:00,6,24,17,90.85
13/09/2017 3:00,35.6,24,16.5,95.2
14/09/2017 3:00,0,23,16.8,93.25
15/09/2017 3:00,0,24,16,97.1
16/09/2017 3:00,0,25.5,16.5,87.65
17/09/2017 3:00,0,26,17.3,83.5
18/09/2017 3:00,2.7,22.5,17.5,92.45
19/09/2017 3:00,1.2,24,17,97.15
20/09/2017 3:00,0,24.5,17.6,97.2
21/09/2017 3:00,47.5,24,17,96.9
22/09/2017 3:00,42.4,22,16.8,90.2
23/09/2017 3:00,4,24,16.7,94.7
24/09/2017 3:00,0,24.5,17.5,87.4
25/09/2017 3:00,28.5,24.5,18,79.4
26/09/2017 3:00,0,25.5,17.3,94.4
27/09/2017 3:00,48.5,24,17.5,97.05
28/09/2017 3:00,37,24,16.5,93.4
29/09/2017 3:00,0,23.5,17,91.45
30/09/2017 3:00,7,23,16.7,96.95
01/10/2017 3:00,11.5,24,17,91.45
02/10/2017 3:00,45.4,22.5,16.4,93.05
03/10/2017 3:00,4.6,22,15.5,94.55
04/10/2017 3:00,0,24.5,16,93.2
05/10/2017 3:00,0,25,16.2,95.4
06/10/2017 3:00,0,25,16.5,96.3
07/10/2017 3:00,44.9,25,14.5,83.35
08/10/2017 3:00,21.5,24,15.5,95.25
09/10/2017 3:00,16.3,23.5,15.4,96
10/10/2017 3:00,0,23.5,14.8,96.1
11/10/2017 3:00,0,26,15,96.15
12/10/2017 3:00,0,24.5,15.5,98.05
13/10/2017 3:00,7,22.5,16.2,97.1
14/10/2017 3:00,0,23.5,16,92.4
15/10/2017 3:00,0,24,15,93.15
16/10/2017 3:00,0,23,14.5,85.45
17/10/2017 3:00,2.5,22.5,13,97.05
18/10/2017 3:00,0,24.5,14.5,97.2
19/10/2017 3:00,0,25,13.5,97.1
20/10/2017 3:00,0,25,14,93.65
21/10/2017 3:00,86.9,21.5,13.5,83.3
22/10/2017 3:00,1.2,22.5,13.5,90.75
23/10/2017 3:00,100.6,20.5,14,85.7
24/10/2017 3:00,0,20,11.7,81.25
25/10/2017 3:00,0,19,10.5,89.3
26/10/2017 3:00,0.5,19,10.8,91.1
27/10/2017 3:00,0,20,10.5,91.65
28/10/2017 3:00,0,19,11.6,88
29/10/2017 3:00,0.8,19.3,10,90.75
30/10/2017 3:00,0,20,9,96.6
31/10/2017 3:00,0,16,11,93.25
01/11/2017 3:00,1.5,15.5,9.5,88.95
02/11/2017 3:00,0,19,10,95.55
03/11/2017 3:00,0,20,10.5,93.75
04/11/2017 3:00,0,21,10.5,95.15
05/11/2017 3:00,0,21.5,10,92.55
06/11/2017 3:00,0,20.5,10.5,79.2
07/11/2017 3:00,0,20.5,11.2,95.05
08/11/2017 3:00,0,20,10.8,96.4
09/11/2017 3:00,0,19.5,10,97.35
10/11/2017 3:00,0,19.5,9.5,94.4
11/11/2017 3:00,0,19,9.3,96.7
12/11/2017 3:00,0,18.5,9.8,95.6
13/11/2017 3:00,0,18,10.5,93.25
14/11/2017 3:00,0,18,10.3,96.75
15/11/2017 3:00,0,19,8.5,95.3
16/11/2017 3:00,0,20,8.5,96.65
17/11/2017 3:00,0,20,10.5,96.8
18/11/2017 3:00,0,21,10,86
19/11/2017 3:00,0,20.5,10,85.65
20/11/2017 3:00,0,20,9,97.8
21/11/2017 3:00,0,18,8.5,96.8
22/11/2017 3:00,0,18,8.3,94.45
23/11/2017 3:00,0,17,7.5,97
24/11/2017 3:00,0,16.5,7.5,90.3
25/11/2017 3:00,0,16.5,8,92.05
26/11/2017 3:00,0,16.5,7.6,96.35
27/11/2017 3:00,0,17,7.5,92.6
28/11/2017 3:00,0,15.5,8,90.2
29/11/2017 3:00,0,14,7,96.2
30/11/2017 3:00,0,15,6.5,92.4
01/12/2017 3:00,0,15.5,7.1,91.15
02/12/2017 3:00,0,15.5,7,95.9
03/12/2017 3:00,0,15,6.5,95.1
04/12/2017 3:00,0,15.5,7.5,95.05
05/12/2017 3:00,0,14,7.5,82.45
06/12/2017 3:00,0,14.5,7.5,83.05
07/12/2017 3:00,0,16.5,8,84.8
08/12/2017 3:00,0,17.2,9.5,86.3
09/12/2017 3:00,0,17.5,9,89.8
10/12/2017 3:00,0,21,8,96.6
11/12/2017 3:00,0,19,9,95
12/12/2017 3:00,0,18,8.4,96.3
13/12/2017 3:00,0,17.5,7.4,97.7
14/12/2017 3:00,0,17.5,6.5,97.75
15/12/2017 3:00,0,18,7.5,95.95
16/12/2017 3:00,0,18.2,7.5,94.15
17/12/2017 3:00,0,18,6.2,95.75
18/12/2017 3:00,0,17,6,95.05
19/12/2017 3:00,0,16,6.2,95.65
20/12/2017 3:00,0,16.5,6.8,94.95
21/12/2017 3:00,0,17,7,96.35
22/12/2017 3:00,0,16,6.8,94.65
23/12/2017 3:00,0,15.5,5.5,93.1
24/12/2017 3:00,0,15,6.3,75.45
25/12/2017 3:00,0,15,5.8,64.1
26/12/2017 3:00,0,16,5,52.15
27/12/2017 3:00,0,17.5,6.4,45.05
28/12/2017 3:00,0,18.5,7,39.05
29/12/2017 3:00,0,17,7.8,58.3
30/12/2017 3:00,0,16,6,55.7
31/12/2017 3:00,0,16.5,5.3,64.1
01/01/2018 3:00,0,15,6.4,75.4
02/01/2018 3:00,0,14,5,72.65
03/01/2018 3:00,0,15.4,3.2,93.25
04/01/2018 3:00,0,14.5,4,92.5
05/01/2018 3:00,0,12.5,3.8,97.95
06/01/2018 3:00,0,12.5,2.5,92.85
07/01/2018 3:00,0,12.6,2.5,89.4
08/01/2018 3:00,0,11.5,3,86.25
09/01/2018 3:00,0,12.5,2.5,81.95
10/01/2018 3:00,0,13,3.5,85.45
11/01/2018 3:00,0,12.5,4,81.8
12/01/2018 3:00,0,15,4.3,78.9
13/01/2018 3:00,0,14.5,5,75.75
14/01/2018 3:00,0,13.5,5,78
15/01/2018 3:00,0,14.6,4.5,76
16/01/2018 3:00,0,13,5.2,70.4
17/01/2018 3:00,0,15.5,5,76.5
18/01/2018 3:00,0,15.5,5,73.35
19/01/2018 3:00,0,14.6,5.6,75.35
20/01/2018 3:00,0,14.5,6,78.6
21/01/2018 3:00,0,12,6.8,83.35
22/01/2018 3:00,0,17,5.5,90.05
23/01/2018 3:00,0,16,6.5,85.55
24/01/2018 3:00,3.5,11,5.5,79.6
25/01/2018 3:00,0,13,3.5,79.3
26/01/2018 3:00,0,13.5,3.5,78.95
27/01/2018 3:00,1,11.5,4.5,84.05
28/01/2018 3:00,0,12.5,3.2,85.4
29/01/2018 3:00,0,12.3,3,93.85
30/01/2018 3:00,0,12.5,3.5,85.6
31/01/2018 3:00,0,12.1,5,91
01/02/2018 3:00,0,11.5,6.5,77.1
02/02/2018 3:00,0,14.5,5.3,68.75
03/02/2018 3:00,0,15.5,6.5,79.5
04/02/2018 3:00,0,17,5.8,65.5
05/02/2018 3:00,0,17.3,7,65.5
06/02/2018 3:00,0,18.5,6.8,65.05
07/02/2018 3:00,0,18,8.5,54.6
08/02/2018 3:00,0,18.5,8.8,47.95
09/02/2018 3:00,0,17.5,6.5,48.45
10/02/2018 3:00,0,18,6.5,36.25
11/02/2018 3:00,0,16,8,51.7
12/02/2018 3:00,0,16,8,68.4
13/02/2018 3:00,6.5,16,5,64.65
14/02/2018 3:00,0,17,6,52.15
15/02/2018 3:00,0,19,5.5,55.5
16/02/2018 3:00,0,18.5,6.5,79.25
17/02/2018 3:00,0,15.5,8.5,90
18/02/2018 3:00,0,16.5,6.8,78.95
19/02/2018 3:00,0,17,7,68.6
20/02/2018 3:00,0,16.5,8.2,74.85
21/02/2018 3:00,0,16,8.3,81.5
22/02/2018 3:00,0,15,7,87.4
23/02/2018 3:00,20,15.5,7,80.4
24/02/2018 3:00,0,18,8.5,72.35
25/02/2018 3:00,0,18,9,76.05
26/02/2018 3:00,1,19.3,7.3,69.35
27/02/2018 3:00,0,18,9.5,76.1
28/02/2018 3:00,2.5,16,11.5,94.15
01/03/2018 3:00,3.8,18.5,11.8,92.05
02/03/2018 3:00,1,18.2,10.5,85.95
03/03/2018 3:00,11.5,18,9.1,79
04/03/2018 3:00,0,21,10,67.3
05/03/2018 3:00,0,20.5,11.3,75.8
06/03/2018 3:00,0,19,7.8,74.3
07/03/2018 3:00,0,21.5,8.5,85.35
08/03/2018 3:00,0,19,9.5,77.45
09/03/2018 3:00,6.5,19.5,8.3,70
10/03/2018 3:00,3,20,8,72.25
11/03/2018 3:00,0.5,19,9.5,71.15
12/03/2018 3:00,4.2,17,8.5,72.3
13/03/2018 3:00,0,19,9.5,78.85
14/03/2018 3:00,0,20,11.5,80.8
15/03/2018 3:00,0,18.5,13,90.4
16/03/2018 3:00,26.5,19,6.5,82.05
17/03/2018 3:00,0,20.5,9.5,90.25
18/03/2018 3:00,0.5,20.5,8.5,93.15
19/03/2018 3:00,0,21,10.5,94.9
20/03/2018 3:00,0,22,11.2,93.1
21/03/2018 3:00,0,22.5,10.5,90.45
22/03/2018 3:00,0,22.5,10.5,90.45
23/03/2018 3:00,0,22,11.5,80.4
24/03/2018 3:00,0,22.5,10.8,82.35
25/03/2018 3:00,0,22,12.3,59.55
26/03/2018 3:00,1.2,22.5,9.5,63.55
27/03/2018 3:00,0,23,11,70.5
28/03/2018 3:00,0,21,12.5,65.7
29/03/2018 3:00,17.2,20,10,64.4
30/03/2018 3:00,2.4,20,11.2,66.35
31/03/2018 3:00,4,19.5,8.5,57.8
01/04/2018 3:00,0,20,10.5,69.9
02/04/2018 3:00,0,20.5,11.5,70.1
03/04/2018 3:00,0,22,13,82.8
04/04/2018 3:00,9.5,21,11.5,86.65
05/04/2018 3:00,33,22,12,65.55
06/04/2018 3:00,0,22,13.4,69.95
07/04/2018 3:00,0,22.5,12,85.7
08/04/2018 3:00,16,20.5,12.5,67.3
09/04/2018 3:00,0,20,11.5,77.5
10/04/2018 3:00,9.2,21.5,10.5,71.8
11/04/2018 3:00,2.2,21,12.6,84.55
12/04/2018 3:00,5.4,19.5,10.5,77.25
13/04/2018 3:00,20,21.5,10,73.55
14/04/2018 3:00,1.5,22,10.3,51.6
15/04/2018 3:00,0,22,12.6,50.15
16/04/2018 3:00,0.5,22.5,13.5,67.05
17/04/2018 3:00,5.5,21.5,14,75.4
18/04/2018 3:00,0,19.5,13.5,84.85
19/04/2018 3:00,9.2,21,12,88.1
20/04/2018 3:00,11,22,12,77.55
21/04/2018 3:00,0,24,12.1,91.4
22/04/2018 3:00,0,24,12.8,92.4
23/04/2018 3:00,0,24,13.5,95.2
24/04/2018 3:00,0,22.5,13.6,92.1
25/04/2018 3:00,0,21.5,13.4,90.2
26/04/2018 3:00,0,20,12.5,82.75
27/04/2018 3:00,1.4,22,12.5,86.75
28/04/2018 3:00,5.2,22,12.6,91.9
29/04/2018 3:00,21.5,22,11.5,97.65
30/04/2018 3:00,4.5,20.5,12,82.2
01/05/2018 3:00,2.5,21.5,12,88.4
02/05/2018 3:00,0,21.5,13.5,81.55
03/05/2018 3:00,108,17.5,10,83.8
04/05/2018 3:00,1.5,20,12.5,33.6
05/05/2018 3:00,37.4,20.5,13,91.1
06/05/2018 3:00,0,21,14.5,82
07/05/2018 3:00,0,23.5,14.4,96.25
08/05/2018 3:00,0,24,14.5,96.2
09/05/2018 3:00,0,23.5,11.6,97
10/05/2018 3:00,2.5,22.5,12,96.95
11/05/2018 3:00,0,23,11.7,93.6
12/05/2018 3:00,0,20,12.5,94.05
13/05/2018 3:00,0,19,15,94.7
14/05/2018 3:00,18,19.5,12.5,88.8
15/05/2018 3:00,1.5,21,13,80.45
16/05/2018 3:00,0,20.5,14.5,92.15
17/05/2018 3:00,12,17.5,14.4,91.35
18/05/2018 3:00,3.2,19.5,15.2,89.9
19/05/2018 3:00,0,21.5,15.5,92.95
20/05/2018 3:00,9,22,14.5,87.9
21/05/2018 3:00,0,23,16.5,88.7
22/05/2018 3:00,0,22.5,18.5,91.6
23/05/2018 3:00,10,22.5,17.6,92.35
24/05/2018 3:00,7.5,24,16.8,89.7
25/05/2018 3:00,0,24,17.5,95.35
26/05/2018 3:00,8.5,25,15.5,94.2
27/05/2018 3:00,15,24.5,15.5,97.1
28/05/2018 3:00,1,24.5,14.5,96.05
29/05/2018 3:00,1,23,14,97.05
30/05/2018 3:00,1.4,23,14.4,97
31/05/2018 3:00,3.5,23.5,15.5,95.1
01/06/2018 3:00,27,23,13.5,92.1
02/06/2018 3:00,0,23,15.5,93.15
03/06/2018 3:00,0,23.5,15.3,97.2
04/06/2018 3:00,0,24.5,17.7,94.5
05/06/2018 3:00,27,25,16,96.2
06/06/2018 3:00,0,26,17.6,98.1
07/06/2018 3:00,9,22.5,17.2,88.7
08/06/2018 3:00,43,22.5,17,88.7
09/06/2018 3:00,0,25,17.6,96.4
10/06/2018 3:00,7.2,26,18.3,95.95
11/06/2018 3:00,3,25.5,18.3,97.25
12/06/2018 3:00,82.9,24.5,17.5,93.55
13/06/2018 3:00,1.5,24,17.6,97.1
14/06/2018 3:00,6.5,24.5,16.3,96.35
15/06/2018 3:00,11.2,22.5,17.4,95.1
16/06/2018 3:00,26.5,18.5,17,95.95
17/06/2018 3:00,2.8,23,17.2,96.2
18/06/2018 3:00,31.5,24.5,17,79.45
19/06/2018 3:00,1.5,25,17.5,82.3
20/06/2018 3:00,1.5,25,18,80.6
21/06/2018 3:00,32.2,26,16.8,90.95
22/06/2018 3:00,26.2,25,16,83.95
23/06/2018 3:00,14,25,16.3,83.95
24/06/2018 3:00,17.2,25,17.6,89.2
25/06/2018 3:00,45.4,25,18,92.5
26/06/2018 3:00,89.5,23.5,17,87.2
27/06/2018 3:00,22.2,24,17.5,89.05
28/06/2018 3:00,21,24,17.5,92.65
29/06/2018 3:00,24.4,22,17.8,88.05
30/06/2018 3:00,42.5,21.5,17.5,97.05
01/07/2018 3:00,55.5,19.5,17,96.95
02/07/2018 3:00,11,19,17.2,98
03/07/2018 3:00,56.5,22,17.5,96.15
04/07/2018 3:00,5.7,24.5,17.8,85.6
05/07/2018 3:00,46.2,25,17.5,90.85
06/07/2018 3:00,8.2,25.5,18.5,93.5
07/07/2018 3:00,70.5,25,18.6,95.25
08/07/2018 3:00,13.7,25,18,96.2
09/07/2018 3:00,109.8,22,18,92.5
10/07/2018 3:00,12.8,24.5,18.5,95.2
11/07/2018 3:00,12.2,24,18.3,95.25
12/07/2018 3:00,94.7,22,17.6,90.75
13/07/2018 3:00,48.5,24.5,17.5,92.8
14/07/2018 3:00,231.2,24.5,17.5,90.9
15/07/2018 3:00,80.9,23.5,17.4,86.65
16/07/2018 3:00,138.2,24.5,17.2,94.3
17/07/2018 3:00,68,27,18.3,91.05
18/07/2018 3:00,103.2,25.5,18,90.45
19/07/2018 3:00,51.9,26.5,18.3,92.7
20/07/2018 3:00,0,27.5,18.5,96.45
21/07/2018 3:00,21.5,24,18.5,95.2
22/07/2018 3:00,25.5,24.5,17.5,89.25
23/07/2018 3:00,63.2,24,17.4,92.6
24/07/2018 3:00,1.5,25,19,94.4
25/07/2018 3:00,74.2,23.5,18.5,98
26/07/2018 3:00,69.9,22,18,93.3
27/07/2018 3:00,1.5,23,18,96.05
28/07/2018 3:00,14.2,25,18.4,93.4
29/07/2018 3:00,12,24.5,18,96.15
30/07/2018 3:00,38,22,18.4,96.2
31/07/2018 3:00,34.5,23,17.6,87.2
01/08/2018 3:00,39,22,17.3,98
02/08/2018 3:00,93.5,22.5,17,89.8
03/08/2018 3:00,96.6,23,17.5,93.4
04/08/2018 3:00,61.4,21.5,18,97.05
05/08/2018 3:00,43.7,24,17.8,94.5
06/08/2018 3:00,45.5,24.5,17.5,95.25
07/08/2018 3:00,4.7,27,17.6,98.55
08/08/2018 3:00,34,25,17.5,92
09/08/2018 3:00,63,24,17.5,84.8
10/08/2018 3:00,20.9,25.5,17.2,87.4
11/08/2018 3:00,70.4,21,17.3,98
12/08/2018 3:00,7.4,21.5,17.8,98
13/08/2018 3:00,31,21.5,18.2,97.1
14/08/2018 3:00,177,22.5,17.5,94.4
15/08/2018 3:00,147,25,18,97.25
16/08/2018 3:00,32,25.5,18,91.9
17/08/2018 3:00,24.5,25.5,18.4,85
18/08/2018 3:00,32,26,18,84.8
19/08/2018 3:00,3.5,26.5,17.8,89.05
20/08/2018 3:00,0,26,19.5,93.4
21/08/2018 3:00,70.2,24.5,18,96.2
22/08/2018 3:00,45.8,24.5,18,90.75
23/08/2018 3:00,27,24,18.5,94.5
24/08/2018 3:00,9.2,21.5,18.5,98
25/08/2018 3:00,83.4,20,18,95.1
26/08/2018 3:00,5.5,24,18,89.8
27/08/2018 3:00,36,23.5,18,92.75
28/08/2018 3:00,88.5,23,17.5,97
29/08/2018 3:00,34,24,17.3,88.1
30/08/2018 3:00,3.5,22,17.5,93.35
31/08/2018 3:00,73.5,22,17.3,98
01/09/2018 3:00,53,24.5,17.5,96.5
02/09/2018 3:00,18,22.5,18,93.45
03/09/2018 3:00,67,23,17,90.05
04/09/2018 3:00,74.5,24,17.5,96.25
05/09/2018 3:00,0.5,25.5,17.6,94.45
06/09/2018 3:00,0,25.5,17.7,88.3
07/09/2018 3:00,158.2,25,16.8,88.85
08/09/2018 3:00,0,24,17.5,94.4
09/09/2018 3:00,19.2,24.5,18,92.6
10/09/2018 3:00,36.2,20.5,18.3,98.5
11/09/2018 3:00,134.5,18.5,16.5,98.95
12/09/2018 3:00,28.2,19,16.6,98
13/09/2018 3:00,8.5,22,16.5,91.2
14/09/2018 3:00,6.2,23,16,88.95
15/09/2018 3:00,7,23.5,17,95.05
16/09/2018 3:00,23.5,23.5,15.5,92.4
17/09/2018 3:00,23,24.5,15.4,82.85
18/09/2018 3:00,0,25,14.5,75.55
19/09/2018 3:00,0,25,15,81.6
20/09/2018 3:00,0,25,16,85.75
21/09/2018 3:00,22.4,18.5,15.5,91.65
22/09/2018 3:00,3.4,20.5,16.2,92.15
23/09/2018 3:00,0.5,23,15.5,85.25
24/09/2018 3:00,0,22.5,17,92.25
25/09/2018 3:00,0,23,16.5,93.25
26/09/2018 3:00,38.2,22.5,15.5,92.25
27/09/2018 3:00,0,23,16,95.1
28/09/2018 3:00,8.5,23,17,95.1
29/09/2018 3:00,20.2,23,16.6,91.4
30/09/2018 3:00,34.5,24,16.8,92.25
01/10/2018 3:00,5.2,23.5,16,92.45
02/10/2018 3:00,6.4,22,14,92.95
03/10/2018 3:00,0,22,15.5,81.85
04/10/2018 3:00,8.5,21,13.5,84.7
05/10/2018 3:00,0,21.5,12.8,73.8
06/10/2018 3:00,0,21.5,12,80.35
07/10/2018 3:00,0,21,12.2,68.7
08/10/2018 3:00,0.5,20,10,67.85
09/10/2018 3:00,0,21,12,79.2
10/10/2018 3:00,0,20,12.5,86.25
11/10/2018 3:00,0.5,21,12.5,86.4
12/10/2018 3:00,17.5,19,12.3,90.45
13/10/2018 3:00,7,19,13,92.15
14/10/2018 3:00,0.5,20.5,12,89.7
15/10/2018 3:00,0,19.5,12,86.85
16/10/2018 3:00,0,19,12,91.3
17/10/2018 3:00,0.5,19,12.8,90.3
18/10/2018 3:00,0,20,11.5,85.75
19/10/2018 3:00,0,21,10.6,82.5
20/10/2018 3:00,0,19.5,11.4,80.75
21/10/2018 3:00,0,20,10.5,83.55
22/10/2018 3:00,0,20,10,75.2
23/10/2018 3:00,4.2,18.5,11,82.5
24/10/2018 3:00,0,18.5,8,86.2
25/10/2018 3:00,0,19.5,8.5,90.2
26/10/2018 3:00,0,19.5,7.5,89.45
27/10/2018 3:00,0,20,8.5,87
28/10/2018 3:00,0,20,9,80.35
29/10/2018 3:00,0,21,8,82.5
30/10/2018 3:00,0,21,9.5,74.25
31/10/2018 3:00,0,23,10.5,79.05
01/11/2018 3:00,0,21,10.5,83.6
02/11/2018 3:00,0,20.5,10.5,80.85
03/11/2018 3:00,0,19.5,10,72
04/11/2018 3:00,0,18.5,8.8,66.7
05/11/2018 3:00,0,19,8.5,72.05
06/11/2018 3:00,0,18.5,8.5,76.4
07/11/2018 3:00,0,17.5,8.5,81.5
08/11/2018 3:00,0,18.5,7.4,77.15
09/11/2018 3:00,0,18,8,81.85
10/11/2018 3:00,0,17.5,8.5,74.05
11/11/2018 3:00,0,17.5,8.5,78.7
12/11/2018 3:00,0,19,8.6,80.5
13/11/2018 3:00,3.5,16,10.5,91.55
14/11/2018 3:00,4.5,16,8.5,83.05
15/11/2018 3:00,0,18,8,78.75
16/11/2018 3:00,0,17,8.5,80.95
17/11/2018 3:00,0,17,8,78.75
18/11/2018 3:00,0,16,9,89.9
19/11/2018 3:00,0,15,7.8,86.25
20/11/2018 3:00,0,15.5,7.5,81.2
21/11/2018 3:00,0,16.5,8,84.6
22/11/2018 3:00,0,17,10,74.9
23/11/2018 3:00,0,18,8,87.4
24/11/2018 3:00,0,17,8.5,93.05
25/11/2018 3:00,0,19.5,8.3,90.25
26/11/2018 3:00,0,17,8,94.25
27/11/2018 3:00,0,19.8,7,90.65
28/11/2018 3:00,0,19.5,7.5,84
29/11/2018 3:00,0,18,8,89.85
30/11/2018 3:00,0,15,8,86.45
01/12/2018 3:00,0,15,7.5,90.1
02/12/2018 3:00,0,14.5,8.8,84.95
03/12/2018 3:00,0,14,6.5,86.6
04/12/2018 3:00,0,13.5,6.5,89.8
05/12/2018 3:00,0,15.5,6,84.75
06/12/2018 3:00,0,15,8,85.9
07/12/2018 3:00,0,15,6,80.8
08/12/2018 3:00,0,15,6.5,85.45
09/12/2018 3:00,0,14.5,5.5,83.55
10/12/2018 3:00,0,14.5,5,85.2
11/12/2018 3:00,0,15,5.2,89.75
12/12/2018 3:00,0,15,3.5,93.25
13/12/2018 3:00,0,15,5,96.25
14/12/2018 3:00,0,15.5,4.5,93.65
15/12/2018 3:00,0,16,4,94.75
16/12/2018 3:00,0,15,3.8,96.2
17/12/2018 3:00,0,15,4.5,94.25
18/12/2018 3:00,0,14,6.5,96.7
19/12/2018 3:00,0,13,4,85.2
20/12/2018 3:00,0,10,5.5,89.9
21/12/2018 3:00,0,10,5.5,89.9
22/12/2018 3:00,0,10.5,5,70.85
23/12/2018 3:00,0,14.5,3.5,91.65
24/12/2018 3:00,0,14.5,4,92.05
25/12/2018 3:00,0,14.5,3.5,91.95
26/12/2018 3:00,0,12,2,91.3
27/12/2018 3:00,0,12,3,94.05
28/12/2018 3:00,0,12.5,2,90.8
29/12/2018 3:00,0,13,2,87.05
30/12/2018 3:00,0,14,2.5,97.4
31/12/2018 3:00,0,15,3.5,93.75
01/01/2019 3:00,0,13.5,4,97.25
02/01/2019 3:00,0,13,3.5,97.3
03/01/2019 3:00,0,12.5,3,94.4
04/01/2019 3:00,0,12.5,2,95.7
05/01/2019 3:00,0,13,3,97.2
06/01/2019 3:00,0,13.5,3.5,96
07/01/2019 3:00,0,12,4,95.85
08/01/2019 3:00,0,15.5,3,97.25
09/01/2019 3:00,0,14.5,5.5,94.8
10/01/2019 3:00,0,13,4,93.15
11/01/2019 3:00,0,12,4,97.2
12/01/2019 3:00,0,13.5,3.8,95.9
13/01/2019 3:00,0,15,4,94.7
14/01/2019 3:00,0,15,4,96.05
15/01/2019 3:00,0,14.5,3.5,95.4
16/01/2019 3:00,0,15,4,94.65
17/01/2019 3:00,0,15,5,92.4
18/01/2019 3:00,0,15,4.5,93.45
19/01/2019 3:00,0,14.5,4.5,84.4
20/01/2019 3:00,0,15,5,94.95
21/01/2019 3:00,0,15.5,6,96.25
22/01/2019 3:00,0,15,7,96.15
23/01/2019 3:00,16,15,4.5,96.85
24/01/2019 3:00,1,9,3,91.65
25/01/2019 3:00,0,16,4.5,92.7
26/01/2019 3:00,56.5,16.5,1,97.65
27/01/2019 3:00,3,14,1,93.75
28/01/2019 3:00,0.4,13.5,4.4,65.6
29/01/2019 3:00,0,13.5,2,41.05
30/01/2019 3:00,0,14,2,51.3
31/01/2019 3:00,0,14,4.5,66.4
01/02/2019 3:00,0,15.5,7.5,65.9
02/02/2019 3:00,0,16,4.5,58.6
03/02/2019 3:00,0,17,5,56
04/02/2019 3:00,0,17.5,5.5,69.4
05/02/2019 3:00,0,17.8,6,80
06/02/2019 3:00,0,16.5,6,83.65
07/02/2019 3:00,12,10.5,7,90.2
08/02/2019 3:00,21.5,13.5,5.5,83.65
09/02/2019 3:00,47,14,0,86.95
10/02/2019 3:00,0,13.5,1.5,67.45
11/02/2019 3:00,0,14.5,5,79.05
12/02/2019 3:00,0,15.5,5.2,76.75
13/02/2019 3:00,0,17,7,78.55
14/02/2019 3:00,0,13.5,8.3,74.6
15/02/2019 3:00,5.2,16,6.5,80.3
16/02/2019 3:00,22.5,15,5.5,72.9
17/02/2019 3:00,0.5,15,4.5,75.05
18/02/2019 3:00,0,15,6.5,83.25
19/02/2019 3:00,3.4,12.5,6.3,91.75
20/02/2019 3:00,0,16.5,6.5,74.6
21/02/2019 3:00,0,18,8,71.95
22/02/2019 3:00,0,20,10,59.35
23/02/2019 3:00,0,18,9.2,63.4
24/02/2019 3:00,0,16.5,8,64.15
25/02/2019 3:00,2.5,16.5,5.8,60.3
26/02/2019 3:00,0,14.5,5,46.4
27/02/2019 3:00,12.5,8,3.4,90.5
28/02/2019 3:00,14.7,10,3.5,87.85
01/03/2019 3:00,0,14,2,50.8
02/03/2019 3:00,0,14.5,4,66.35
03/03/2019 3:00,3.4,15,6.7,86.65
04/03/2019 3:00,0,17.5,5.5,69.6
05/03/2019 3:00,0,16.5,5.8,70.6
06/03/2019 3:00,2.5,16.5,5,64.4
07/03/2019 3:00,0,17,6.5,61.75
08/03/2019 3:00,0,16,6.2,83.2
09/03/2019 3:00,10.4,16.5,5.5,78.45
10/03/2019 3:00,0.5,18.5,6.5,53.45
11/03/2019 3:00,0,19.5,7.8,55.8
12/03/2019 3:00,0,21,8,48.25
13/03/2019 3:00,0,23,9.5,43.45
14/03/2019 3:00,0,21,13,48.65
15/03/2019 3:00,0.4,22,8.5,37.35
16/03/2019 3:00,0,23,8.5,43.85
17/03/2019 3:00,0,22,9.8,49.8
18/03/2019 3:00,0,19,9.2,59.45
19/03/2019 3:00,0,19,8,59.35
20/03/2019 3:00,4.2,19.5,7.8,63
21/03/2019 3:00,3.2,20,7.5,55.4
22/03/2019 3:00,0,21.5,8,59.8
23/03/2019 3:00,0,22,7.8,61.55
24/03/2019 3:00,0,21.5,9,61.35
25/03/2019 3:00,0,21.5,9,71.75
26/03/2019 3:00,0,16.5,8.5,79.45
27/03/2019 3:00,7,18.5,9.5,81.45
28/03/2019 3:00,0,21.5,10.3,65.95
29/03/2019 3:00,0,19.5,13.5,78.9
30/03/2019 3:00,0.5,18.5,12.5,87.95
31/03/2019 3:00,14,21.5,11.5,72.3
01/04/2019 3:00,9.5,21,10.5,55.55
02/04/2019 3:00,4.2,21,8.5,59.85
03/04/2019 3:00,0,20.5,12.8,75.6
04/04/2019 3:00,7.5,16.5,8.5,93.4
05/04/2019 3:00,16.5,15.5,13.5,94.35
06/04/2019 3:00,0,16,12,97.7
07/04/2019 3:00,10,17,11,83.7
08/04/2019 3:00,0.5,20.5,9.8,83.95
09/04/2019 3:00,4.5,18.5,12.1,88.25
10/04/2019 3:00,0,18,12.5,88.25
11/04/2019 3:00,0,21,14,88.55
12/04/2019 3:00,0,21.5,15.3,90.7
13/04/2019 3:00,5.4,22.5,14.3,86.45
14/04/2019 3:00,5.5,21.5,13,84.05
15/04/2019 3:00,26.2,21,13.3,88.25
16/04/2019 3:00,46.3,22.5,11.3,88.15
17/04/2019 3:00,32.5,19,11.5,73.4
18/04/2019 3:00,1.5,22,10,68.85
19/04/2019 3:00,6.5,21.5,10,58.55
20/04/2019 3:00,0,22,10.2,67.2
21/04/2019 3:00,0,22,13.2,74.8
22/04/2019 3:00,10.5,21,12,78.7
23/04/2019 3:00,1.7,21.5,12.5,79.75
24/04/2019 3:00,0,23,14,76.9
25/04/2019 3:00,0.5,24,14.3,81.5
26/04/2019 3:00,9.5,23,14.2,84.3
27/04/2019 3:00,2.4,22.5,15.5,95
28/04/2019 3:00,12.5,24,13.8,77.6
29/04/2019 3:00,0,24,16,83.7
30/04/2019 3:00,18.8,23.5,14.5,72.85
01/05/2019 3:00,0,25,14.5,67.75
02/05/2019 3:00,4.4,26,13.5,63.15
03/05/2019 3:00,0,23.5,15.5,77.9
04/05/2019 3:00,0,22.5,14.3,86.4
05/05/2019 3:00,0,23.5,15,78.2
06/05/2019 3:00,0,24,13.4,73.75
07/05/2019 3:00,0,25,14.3,72.45
08/05/2019 3:00,0,24.5,15,76.05
09/05/2019 3:00,0,25,15,79.1
10/05/2019 3:00,0,25.5,15.8,79.15
11/05/2019 3:00,0,25,15.5,74.9
12/05/2019 3:00,0.7,24,15,70.4
13/05/2019 3:00,18.7,22,11,81.55
14/05/2019 3:00,13.5,23,11.5,82.85
15/05/2019 3:00,37.5,22.5,11.5,73.9
16/05/2019 3:00,12.2,21.5,15,84.65
17/05/2019 3:00,2.5,23.5,12.6,73.55
18/05/2019 3:00,0,25,14.5,76.45
19/05/2019 3:00,4.2,24.5,13.5,62.65
20/05/2019 3:00,0,24.5,15,73.6
21/05/2019 3:00,2,24.5,15,72.4
22/05/2019 3:00,15,23,14,81.7
23/05/2019 3:00,20.5,23.5,13.5,80.2
24/05/2019 3:00,11.4,24,15,79.3
25/05/2019 3:00,0,24,14.5,78.45
26/05/2019 3:00,0,23.5,14,82.45
27/05/2019 3:00,0,24.5,11,86.95
28/05/2019 3:00,69.2,24,12.3,79.75
29/05/2019 3:00,3.5,23,15,87.25
30/05/2019 3:00,1.5,24,15.2,80.6
31/05/2019 3:00,33.4,23.5,14.5,79.15
01/06/2019 3:00,11.5,24.5,16.4,83.15
02/06/2019 3:00,0,23,15.5,84.7
03/06/2019 3:00,20,24,14,90.2
04/06/2019 3:00,0,23,17,86.5
05/06/2019 3:00,14.7,23,16.2,92.25
06/06/2019 3:00,8.4,19,17,96.9
07/06/2019 3:00,27.5,24,14.5,80.65
08/06/2019 3:00,0,24,16,83.6
09/06/2019 3:00,5.4,23.5,17,87.1
10/06/2019 3:00,9.5,25,15.5,85.45
11/06/2019 3:00,25.2,24,16,76.5
12/06/2019 3:00,0,24.5,18,63.95
13/06/2019 3:00,0,25,18.3,85
14/06/2019 3:00,0,26,18,90.7
15/06/2019 3:00,0,25,17.5,90.8
16/06/2019 3:00,0,26,18.5,82.2
17/06/2019 3:00,0,25.5,16.5,89.05
18/06/2019 3:00,23.5,24.5,15,81.35
19/06/2019 3:00,10.5,25,14.8,85.3
20/06/2019 3:00,4.5,25,14.5,76.3
21/06/2019 3:00,0,25.5,17.5,85.1
22/06/2019 3:00,4.4,21,17.3,98
23/06/2019 3:00,87.2,25,15,93.4
24/06/2019 3:00,11.5,25.5,18,87.85
25/06/2019 3:00,24.5,26,19.5,86.25
26/06/2019 3:00,25.7,25.5,17.5,93.65
27/06/2019 3:00,3.4,24.5,18,90.1
28/06/2019 3:00,13,25,18,90.85
29/06/2019 3:00,14.2,25.5,17,92
30/06/2019 3:00,37.2,24.5,16.5,93.55
01/07/2019 3:00,4.2,26.5,17.6,84.25
02/07/2019 3:00,1.5,26,17.8,89.5
03/07/2019 3:00,84.2,25,17.5,89.2
04/07/2019 3:00,53.5,23.5,18.5,93.45
05/07/2019 3:00,117.9,23.5,18,90.4
06/07/2019 3:00,109.8,25,17.5,81.7
07/07/2019 3:00,35.5,24.5,17,92.8
08/07/2019 3:00,59.5,24,17.8,94.5
09/07/2019 3:00,87.7,21.5,18.5,97.1
10/07/2019 3:00,16.5,21.5,17.8,89.65
11/07/2019 3:00,29.4,26.5,18.5,97.1
12/07/2019 3:00,23.5,23,16.5,91.9
13/07/2019 3:00,26,22,16.5,93.35
14/07/2019 3:00,34.6,22,17,97.05
15/07/2019 3:00,23,21.5,17.5,96.05
16/07/2019 3:00,15.4,21.5,17,94.3
17/07/2019 3:00,0,24,17.2,86.3
18/07/2019 3:00,1.4,25,17.6,91.75
19/07/2019 3:00,12.5,24.5,18.3,91
20/07/2019 3:00,28.5,25,17.6,89.2
21/07/2019 3:00,47.9,25.5,17.5,92.45
22/07/2019 3:00,5.2,24.5,18.5,91.8
23/07/2019 3:00,42.5,24,18,96.2
24/07/2019 3:00,35.5,21,18.5,97.1
25/07/2019 3:00,9.5,23,17.5,97
26/07/2019 3:00,50.5,24,17.5,88.15
27/07/2019 3:00,38.2,25,17,97.05
28/07/2019 3:00,70.4,25.5,17.5,86.7
29/07/2019 3:00,31.4,26,18,95.35
30/07/2019 3:00,21.7,22.5,18.3,93.4
31/07/2019 3:00,11.2,24.5,17.3,89.9
01/08/2019 3:00,170.1,24,17.5,94.5
02/08/2019 3:00,60.2,24,17.5,94.35
03/08/2019 3:00,86.9,25,17,86.75
04/08/2019 3:00,43.7,23.5,18.5,98.05
05/08/2019 3:00,74,23.5,18,94.2
06/08/2019 3:00,12.7,26,17.5,90.2
07/08/2019 3:00,5.5,25,17.8,96.3
08/08/2019 3:00,19.5,27,18.5,98.05
09/08/2019 3:00,62.2,24.5,18,94.45
10/08/2019 3:00,0,25,18.5,91.85
11/08/2019 3:00,86.7,26.5,17,84.2
12/08/2019 3:00,1,28,19,86.15
13/08/2019 3:00,19,24,18,86.85
14/08/2019 3:00,8.5,26,18.3,77.05
15/08/2019 3:00,46.2,23.5,18,95.2
16/08/2019 3:00,12.7,25,17.5,90
17/08/2019 3:00,180.9,25.5,17.4,99
18/08/2019 3:00,30.5,25.5,17.8,93.5
19/08/2019 3:00,96.7,25.5,16.7,87.4
20/08/2019 3:00,59.5,25.5,17,95.15
21/08/2019 3:00,43.5,25,18,93.55
22/08/2019 3:00,85,26,15.5,78.5
23/08/2019 3:00,2.7,26,18.6,89.95
24/08/2019 3:00,72.5,24,17.3,88.95
25/08/2019 3:00,33.5,24,17,97
26/08/2019 3:00,0,26.5,17.6,89
27/08/2019 3:00,12,26,17.5,80.2
28/08/2019 3:00,0,26,18.3,89.25
29/08/2019 3:00,58.5,24.5,17.4,90.35
30/08/2019 3:00,0.5,25,18,95.3
31/08/2019 3:00,56.9,24,18.4,99
01/09/2019 3:00,37.5,23.5,17.5,89.25
02/09/2019 3:00,1.5,26.5,18.5,88.1
03/09/2019 3:00,1.4,27,18.3,92.6
04/09/2019 3:00,64,23,17.3,89.2
05/09/2019 3:00,38.5,24.5,18,91.6
06/09/2019 3:00,45.5,24,17,85.65
07/09/2019 3:00,49.5,25,17,92.5
08/09/2019 3:00,0,24,17.8,89.15
09/09/2019 3:00,42.5,25.5,18,94.4
10/09/2019 3:00,78.2,25,18.2,96.6
11/09/2019 3:00,88.5,26.5,17,91.75
12/09/2019 3:00,116.3,26.5,16.8,97.1
13/09/2019 3:00,63.9,23,17.6,94.25
14/09/2019 3:00,17.5,20.5,17.3,94.25
15/09/2019 3:00,12.5,21.5,17.6,98
16/09/2019 3:00,24,24,16.8,95.1
17/09/2019 3:00,208,21,16.5,96.05
18/09/2019 3:00,4,19,15,97.95
19/09/2019 3:00,26.2,22.5,14.4,89.2
20/09/2019 3:00,0,24,13.8,85.5
21/09/2019 3:00,22.7,22,15.2,87.6
22/09/2019 3:00,14.5,21.5,15,90.4
23/09/2019 3:00,0,23.5,16.5,97.95
24/09/2019 3:00,20.7,22,16.5,95
25/09/2019 3:00,83.2,21.5,16,93
26/09/2019 3:00,50,21.5,15,97.9
27/09/2019 3:00,12.5,19,15.5,94.9
28/09/2019 3:00,5.2,18,15,96.85
29/09/2019 3:00,21.2,20,14.8,88.5
30/09/2019 3:00,0,22,14.5,91.45
01/10/2019 3:00,58.9,19,14.5,92.75
02/10/2019 3:00,12.5,21,15.2,92.45
03/10/2019 3:00,0,22.5,14.5,90.05
04/10/2019 3:00,3.5,20.5,14.5,92.95
05/10/2019 3:00,4.5,22.5,15,96.95
06/10/2019 3:00,0,23,16,90
07/10/2019 3:00,121.2,22.5,12.7,90.8
08/10/2019 3:00,15.4,22,14,92.95
09/10/2019 3:00,15.2,21.5,12,85.2
10/10/2019 3:00,0,22,13.4,85.05
11/10/2019 3:00,0,22.5,13.2,87.65
12/10/2019 3:00,2.7,21,12.5,92.65
13/10/2019 3:00,6.5,21,12.3,90.95
14/10/2019 3:00,0,21,13,93.55
15/10/2019 3:00,4.2,21,12.8,87.95
16/10/2019 3:00,0,22.5,13.2,83.15
17/10/2019 3:00,0,21.5,12.5,84.85
18/10/2019 3:00,0,20.5,13.8,89.65
19/10/2019 3:00,0,22,12.6,84.7
20/10/2019 3:00,0,19,13.8,78.25
21/10/2019 3:00,0,22,12.5,83
22/10/2019 3:00,0,21,10.5,88.1
23/10/2019 3:00,0,18.5,11.5,90.35
24/10/2019 3:00,0,20,9.4,77.65
25/10/2019 3:00,0,19,9.5,89.25
26/10/2019 3:00,0,19.5,8.5,74.15
27/10/2019 3:00,0,20,10,82.2
28/10/2019 3:00,1,17,12,90
29/10/2019 3:00,0,20,11.5,85.1
30/10/2019 3:00,0,20,11.3,84.3
31/10/2019 3:00,0,21,10,86.45
01/11/2019 3:00,0,20,10.8,90.3
02/11/2019 3:00,0,22,10,86.3
03/11/2019 3:00,0,21.5,11.5,82.55
04/11/2019 3:00,0,20.5,11.5,83.9
05/11/2019 3:00,10,19,10,85.6
06/11/2019 3:00,0,19,9.8,84.2
07/11/2019 3:00,0,20,11.5,80.95
08/11/2019 3:00,0,21,11.7,79.95
09/11/2019 3:00,0,21.5,11.3,81.8
10/11/2019 3:00,0,20.5,11,83.7
11/11/2019 3:00,0,18,10.8,90.1
12/11/2019 3:00,0,20,10.5,89.45
13/11/2019 3:00,0,18.5,11.2,87.05
14/11/2019 3:00,0,20.5,11,79.1
15/11/2019 3:00,0,21.5,11.6,78.7
16/11/2019 3:00,0,20,11.5,89.4
17/11/2019 3:00,0,20,10,87.6
18/11/2019 3:00,0,18,12,91.9
19/11/2019 3:00,0,18.2,10,82.45
20/11/2019 3:00,0,18,10.5,95.2
21/11/2019 3:00,0,18,10.5,91.75
22/11/2019 3:00,0,17.5,9.5,79.9
23/11/2019 3:00,0,18,9.5,84.4
24/11/2019 3:00,0,17.5,9.6,92
25/11/2019 3:00,0,16,10,95.15
26/11/2019 3:00,0,17,8.5,71.35
27/11/2019 3:00,0,19,9.3,85.85
28/11/2019 3:00,0,18.5,9.5,76.65
29/11/2019 3:00,0,19,9.2,69.05
30/11/2019 3:00,0,21,9,64.05
01/12/2019 3:00,0,19,7,79.95
02/12/2019 3:00,0,15,6,90.25
03/12/2019 3:00,0,14.5,6,89.4
04/12/2019 3:00,0,15.5,6.2,83.5
05/12/2019 3:00,0,18,6.5,60.6
06/12/2019 3:00,0,17.5,6.3,59.65
07/12/2019 3:00,0,18.5,6.5,66.2
08/12/2019 3:00,0,16.5,5.3,74.25
09/12/2019 3:00,0,15,5.2,89.3
10/12/2019 3:00,0,13.5,6,90.65
11/12/2019 3:00,0,13,6.4,88.1
12/12/2019 3:00,0,10,6.5,91.65
13/12/2019 3:00,4.7,9.5,4,92.15
14/12/2019 3:00,50.9,14,3.5,90.7
15/12/2019 3:00,0,14,5,57.9
16/12/2019 3:00,0,14,3.5,77.3
17/12/2019 3:00,0,14,4,80.35
18/12/2019 3:00,0,13.5,3.5,79.1
19/12/2019 3:00,0,14,4.3,79.85
20/12/2019 3:00,0,14,4.5,79.85
21/12/2019 3:00,0,14,5,79.65
22/12/2019 3:00,0,17,5,80.4
23/12/2019 3:00,0,13.5,5,78.2
24/12/2019 3:00,0,14.5,4.8,85
25/12/2019 3:00,0,14,3,88.95
26/12/2019 3:00,0,11,2.5,85.75
27/12/2019 3:00,0,11.5,0.5,74.45
28/12/2019 3:00,0,11,1.5,72.85
29/12/2019 3:00,0,14.5,2.5,70.05
30/12/2019 3:00,0,14.5,4,49.75
31/12/2019 3:00,0,14,4,36.4
01/01/2020 3:00,0,14,4.8,54.72
02/01/2020 3:00,0,15,5.2,56.745
03/01/2020 3:00,0,7.5,2.5,93.155
04/01/2020 3:00,25,12.5,2.3,78.545
05/01/2020 3:00,1,10.5,3,81.82
06/01/2020 3:00,0.9,11.5,1.5,72.3
07/01/2020 3:00,0,11.5,3.5,91.635
08/01/2020 3:00,0,9,5,91.67
09/01/2020 3:00,3.2,10,3.5,80.105
10/01/2020 3:00,0,12,2,84.185
11/01/2020 3:00,0,13,3,75.32
12/01/2020 3:00,0,15,4.3,70.825
13/01/2020 3:00,0,15.5,5,75.875
14/01/2020 3:00,0,17,6.3,78.56
15/01/2020 3:00,0,16.5,6.5,79.535
16/01/2020 3:00,6.2,11,6.3,95.98
17/01/2020 3:00,45.5,8.5,6,98.59
18/01/2020 3:00,10.5,15,3.5,77.96
19/01/2020 3:00,0,13.5,3.5,66.065
20/01/2020 3:00,0,12.5,2.5,65.245
21/01/2020 3:00,0,13,3.5,72.07
22/01/2020 3:00,0,15.5,3.5,65.23
23/01/2020 3:00,0,13.5,3.8,74.965
24/01/2020 3:00,0,11,2.8,87.95
25/01/2020 3:00,0,13,3,78.24
26/01/2020 3:00,0,11,4,87.69
27/01/2020 3:00,0,13,3.8,93.37
28/01/2020 3:00,0,15.5,3.5,72.43
29/01/2020 3:00,0.2,15,4.8,74.05
30/01/2020 3:00,6.5,13.5,3.6,85.815
31/01/2020 3:00,0,13.5,3.8,71.23
01/02/2020 3:00,0,12.5,5,82.665
02/02/2020 3:00,0,12.5,2,75.015
03/02/2020 3:00,0,12.5,3.4,77.48
04/02/2020 3:00,0,13.5,3,78.935
05/02/2020 3:00,0,13,3.5,72.995
06/02/2020 3:00,0,13,3.5,75.885
07/02/2020 3:00,0,13.5,3,88.185
08/02/2020 3:00,0,11,4,94.18
09/02/2020 3:00,12.6,13.5,2,66.245
10/02/2020 3:00,0,14,3,64.835
11/02/2020 3:00,0,15.5,4.3,69.86
12/02/2020 3:00,0,16,5.2,72.84
13/02/2020 3:00,0,16.5,6.2,71.92
14/02/2020 3:00,0,16,7.5,74.515
15/02/2020 3:00,0,11,7.3,88.925
16/02/2020 3:00,0,11.5,8,89.445
17/02/2020 3:00,0,15.5,8.5,85.175
18/02/2020 3:00,0,17,7.5,84.37
19/02/2020 3:00,0,15,9,91.85
20/02/2020 3:00,0,16.5,8,87.765
21/02/2020 3:00,0.5,11.5,7,89.26
22/02/2020 3:00,9.2,16.5,5,69.54
23/02/2020 3:00,0,17.5,6.3,70.355
24/02/2020 3:00,9.2,16.5,5.5,66.925
25/02/2020 3:00,6.2,16,6.5,93.315
26/02/2020 3:00,18,10,5.2,87.33
27/02/2020 3:00,0,13.5,4.5,91.22
28/02/2020 3:00,0,16.5,6.5,79.425
29/02/2020 3:00,0,16.5,6.2,76.825
01/03/2020 3:00,0,17,7.5,77.42
02/03/2020 3:00,0.01,18,6.5,67.94
03/03/2020 3:00,0,17.5,6.8,79.545
04/03/2020 3:00,11.5,17,7,82.585
05/03/2020 3:00,2.3,17.5,6,76.09
06/03/2020 3:00,2.4,17,6.7,72.685
07/03/2020 3:00,22.3,15,4.5,90.26
08/03/2020 3:00,0.01,17,4.8,75.39
09/03/2020 3:00,0,18,6.5,76.32
10/03/2020 3:00,0,18.5,9.5,89.15
11/03/2020 3:00,0,19.5,7.8,73.24
12/03/2020 3:00,0,21,8,65.675
13/03/2020 3:00,0,15.5,9.5,83.255
14/03/2020 3:00,0,16.5,6.5,74.26
15/03/2020 3:00,6,17.5,6.5,75.76
16/03/2020 3:00,0,18.5,5,63.3
17/03/2020 3:00,0,19,7,71.69
18/03/2020 3:00,0,19,8,73.53
19/03/2020 3:00,0,17,8,78.015
20/03/2020 3:00,6,18,9,85.2
21/03/2020 3:00,1.7,18,6.5,72.04
22/03/2020 3:00,0,18,7,81.55
23/03/2020 3:00,1.5,16.5,7,73.205
24/03/2020 3:00,0,17,8.3,76.86
25/03/2020 3:00,0,18,11.5,86.6
26/03/2020 3:00,30,21.5,10.4,75.39
27/03/2020 3:00,0,22.6,12.3,70.22
28/03/2020 3:00,0.01,22.5,11.5,68.35
29/03/2020 3:00,0,22.3,11,68.065
30/03/2020 3:00,0,22,9.5,66.46
31/03/2020 3:00,0,22.5,11.5,78.465
01/04/2020 3:00,4.6,20,12,74.16
02/04/2020 3:00,9.8,20.8,8.4,71.445
03/04/2020 3:00,0,21.3,9.5,67.4
04/04/2020 3:00,0,21,10.5,75.285
05/04/2020 3:00,11.4,21.5,9,72.315
06/04/2020 3:00,0,21.8,10.2,76.52
07/04/2020 3:00,0,22,10.5,66.53
08/04/2020 3:00,0,22.5,12,63.985
09/04/2020 3:00,0,21.5,10.5,66.055
10/04/2020 3:00,1.2,22.2,10.2,68.025
11/04/2020 3:00,0,21.8,10.5,70.275
12/04/2020 3:00,2.4,22.5,10.8,72.595
13/04/2020 3:00,0,22,14.5,78.505
14/04/2020 3:00,35.6,22.3,12.5,79.36
15/04/2020 3:00,17.2,22.5,11.2,81.96
16/04/2020 3:00,33,21.5,11.5,77.565
17/04/2020 3:00,2.7,21,12.5,89.645
18/04/2020 3:00,17.5,21.3,12.5,79.745
19/04/2020 3:00,3.6,21.6,11.2,73.185
20/04/2020 3:00,13.1,21.5,10.5,75.065
21/04/2020 3:00,15,18.5,10,90.37
22/04/2020 3:00,9,18,8.5,82.435
23/04/2020 3:00,5.8,19,10,85.985
24/04/2020 3:00,7.3,18.8,9.3,85.355
25/04/2020 3:00,3.8,19.5,12,87.005
26/04/2020 3:00,10.8,18,11.5,84.94
27/04/2020 3:00,49.9,16.5,11,96.68
28/04/2020 3:00,13,21,11,76.65
29/04/2020 3:00,19.4,19,11.5,79.795
30/04/2020 3:00,18.5,19,12.6,86.565
01/05/2020 3:00,7.2,19,12.8,87.995
02/05/2020 3:00,1.5,21.5,13.3,80.345
03/05/2020 3:00,0,21,13.8,84.6
04/05/2020 3:00,45.5,17.5,13.3,92.9
05/05/2020 3:00,1.7,19.5,13,78.725
06/05/2020 3:00,2,21,10.5,74.445
07/05/2020 3:00,3.5,18.5,11.5,77.88
08/05/2020 3:00,7.5,20.5,9.8,76.57
09/05/2020 3:00,0,22,14,87.7
10/05/2020 3:00,6.5,23.5,11.2,85.14
11/05/2020 3:00,0,22,14.5,82.125
12/05/2020 3:00,0,22.5,12,82.955
13/05/2020 3:00,4,24,12.3,82.37
14/05/2020 3:00,1.5,23,14.5,73.6
15/05/2020 3:00,7.5,21,16,90.645
16/05/2020 3:00,5,23.5,15,76.035
17/05/2020 3:00,0,23,15.5,69.35
18/05/2020 3:00,1.4,24,15.2,72.17
19/05/2020 3:00,1,24,13.4,56.03
20/05/2020 3:00,14.8,23,13,66.275
21/05/2020 3:00,0,25.5,15,70.075
22/05/2020 3:00,2,22,17.5,95.805
23/05/2020 3:00,32.5,19.5,15.5,88.765
24/05/2020 3:00,12.1,23.5,15.5,74.025
25/05/2020 3:00,1.3,25,16,75.02
26/05/2020 3:00,23.1,23.5,15,73.165
27/05/2020 3:00,9.6,24,14.5,69.5
28/05/2020 3:00,73.1,21,13.5,74.9
29/05/2020 3:00,14.3,20,13.6,73.125
30/05/2020 3:00,3.2,22.5,12.8,76.17
31/05/2020 3:00,3.7,20,15,80.26
01/06/2020 3:00,0.4,23.5,15,89.16
02/06/2020 3:00,0.3,23,14,86.86
03/06/2020 3:00,3.4,23,15,85.885
04/06/2020 3:00,13,21,14.8,84.82
05/06/2020 3:00,10,20,14.5,89.49
06/06/2020 3:00,24.1,20.5,14.6,89.98
07/06/2020 3:00,19.5,22.5,15.3,96.295
08/06/2020 3:00,30.4,24.5,15,85.8
09/06/2020 3:00,7,24.5,16.3,88.705
10/06/2020 3:00,2,24,17.5,87.16
11/06/2020 3:00,10.5,23.5,18,89.645
12/06/2020 3:00,12,24.5,16.5,88.115
13/06/2020 3:00,38.5,24.5,16.8,90.515
14/06/2020 3:00,68.1,24,17,89.745
15/06/2020 3:00,89.7,25,17.2,95.445
16/06/2020 3:00,31.2,23,17.3,87.905
17/06/2020 3:00,41.7,24.5,17.6,93.095
18/06/2020 3:00,77.5,23,18,91.455
19/06/2020 3:00,55.5,23.5,17.5,93.775
20/06/2020 3:00,77.4,19.5,17.3,97.155
21/06/2020 3:00,38,24,16.5,94.655
22/06/2020 3:00,27.5,22,17,94.675
23/06/2020 3:00,13.3,24.5,18,97.27
24/06/2020 3:00,16.5,25.5,18,90.595
25/06/2020 3:00,16.6,21,18.2,97.24
26/06/2020 3:00,4.5,23.5,17.4,96.395
27/06/2020 3:00,90.4,24,17.3,97.21
28/06/2020 3:00,34.7,21,14.5,98.125
29/06/2020 3:00,116.1,24,17.3,95.61
30/06/2020 3:00,27.2,22.5,17.5,92.915
01/07/2020 3:00,11.3,25,18.5,93.895
02/07/2020 3:00,2,25.5,18.3,98.23
03/07/2020 3:00,75.5,23,17,95.53
04/07/2020 3:00,1.4,24,17.5,95.45
05/07/2020 3:00,2.2,24.5,18,88.76
06/07/2020 3:00,47.9,24.5,17.5,82.81
07/07/2020 3:00,83.3,22,17.2,95.465
08/07/2020 3:00,6,25.5,18.5,92.325
09/07/2020 3:00,115,23.5,19,97.27
10/07/2020 3:00,84.3,20.5,18.2,98.13
11/07/2020 3:00,9.6,22.5,17.6,96.375
12/07/2020 3:00,82.7,22.5,18.7,98.145
13/07/2020 3:00,23,20.5,18.5,98.155
14/07/2020 3:00,67.5,21.5,17.5,97.235
15/07/2020 3:00,17.6,25.5,17.7,84.86
16/07/2020 3:00,88.7,25,18,97.305
17/07/2020 3:00,167.5,22.5,18.5,97.26
18/07/2020 3:00,27.2,20.5,18,97.215
19/07/2020 3:00,73.5,20,17.3,97.18
20/07/2020 3:00,75.2,19.5,17,99.045
21/07/2020 3:00,56.2,21.5,17.2,94.595
22/07/2020 3:00,19.2,21.5,16.5,96.375
23/07/2020 3:00,52.4,21,17.5,96.745
24/07/2020 3:00,45.6,22.5,17.6,97.315
25/07/2020 3:00,2.1,22,18.3,97.275
26/07/2020 3:00,7.6,24.5,18.5,94.735
27/07/2020 3:00,171.7,22.5,18.2,97.25
28/07/2020 3:00,13.6,20,18.5,97.24
29/07/2020 3:00,107.2,22.5,17.5,95.5
30/07/2020 3:00,38.2,23,17,92.86
31/07/2020 3:00,4.2,21.5,18,96.335
01/08/2020 3:00,58.1,23,17.8,97.285
02/08/2020 3:00,54,25.5,18.3,94.775
03/08/2020 3:00,8.7,25,19.5,92.025
04/08/2020 3:00,3.2,27,18.5,87.335
05/08/2020 3:00,58,28,17.3,92.465
06/08/2020 3:00,81.8,25.5,18,87.08
07/08/2020 3:00,3.7,26,18.6,89.335
08/08/2020 3:00,73.8,21,19.5,98.625
09/08/2020 3:00,13.7,24,18.5,98.17
10/08/2020 3:00,151.7,24.5,18,98.185
11/08/2020 3:00,12.1,22,18.3,94.8
12/08/2020 3:00,94.4,21,18.5,95.545
13/08/2020 3:00,106.2,25,18,95.67
14/08/2020 3:00,86.6,26,18.6,95.735
15/08/2020 3:00,85,22,17.5,96.385
16/08/2020 3:00,38,24.5,17.6,95.54
17/08/2020 3:00,2,25.5,18.5,94.735
18/08/2020 3:00,37.5,22,19.2,97.32
19/08/2020 3:00,35.4,23,18,99.085
20/08/2020 3:00,3.5,25,18.3,91.94
21/08/2020 3:00,63,24.5,16.8,89.895
22/08/2020 3:00,3,24,18.2,96.835
23/08/2020 3:00,17,25.5,17.5,93.77
24/08/2020 3:00,30.4,24.5,17.3,95.525
25/08/2020 3:00,59.9,26.5,18,95.575
26/08/2020 3:00,1.5,24.8,18.2,95.725
27/08/2020 3:00,40.2,24.5,17,97.23
28/08/2020 3:00,63.8,24,18.2,97.175
29/08/2020 3:00,25,22.5,17,97.19
30/08/2020 3:00,5.4,24,18,97.31
31/08/2020 3:00,13.1,24,18.2,97.175
01/09/2020 3:00,104.9,25,18,98.205
02/09/2020 3:00,50.1,24.5,18.3,97.275
03/09/2020 3:00,97.8,22,17.5,94.705
04/09/2020 3:00,0,23.5,17.3,92.35
05/09/2020 3:00,3.5,24,18.2,97.265
06/09/2020 3:00,11.2,24,18.2,97.285
07/09/2020 3:00,17.1,24,18.2,97.285
08/09/2020 3:00,15.6,22,18.5,98.155
09/09/2020 3:00,84.2,21,18,96.77
10/09/2020 3:00,94.2,23.5,17,98.145
11/09/2020 3:00,84.3,23,17.3,97.275
12/09/2020 3:00,0.2,25,17.5,97.32
13/09/2020 3:00,163.7,23,17,98.135
14/09/2020 3:00,52.1,23.5,18,98.13
15/09/2020 3:00,75.5,20,18.2,98.115
16/09/2020 3:00,69.6,20,17.5,99.05
17/09/2020 3:00,42.6,21,17.5,98.145
18/09/2020 3:00,35.5,21.5,18,96.345
19/09/2020 3:00,56,25.5,17,95.62
20/09/2020 3:00,0.3,28,18,86.045
21/09/2020 3:00,0,25.5,17.6,93.85
22/09/2020 3:00,4.3,25,17,97.225
23/09/2020 3:00,134.2,18,16.3,96.57
24/09/2020 3:00,91.8,19.5,16,98.03
25/09/2020 3:00,16.5,23.5,16,86.945
26/09/2020 3:00,26.5,23.5,16.2,97.095
27/09/2020 3:00,28.4,23,15.8,96.15
28/09/2020 3:00,1.7,23,15,94.15
29/09/2020 3:00,11.5,23,16,96.15
30/09/2020 3:00,0,24,16.5,96.25
01/10/2020 3:00,0.2,23,16.2,92.7
02/10/2020 3:00,42.5,22.5,16,88.3
03/10/2020 3:00,14.4,23,15.3,98
04/10/2020 3:00,14.5,24,15.1,93.4
05/10/2020 3:00,9.3,23.5,15.5,97.15
06/10/2020 3:00,35.5,23.5,14,88.05
07/10/2020 3:00,0.4,24,14.5,94.4
08/10/2020 3:00,0,24.5,13.5,93.25
09/10/2020 3:00,0,24,14,93.4
10/10/2020 3:00,0,24,14.5,92.65
11/10/2020 3:00,0,24,14.6,96.25
12/10/2020 3:00,0,24,15.5,94.2
13/10/2020 3:00,0,24,15.5,94.4
14/10/2020 3:00,0,24,15.6,98.05
15/10/2020 3:00,0,24,14.8,90.6
16/10/2020 3:00,0.2,24,15.5,96.15
17/10/2020 3:00,0,24.5,15,98.1
18/10/2020 3:00,0,23.5,15,95.25
19/10/2020 3:00,0,22,14.8,96.95
20/10/2020 3:00,0,22.5,14.5,94.8
21/10/2020 3:00,0,21.5,13,95.5
22/10/2020 3:00,0,22,11.5,94.9
23/10/2020 3:00,0,21.5,12,94.95
24/10/2020 3:00,0,21.5,12.2,95.85
25/10/2020 3:00,0,24.5,12.5,94.8
26/10/2020 3:00,0,23.5,12.6,94.6
27/10/2020 3:00,0,21,10.5,96.85
28/10/2020 3:00,0,20.5,10,97.4
29/10/2020 3:00,0,23.5,10.2,94.05
30/10/2020 3:00,0,24,11.3,97.1
31/10/2020 3:00,0,24.5,12,97.1
01/11/2020 3:00,0,24,12.7,97.15
02/11/2020 3:00,0,23.5,12.5,96
03/11/2020 3:00,1.5,23.5,12.3,95.95
04/11/2020 3:00,0,21,11.5,96.95
05/11/2020 3:00,0,19,10,95.8
06/11/2020 3:00,0,18,9.5,96.25
07/11/2020 3:00,0,17,10.5,95.3
08/11/2020 3:00,0,20,9.5,95.7
09/11/2020 3:00,0,20,8.3,97.85
10/11/2020 3:00,0,20.5,10.2,96.85
11/11/2020 3:00,0,20.5,9.5,91.05
12/11/2020 3:00,0,20.5,9.3,95.8
13/11/2020 3:00,0,20.5,8,98.9
14/11/2020 3:00,0,20.5,9.3,95.7
15/11/2020 3:00,0,20,9.2,94.6
16/11/2020 3:00,0,18,11,90.8
17/11/2020 3:00,0,18,7.5,78.25
18/11/2020 3:00,0,18,7,86.9
19/11/2020 3:00,0,18.5,7.3,85.25
20/11/2020 3:00,0,17.5,7.5,76.95
21/11/2020 3:00,0,16,7.4,91.8
22/11/2020 3:00,0,15,5.5,83.2
23/11/2020 3:00,0,15,6.2,84.3
24/11/2020 3:00,0,15.5,6.8,83.7
25/11/2020 3:00,0,14.5,7.5,77.95
26/11/2020 3:00,0,15.5,8.3,82.65
27/11/2020 3:00,0,16.5,7,80.4
28/11/2020 3:00,0,18,7.3,88.9
29/11/2020 3:00,0,18.5,7.5,94.7
30/11/2020 3:00,0,17.5,7.3,93.3
01/12/2020 3:00,0,17,7,92.15
02/12/2020 3:00,0,17,7.2,89.8
03/12/2020 3:00,0,17,7,89.35
04/12/2020 3:00,0,14.5,7.3,91.7
05/12/2020 3:00,0,14.5,7.5,82.1
06/12/2020 3:00,0,15.5,7.3,82.9
07/12/2020 3:00,0,15.2,7,83.2
08/12/2020 3:00,0,15,7.2,86.2
09/12/2020 3:00,0,16,7,88.3
10/12/2020 3:00,0,16,7.2,87.15
11/12/2020 3:00,0,17,6.5,93.2
12/12/2020 3:00,0,17.5,8,93.1
13/12/2020 3:00,0,16,7.2,96.5
14/12/2020 3:00,0,16,5.5,95.15
15/12/2020 3:00,0,16.5,5,96.25
16/12/2020 3:00,0,16,4.3,94.9
17/12/2020 3:00,0,16,4,93.3
18/12/2020 3:00,0,14,4,88.2
19/12/2020 3:00,0,12.5,3.2,93.5
20/12/2020 3:00,0,12,4.5,88.95
21/12/2020 3:00,0,16,4.5,96.35
22/12/2020 3:00,0,16.5,5,96.3
23/12/2020 3:00,0,15,4.8,92.25
24/12/2020 3:00,0,14.5,5,94.9
25/12/2020 3:00,0,16,4.5,92.5
26/12/2020 3:00,0,15,4.8,92.5
27/12/2020 3:00,0,14,3.8,89.8
28/12/2020 3:00,0,15,3.5,92.7
29/12/2020 3:00,0,13.5,1.8,94.8
30/12/2020 3:00,0,14,1.6,96.75
31/12/2020 3:00,0,15,3.5,86.85
01/01/2021 3:00,0,14.5,4.5,84.45
02/01/2021 3:00,0,15,4,86.27
03/01/2021 3:00,0,17,5.2,81.985
04/01/2021 3:00,0,17.5,9.3,80.385
05/01/2021 3:00,0,17,11.5,84.6
06/01/2021 3:00,0,17.5,7.6,83.965
07/01/2021 3:00,0,19.5,8,92.59
08/01/2021 3:00,0,18,7.3,89.69
09/01/2021 3:00,0,19,7,88.59
10/01/2021 3:00,0,19.5,7,88.3
11/01/2021 3:00,0,17,6.8,91.3
12/01/2021 3:00,0,11,6.5,96.095
13/01/2021 3:00,0,13,4.5,94.74
14/01/2021 3:00,0,14,7.4,93.64
15/01/2021 3:00,0,16.5,4.8,89.075
16/01/2021 3:00,0,15,5.5,88.43
17/01/2021 3:00,0,13.5,6,84.05
18/01/2021 3:00,0,18,5.2,78.68
19/01/2021 3:00,0,15.2,7,86.065
20/01/2021 3:00,0,11.5,7.3,93.7
21/01/2021 3:00,2.4,13.5,5.5,96.085
22/01/2021 3:00,0,11.5,5.3,89.79
23/01/2021 3:00,0,15.5,5,75.58
24/01/2021 3:00,0,15,4.5,78.495
25/01/2021 3:00,0,15,4.2,79.37
26/01/2021 3:00,0,15,4,79.525
27/01/2021 3:00,0,14.5,3.5,81.23
28/01/2021 3:00,0,14.5,4.3,74.8
29/01/2021 3:00,0,14.5,3.4,61.36
30/01/2021 3:00,0,15,3,68.62
31/01/2021 3:00,0,13.5,3.2,66.825
01/02/2021 3:00,0,14,3.5,69.75
02/02/2021 3:00,0,14.5,3.6,66.05
03/02/2021 3:00,0,16.5,5,63.825
04/02/2021 3:00,0,17.5,4.5,62.67
05/02/2021 3:00,2.7,10.5,5,97.265
06/02/2021 3:00,5.7,10.5,3.5,82.675
07/02/2021 3:00,0.6,15.5,3,76.45
08/02/2021 3:00,0,18,4.7,67.715
09/02/2021 3:00,0,18,7,52.735
10/02/2021 3:00,0,18,7.2,69.05
11/02/2021 3:00,0,16.5,5.3,76.875
12/02/2021 3:00,0,16,8,82.905
13/02/2021 3:00,0,14,7,79.98
14/02/2021 3:00,0,18,8.5,89.88
15/02/2021 3:00,1.4,18,7,81.395
16/02/2021 3:00,23.7,17,4.8,70.04
17/02/2021 3:00,1.8,17,5.2,65.475
18/02/2021 3:00,0,17.5,5,62.685
19/02/2021 3:00,0,18.5,5.3,55.48
20/02/2021 3:00,0,19.5,6,54.415
21/02/2021 3:00,0,19.5,7.8,63.855
22/02/2021 3:00,0,19,8,72.54
23/02/2021 3:00,0,19.5,9.2,77.63
24/02/2021 3:00,0,19,9.5,75.765
25/02/2021 3:00,0,20,9.3,82.54
26/02/2021 3:00,0,20,10,94.64
27/02/2021 3:00,0,19,10.2,87.375
28/02/2021 3:00,5.4,18.5,11.3,93.63
01/03/2021 3:00,0,20,10,91.46
02/03/2021 3:00,0,19,8.5,98.4
03/03/2021 3:00,0,18.5,8.2,97.855
04/03/2021 3:00,0,18,9,96.71
05/03/2021 3:00,0,18,8.5,96.72
06/03/2021 3:00,0,18.5,8.5,96.76
07/03/2021 3:00,0,17,9.3,98.835
08/03/2021 3:00,0.2,19,8.5,95.825
09/03/2021 3:00,0,21.5,9,96.94
10/03/2021 3:00,0,21.5,10.6,89.085
11/03/2021 3:00,5.4,21.5,9,95.78
12/03/2021 3:00,2.5,22,9.4,97.995
13/03/2021 3:00,19.3,19,7.8,81.065
14/03/2021 3:00,0,19.5,8,78.365
15/03/2021 3:00,0,20.8,11,78.795
16/03/2021 3:00,0,20.5,10.8,71.655
17/03/2021 3:00,0,21,10,74.06
18/03/2021 3:00,0.3,21,10.5,75.26
19/03/2021 3:00,0,21.8,10.3,75.74
20/03/2021 3:00,0,23,11.2,83.105
21/03/2021 3:00,3.6,22,9,87.07
22/03/2021 3:00,0.7,24,10.3,96.12
23/03/2021 3:00,0,24.2,12.4,77.24
24/03/2021 3:00,2.5,23.5,10.5,79.635
25/03/2021 3:00,0.3,23,10,90.05
26/03/2021 3:00,0,23.5,10,97.09
27/03/2021 3:00,0,22,11.3,91.355
28/03/2021 3:00,0,21,11.6,96
29/03/2021 3:00,0.3,21,12.4,91.97
30/03/2021 3:00,0,21.5,11.3,91.465
31/03/2021 3:00,0,20,12,84.57
01/04/2021 3:00,4.3,19,12,91.645
02/04/2021 3:00,0,20.5,8.5,81.99
03/04/2021 3:00,0,21.5,9.4,96.015
04/04/2021 3:00,0,22.2,9.8,97.035
05/04/2021 3:00,0,21,12,97.115
06/04/2021 3:00,0,21.5,11.4,98.05
07/04/2021 3:00,0,22,11.6,97.615
08/04/2021 3:00,0,23.5,12.5,97.19
09/04/2021 3:00,0,24,11.6,98.14
10/04/2021 3:00,0,24.2,11.2,97.185
11/04/2021 3:00,0,24.5,11.3,97.215
12/04/2021 3:00,0,23.5,13,96.27
13/04/2021 3:00,0,23.5,12.5,97.155
14/04/2021 3:00,0,23.2,12.8,97.19
15/04/2021 3:00,0,22.5,14,92.655
16/04/2021 3:00,6.5,22.3,10.5,70.66
17/04/2021 3:00,2,23.2,11.4,63.345
18/04/2021 3:00,7.4,22,11.2,65.45
19/04/2021 3:00,2,23,10,75.565
20/04/2021 3:00,0,24.5,12,80.23
21/04/2021 3:00,0,20,11.5,79.375
22/04/2021 3:00,6.5,20.2,9.3,78.825
23/04/2021 3:00,2.6,23,9.5,77.49
24/04/2021 3:00,0,23.5,12,69.91
25/04/2021 3:00,0,26,12.5,77.185
26/04/2021 3:00,0,26,12.8,71.96
27/04/2021 3:00,0,26,14,62.72
28/04/2021 3:00,0,21,14.3,80.965
29/04/2021 3:00,0,24.5,14.5,64.16
30/04/2021 3:00,0,25.5,13,60.985
01/05/2021 3:00,0,24.5,14,60.985
02/05/2021 3:00,3.6,21.5,13,68.985
03/05/2021 3:00,0,21.5,13.5,80.235
04/05/2021 3:00,5,21,12.5,82
05/05/2021 3:00,37.6,18,13,89.065
06/05/2021 3:00,10.6,20,11.5,91.84
07/05/2021 3:00,4,21,13.2,84.205
08/05/2021 3:00,12.5,21.5,12.5,78.75
09/05/2021 3:00,22.4,22,10.8,75.625
10/05/2021 3:00,1.3,20,13,85.395
11/05/2021 3:00,10,21.5,12,74.46
12/05/2021 3:00,10.2,19.5,12,90.99
13/05/2021 3:00,19,19.5,11.5,87.945
14/05/2021 3:00,2.5,21,11.3,88.065
15/05/2021 3:00,0,23.2,13.5,89.525
16/05/2021 3:00,0,24.5,13.6,94.705
17/05/2021 3:00,0.8,24.3,15.5,84.045
18/05/2021 3:00,3.2,24.5,15,97.105
19/05/2021 3:00,1.1,18.5,15.5,95.11
20/05/2021 3:00,2.8,20,14.3,93.195
21/05/2021 3:00,8.8,24.5,14.5,84.66
22/05/2021 3:00,33.2,25,14.8,94.79
23/05/2021 3:00,3.6,26,15,90.75
24/05/2021 3:00,6.8,26.3,17,95.83
25/05/2021 3:00,0,26,17.3,96.485
26/05/2021 3:00,5.7,21,15.5,95.305
27/05/2021 3:00,71.2,18.5,16,94.125
28/05/2021 3:00,45.7,18,16,96.005
29/05/2021 3:00,95.1,21,14.5,90.795
30/05/2021 3:00,13.2,25,14.8,94.815
31/05/2021 3:00,0.4,23.5,17.5,97.26
01/06/2021 3:00,14.5,23,15.5,90.35
02/06/2021 3:00,15.3,24.3,14.5,94.645
03/06/2021 3:00,2.7,24.7,14.6,96.495
04/06/2021 3:00,3.1,24.8,16.5,96.46
05/06/2021 3:00,5.2,25,16.7,96.295
06/06/2021 3:00,3.2,25.5,16.2,97.305
07/06/2021 3:00,1.2,25,17.5,95.565
08/06/2021 3:00,8.1,26,16,97.43
09/06/2021 3:00,16.6,23.5,16.7,97.295
10/06/2021 3:00,46.2,23.5,17,92.82
11/06/2021 3:00,0.3,24.5,17.3,97.31
12/06/2021 3:00,29,20,16,97.715
13/06/2021 3:00,36.5,20,16.4,95.24
14/06/2021 3:00,14.5,22.5,17,87.41
15/06/2021 3:00,160.3,18.5,16,88.92
16/06/2021 3:00,165.4,19,15.4,98.11
17/06/2021 3:00,26.1,23.5,16.5,92.805
18/06/2021 3:00,8.2,24,17.3,97.265
19/06/2021 3:00,19.8,23,17.5,97.18
20/06/2021 3:00,41.5,24,17,98.195
21/06/2021 3:00,1.5,26,16.3,94.915
22/06/2021 3:00,21.2,25.5,18.6,98.21
23/06/2021 3:00,64.7,25,16.5,94.59
24/06/2021 3:00,83.5,23.5,17,92.08
25/06/2021 3:00,37.2,22.5,16.2,88.62
26/06/2021 3:00,8.2,22.5,17,97.31
27/06/2021 3:00,0,25,16.5,98.205
28/06/2021 3:00,121.4,24.5,17.3,98.18
29/06/2021 3:00,131.1,23,18.6,97.245
30/06/2021 3:00,52.5,23,18.5,98.15
01/07/2021 3:00,27,20,18.6,98.145
02/07/2021 3:00,24.2,20,18,97.19
03/07/2021 3:00,36.2,22.5,17.5,95.87
04/07/2021 3:00,147.5,24.5,17,98.135
05/07/2021 3:00,123.8,25,17,93.04
06/07/2021 3:00,106.8,25.5,17.5,96.415
07/07/2021 3:00,105,25,18,97.265
08/07/2021 3:00,120.9,22,18.2,93.88
09/07/2021 3:00,20.5,24.5,17.5,98.2
10/07/2021 3:00,14.3,22,18,95.5
11/07/2021 3:00,68.2,20.5,17.6,98.14
12/07/2021 3:00,34.3,25.5,17,98.175
13/07/2021 3:00,68.6,25,17.4,97.31
14/07/2021 3:00,35.4,24.5,17.2,98.24
15/07/2021 3:00,62,20.5,17.5,98.115
16/07/2021 3:00,6,23,17.6,96.41
17/07/2021 3:00,31.1,20.5,17.5,98.13
18/07/2021 3:00,15,21.5,18,96.38
19/07/2021 3:00,59.6,24,17.5,98.195
20/07/2021 3:00,14.5,24.5,18,91.49
21/07/2021 3:00,109.7,23,18.3,98.195
22/07/2021 3:00,49.5,25.5,17.6,97.34
23/07/2021 3:00,22.1,26.5,17.5,98.285
24/07/2021 3:00,17,26.5,18.5,97.465
25/07/2021 3:00,45.2,22.5,18.4,96.45
26/07/2021 3:00,44.3,20.5,17.5,98.135
27/07/2021 3:00,13.5,25.5,18,93.915
28/07/2021 3:00,54,26.5,17,97.325
29/07/2021 3:00,42.8,25,17.5,95.675
30/07/2021 3:00,3.7,25,17,92.13
31/07/2021 3:00,7,26,17.5,95.695
01/08/2021 3:00,9.1,24.5,18.6,97.355
02/08/2021 3:00,9.4,24,18.4,98.275
03/08/2021 3:00,16,22.5,18.5,98.175
04/08/2021 3:00,16.2,23,18,98.13
05/08/2021 3:00,48.5,26,16.6,66.615
06/08/2021 3:00,0,26,19,98.32
07/08/2021 3:00,18.5,26,17,90.825
08/08/2021 3:00,50.5,23.5,18,98.225
09/08/2021 3:00,11,24,18,93.98
10/08/2021 3:00,9,25.5,18,96.515
11/08/2021 3:00,15.5,24.5,19,97.33
12/08/2021 3:00,36.4,24,18.8,98.175
13/08/2021 3:00,141.6,24,18,94.79
14/08/2021 3:00,46.7,21,18.4,95.98
15/08/2021 3:00,24.5,22.5,18.2,96.38
16/08/2021 3:00,41.7,25,18,96.425
17/08/2021 3:00,2,23.5,18,98.205
18/08/2021 3:00,10,22,17.6,96.395
19/08/2021 3:00,40,23.5,17,94.68
20/08/2021 3:00,30.1,24,17,97.3
21/08/2021 3:00,24.5,23,17.5,92.805
22/08/2021 3:00,4.5,23,18,95.025
23/08/2021 3:00,170.7,21,18.2,99.045
24/08/2021 3:00,139.8,19.5,16,98.085
25/08/2021 3:00,22.5,21.6,17.8,97.23
26/08/2021 3:00,6,21.5,19.4,98.155
27/08/2021 3:00,138,18.5,17,98.07
28/08/2021 3:00,6.2,21.5,17.3,96.63
29/08/2021 3:00,49.5,18,16.5,98.055
30/08/2021 3:00,34.6,22,16,96.255
31/08/2021 3:00,12.5,23,17,94.665
01/09/2021 3:00,0,24,17.2,98.18
02/09/2021 3:00,63.8,24.5,16.3,97.2
03/09/2021 3:00,139.9,22.5,16.6,98.075
04/09/2021 3:00,50.9,24,16.8,94.625
05/09/2021 3:00,83.8,24,17.3,93.17
06/09/2021 3:00,40.2,24.5,17.5,97.23
07/09/2021 3:00,20,24,17,97.255
08/09/2021 3:00,74.7,23.5,16,95.4
09/09/2021 3:00,33.2,22,17,97.205
10/09/2021 3:00,2.1,24.5,17,98.23
11/09/2021 3:00,4,25.5,16.8,97.36
12/09/2021 3:00,0,25,16,94.86
13/09/2021 3:00,9,25.5,16,98.255
14/09/2021 3:00,1.2,25,17.4,95.6
15/09/2021 3:00,9,20,16.5,97.155
16/09/2021 3:00,8.2,18.5,15.3,97.035
17/09/2021 3:00,13,20.5,15,98.06
18/09/2021 3:00,0.5,24.5,15.3,95.425
19/09/2021 3:00,1.4,23.5,17,97.335
20/09/2021 3:00,20.5,22.5,17.5,97.64
21/09/2021 3:00,89.8,24,16.4,94.61
22/09/2021 3:00,26,22.5,16.2,96.36
23/09/2021 3:00,0.6,25,16,98.14
24/09/2021 3:00,8.1,25,17,96.355
25/09/2021 3:00,0,22,17.6,97.245
26/09/2021 3:00,14.5,23.5,16.5,97.295
27/09/2021 3:00,1.7,25.5,16,97.345
28/09/2021 3:00,9.4,24,16.3,98.15
29/09/2021 3:00,0.5,22.5,15.5,98.165
30/09/2021 3:00,17,24,16.6,96.28
01/10/2021 3:00,3.5,22,16,98.12
02/10/2021 3:00,15.2,20.5,16.5,98.055
03/10/2021 3:00,8.2,21,15,97.26
04/10/2021 3:00,38,23.5,15.2,97.2
05/10/2021 3:00,20.5,23,16,96.29
06/10/2021 3:00,10.6,23,15.5,97.185
07/10/2021 3:00,15.4,22,16.8,91.745
08/10/2021 3:00,38,24,16,90.89
09/10/2021 3:00,0,23.5,17,97.255
10/10/2021 3:00,34.5,23.5,16.3,95.45
11/10/2021 3:00,0,25,15,96.445
12/10/2021 3:00,0,25.5,14.3,96.48
13/10/2021 3:00,0,26,15,96.455
14/10/2021 3:00,0,26,14.5,94.305
15/10/2021 3:00,0,26,15,98.215
16/10/2021 3:00,0,25.5,15.5,98.245
17/10/2021 3:00,0,23.5,16,98.255
18/10/2021 3:00,32.2,19,15.5,92.295
19/10/2021 3:00,104.6,20,15,97.075
20/10/2021 3:00,26.2,22,15.6,92.725
21/10/2021 3:00,13.3,19,15.4,96.985
22/10/2021 3:00,19.6,17,14.5,96.94
23/10/2021 3:00,22.6,20.5,14.3,96.985
24/10/2021 3:00,3.8,20,13.5,90.765
25/10/2021 3:00,2.7,20.5,10.4,98.045
26/10/2021 3:00,0,21,10.8,97.095
27/10/2021 3:00,2.5,21,10.3,97.085
28/10/2021 3:00,0,20.5,10,97.98
29/10/2021 3:00,0,20,10,97.04
30/10/2021 3:00,0,19.5,10.7,96.99
31/10/2021 3:00,2.4,18,12,95.725
01/11/2021 3:00,0.01,18,12,92.585
02/11/2021 3:00,0,18.5,9,96.875
03/11/2021 3:00,0,20,8.5,96.85
04/11/2021 3:00,0.6,18,8.6,97.8
05/11/2021 3:00,0,18,8.5,96.75
06/11/2021 3:00,0,18,8.6,96.68
07/11/2021 3:00,0,18,8.5,97.825
08/11/2021 3:00,0,19,9.8,97.885
09/11/2021 3:00,0,19,9.3,97.885
10/11/2021 3:00,0,20,8.5,81.315
11/11/2021 3:00,0,18.5,8,63.68
12/11/2021 3:00,0,18,8.3,81.86
13/11/2021 3:00,0,17.5,8,78.825
14/11/2021 3:00,0,17.5,8,79.855
15/11/2021 3:00,0,17,9,80.17
16/11/2021 3:00,0,16.5,7,82.38
17/11/2021 3:00,0,16.5,8,78.76
18/11/2021 3:00,0,17,7.5,72.67
19/11/2021 3:00,0,17,10,82.35
20/11/2021 3:00,0,19,9.8,90.8
21/11/2021 3:00,0,19,9,86.375
22/11/2021 3:00,0,17.5,10,93.33
23/11/2021 3:00,0.8,14,10.3,96.48
24/11/2021 3:00,0,17,9.5,91.17
25/11/2021 3:00,0,17,9,89.59
26/11/2021 3:00,21,12,9,82.53
27/11/2021 3:00,0,15,7.5,78.54
28/11/2021 3:00,0,17.5,6.5,74.595
29/11/2021 3:00,0,18,7,77.71
30/11/2021 3:00,0,15.5,7.3,83.645
01/12/2021 3:00,0,18.5,8,83.6
02/12/2021 3:00,0,16,10.2,93.3
03/12/2021 3:00,0.7,13.5,10.5,92.075
04/12/2021 3:00,1.6,19.5,9.2,78.585
05/12/2021 3:00,0,19,9,84.45
06/12/2021 3:00,0,17.5,10,86.01
07/12/2021 3:00,10.2,18.5,7,73.885
08/12/2021 3:00,0,17,7.4,76.99
09/12/2021 3:00,0,17,7,68.975
10/12/2021 3:00,0,16,6.5,78.64
11/12/2021 3:00,0,15,6,78.28
12/12/2021 3:00,0,14,6.3,53.41
13/12/2021 3:00,0,16,5,66.765
14/12/2021 3:00,0,16,6,72.28
15/12/2021 3:00,0,15.5,4.5,65.035
16/12/2021 3:00,0,17,4,68.425
17/12/2021 3:00,0,16.5,5.8,69.87
18/12/2021 3:00,0,14,5.5,83.645
19/12/2021 3:00,0,13.5,3,56.225
20/12/2021 3:00,0,14.5,3.2,68.905
21/12/2021 3:00,0,16,3,66.72
22/12/2021 3:00,0,14.5,3.2,61.71
23/12/2021 3:00,0,14,6.5,78.945
24/12/2021 3:00,0,14.5,6,80.38
25/12/2021 3:00,0,15,5,74.685
26/12/2021 3:00,0,13,5,76.13
27/12/2021 3:00,0,12.5,3,79.17
28/12/2021 3:00,0,10.5,2,82.22
29/12/2021 3:00,11,6.5,3,96.96
30/12/2021 3:00,29.7,11.5,3,94.355
31/12/2021 3:00,0,13.5,2.6,79.66
01/01/2022 3:00,0,13.5,4.5,72.15
02/01/2022 3:00,0,13,4,94.195
03/01/2022 3:00,0,14.5,5,72.02
04/01/2022 3:00,0,15.5,5.2,73.25
05/01/2022 3:00,0,13.5,6.2,88.925
06/01/2022 3:00,0.2,14,7,92.61
07/01/2022 3:00,0,15.5,6.5,80.455
08/01/2022 3:00,0,12.5,8,82.46
09/01/2022 3:00,0.2,16,7.5,81.935
10/01/2022 3:00,0,16,6.3,83.64
11/01/2022 3:00,0,16,5.4,78.31
12/01/2022 3:00,0,14.5,5.5,78.08
13/01/2022 3:00,2,13,3,83.545
14/01/2022 3:00,0,13.5,3.5,73.25
15/01/2022 3:00,0,13.5,3.8,69.32
16/01/2022 3:00,0,13.5,4,79.15
17/01/2022 3:00,0,14,4.5,78.53
18/01/2022 3:00,0,15,5,72.785
19/01/2022 3:00,0,14,4.5,73.015
20/01/2022 3:00,0,10,6.3,78.63
21/01/2022 3:00,0.2,12.5,4.5,87.615
22/01/2022 3:00,0.8,10,4,93.965
23/01/2022 3:00,4.2,12.5,3,77.68
24/01/2022 3:00,1,12.5,5,88.175
25/01/2022 3:00,14.2,12.5,2.8,75.4
26/01/2022 3:00,0.2,12,4.3,79.075
27/01/2022 3:00,0,11.5,1.2,69.79
28/01/2022 3:00,2.5,11.5,1.6,82.445
29/01/2022 3:00,0.01,10,2.5,77.435
30/01/2022 3:00,0,12,3,79.67
31/01/2022 3:00,0,13,3.5,75.87
01/02/2022 3:00,0,9,4,87.895
02/02/2022 3:00,0,9.5,2.5,88.265
03/02/2022 3:00,0,12.5,4.3,86.13
04/02/2022 3:00,22,6.5,2,97.61
05/02/2022 3:00,18.6,9.5,1.2,95.9
06/02/2022 3:00,0.2,11.5,2,83.885
07/02/2022 3:00,0,13,3.5,91.89
08/02/2022 3:00,2.5,8.5,5.2,94.395
09/02/2022 3:00,0.7,10.5,5.2,82.185
10/02/2022 3:00,5.7,13.5,3.2,68.78
11/02/2022 3:00,0.01,13.5,3.8,84.95
12/02/2022 3:00,6,14.5,3.5,75.82
13/02/2022 3:00,0,13.5,4.3,86.105
14/02/2022 3:00,0,15,4.5,80.73
15/02/2022 3:00,0,15.5,6.3,64.045
16/02/2022 3:00,0,15.5,4.5,69.425
17/02/2022 3:00,0,15.5,5.2,73.565
18/02/2022 3:00,0.7,15.6,5,76.06
19/02/2022 3:00,0,14,6.3,85.36
20/02/2022 3:00,1.5,12,3.2,90.535
21/02/2022 3:00,17.6,13,1.5,77.315
22/02/2022 3:00,0.3,13,4,80.32
23/02/2022 3:00,0,15.5,4.5,77.505
24/02/2022 3:00,0,17,7.3,83.59
25/02/2022 3:00,2.2,15.5,6.5,85.6
26/02/2022 3:00,12.2,16,4,84.905
27/02/2022 3:00,5.5,17,5.5,55.97
28/02/2022 3:00,0,17,6.2,61.53
01/03/2022 3:00,0,17.2,7.3,68.21
02/03/2022 3:00,2.1,18,7.2,76.02
03/03/2022 3:00,6.2,19,7.6,76.45
04/03/2022 3:00,0.5,19.5,6.5,65.34
05/03/2022 3:00,0,20,7.6,63.585
06/03/2022 3:00,0,19.5,8.7,63.28
07/03/2022 3:00,0,22,9.8,52.035
08/03/2022 3:00,0,23,10,41.69
09/03/2022 3:00,0,22.5,10,41.905
10/03/2022 3:00,0,22,10.4,54.245
11/03/2022 3:00,0,22,9,47.7
12/03/2022 3:00,0,22,10,52.555
13/03/2022 3:00,0,22.5,11,54.52
14/03/2022 3:00,0,23.5,11.8,49.48
15/03/2022 3:00,0,25,13,54.04
16/03/2022 3:00,0,23,13,66.475
17/03/2022 3:00,0,24.5,13.5,67.91
18/03/2022 3:00,0,24,14.6,64.15
19/03/2022 3:00,0,25,14.5,54.14
20/03/2022 3:00,0,25,14.6,53.455
21/03/2022 3:00,0,24.5,14,51.6
22/03/2022 3:00,0,23.5,13,61.87
23/03/2022 3:00,0,22.5,12,82.205
24/03/2022 3:00,19.2,22,10.5,60.06
25/03/2022 3:00,0.3,23,11.3,63.975
26/03/2022 3:00,0.1,23,11.8,82.78
27/03/2022 3:00,0,23,13,52.405
28/03/2022 3:00,0,21,14.5,63.89
29/03/2022 3:00,0,20,14.3,91.455
30/03/2022 3:00,0,17,14.5,91.105
31/03/2022 3:00,0,19.5,15,93.195
01/04/2022 3:00,0.5,19.5,14.8,91.37
02/04/2022 3:00,0.6,22.5,16.3,92.51
03/04/2022 3:00,1.5,21.5,16,89.51
04/04/2022 3:00,0,24,14,82.83
05/04/2022 3:00,3.2,24,14.2,80.575
06/04/2022 3:00,0.7,23.5,15,75.645
07/04/2022 3:00,1.6,23.5,15.3,76.755
08/04/2022 3:00,0.01,23,15,78.85
09/04/2022 3:00,0.2,23,15,77.82
10/04/2022 3:00,9.4,22.5,13.5,85.63
11/04/2022 3:00,5.7,20.5,13.5,84.825
12/04/2022 3:00,4.3,20.5,16.3,95.17
13/04/2022 3:00,0.4,22.5,16.5,89.075
14/04/2022 3:00,0,25,14.4,55.105
15/04/2022 3:00,0,25,13.3,52.955
16/04/2022 3:00,0,24.5,13.5,55.97
17/04/2022 3:00,1.8,26,12,50.04
18/04/2022 3:00,0,25,14.3,67.435
19/04/2022 3:00,0,23,15.4,91.425
20/04/2022 3:00,53.7,22.5,13,81.09
21/04/2022 3:00,3.4,22,13.8,81.885
22/04/2022 3:00,2,22,14.2,84.605
23/04/2022 3:00,16,23.5,12,66.175
24/04/2022 3:00,0,24.5,13.7,59.085
25/04/2022 3:00,0,25,13.5,61.24
26/04/2022 3:00,0,24.5,13.5,63.085
27/04/2022 3:00,0,25,14,65.39
28/04/2022 3:00,0,23,15.6,79.04
29/04/2022 3:00,3,22.5,13.8,78.905
30/04/2022 3:00,16,23,13.7,76.085
01/05/2022 3:00,1.5,22,12.5,84.805
02/05/2022 3:00,18.3,22.5,12.6,70.675
03/05/2022 3:00,2,22.5,12.2,76.345
04/05/2022 3:00,12.3,20,14.4,94.035
05/05/2022 3:00,63.7,22,12.5,88.79
06/05/2022 3:00,47.6,21,12.4,83.61
07/05/2022 3:00,1.2,22.5,14,82.34
08/05/2022 3:00,0.4,22.5,14.3,73.875
09/05/2022 3:00,16.6,23.5,13.5,66.075
10/05/2022 3:00,0,22.5,17.2,81.62
11/05/2022 3:00,11,24.5,17,80.645
12/05/2022 3:00,19,23,15.7,90.51
13/05/2022 3:00,1.6,24,15,83.335
14/05/2022 3:00,0.8,24.5,15.8,84.41
15/05/2022 3:00,0.6,23,17,85.39
16/05/2022 3:00,19.6,24.5,14,92.81
17/05/2022 3:00,19.7,25,14.5,68.115
18/05/2022 3:00,5.5,25,13.3,76.565
19/05/2022 3:00,7.5,24.5,13.5,72.45
20/05/2022 3:00,0,23.5,13,88.315
21/05/2022 3:00,20.6,23.5,12.5,77.795
22/05/2022 3:00,0.2,19,14.8,92.83
23/05/2022 3:00,1.5,22.5,13,70.055
24/05/2022 3:00,2.6,23,13.2,77.335
25/05/2022 3:00,0.01,18,14,92.23
26/05/2022 3:00,4.6,23,13,68.565
27/05/2022 3:00,0,22.5,16,85.855
28/05/2022 3:00,16,20,15.5,97.04
29/05/2022 3:00,2.5,23,16.4,90.835
30/05/2022 3:00,0.4,24,16.5,93.57
31/05/2022 3:00,5.6,23,16.3,89.5
01/06/2022 3:00,16,24,16.7,86.835
02/06/2022 3:00,0.2,23.5,17.5,94.51
03/06/2022 3:00,11.6,23.5,17,89.625
04/06/2022 3:00,2.1,25,17,87.095
05/06/2022 3:00,20.5,24,17.8,97.255
06/06/2022 3:00,10,24.5,18,91.305
07/06/2022 3:00,51.5,23,18.3,96.315
08/06/2022 3:00,0.7,24.5,17,94.57
09/06/2022 3:00,14.3,23,17.6,95.23
10/06/2022 3:00,18.1,24,17.5,96.37
11/06/2022 3:00,30.5,24,16.8,86.775
12/06/2022 3:00,7,25,16.5,91.18
13/06/2022 3:00,18.7,24.5,17.6,88.26
14/06/2022 3:00,28.2,24,18.5,94.71
15/06/2022 3:00,8.5,24,18,97.23
16/06/2022 3:00,10.7,24,17.6,92.77
17/06/2022 3:00,11.7,24,17,87.68
18/06/2022 3:00,3.2,24.5,16.4,91.06
19/06/2022 3:00,23,24.5,16,92.525
20/06/2022 3:00,3.1,21.5,17,90.24
21/06/2022 3:00,83.2,23.5,15.2,92.005
22/06/2022 3:00,84.7,24.5,15.6,86.325
23/06/2022 3:00,18.2,23.5,18,94.725
24/06/2022 3:00,26.3,25,18.3,88.835
25/06/2022 3:00,70.5,23.5,17.6,93.915
26/06/2022 3:00,127.8,23,16.6,91.515
27/06/2022 3:00,10.2,23,17.3,97.255
28/06/2022 3:00,42.7,22.5,18.4,98.13
29/06/2022 3:00,81.6,20,17.8,98.595
30/06/2022 3:00,76.5,23,17,95.46
01/07/2022 3:00,6,24.5,17,81.21
02/07/2022 3:00,28.4,22.5,18.3,91.795
03/07/2022 3:00,18.6,24.5,17.5,83.075
04/07/2022 3:00,63.7,24,18.4,92.96
05/07/2022 3:00,79.2,26,18,98.205
06/07/2022 3:00,70.5,27.5,19,92.365
07/07/2022 3:00,56.5,25.5,19,93.765
08/07/2022 3:00,13.5,24,19.3,96.135
09/07/2022 3:00,142.3,22.5,17.5,94.595
10/07/2022 3:00,11,25.5,17.3,80.07
11/07/2022 3:00,20,25.5,18.5,80.5
12/07/2022 3:00,41.2,26,18,83.255
13/07/2022 3:00,13,26.5,18.6,82.435
14/07/2022 3:00,30,26,18,86.165
15/07/2022 3:00,6.6,27.5,18,74.04
16/07/2022 3:00,0,26,18.7,85.09
17/07/2022 3:00,0.7,27.5,18.5,75.535
18/07/2022 3:00,70.6,22.5,18.4,96.385
19/07/2022 3:00,25.2,24,16.7,92.255
20/07/2022 3:00,38.2,21.5,18,96.335
21/07/2022 3:00,75.5,24,18,91.295
22/07/2022 3:00,35.2,24,17.8,93.815
23/07/2022 3:00,41.7,25,17,84.955
24/07/2022 3:00,12.7,25.5,17.6,90.355
25/07/2022 3:00,82.9,24.5,15.8,89.39
26/07/2022 3:00,90.8,22.5,16.5,97.165
27/07/2022 3:00,7,22.5,17.3,92.16
28/07/2022 3:00,60.9,21.5,17.5,96.265
29/07/2022 3:00,11.1,23,17.3,95.45
30/07/2022 3:00,31.2,23,17.5,91.325
31/07/2022 3:00,36.2,21.5,17.6,97.24
01/08/2022 3:00,,21,17.6,98.135
02/08/2022 3:00,,19.5,18,98.575
03/08/2022 3:00,,23.5,17.4,95.485
04/08/2022 3:00,,22.5,17.7,93.74
05/08/2022 3:00,,25,18,91.375
06/08/2022 3:00,,25.5,17,95.53
07/08/2022 3:00,,27,17,85.525
08/08/2022 3:00,,26.5,18.2,86.905
09/08/2022 3:00,,28,17.2,85.275
10/08/2022 3:00,,25,18,86.485
11/08/2022 3:00,,26.5,17.6,92.465
12/08/2022 3:00,,26.5,16.4,86.995
13/08/2022 3:00,,26.5,18,82.64
14/08/2022 3:00,,24,17.6,94.555
15/08/2022 3:00,,24.5,18,85.825
16/08/2022 3:00,,24.5,17.6,87.95
17/08/2022 3:00,,24.5,18,91.455
18/08/2022 3:00,,26.5,18.7,93.025
19/08/2022 3:00,,24,18,91.305
20/08/2022 3:00,,27,17,92.995
21/08/2022 3:00,,25,18.2,88.18
22/08/2022 3:00,,25.5,17.5,76.49
23/08/2022 3:00,,26,18,79.205
24/08/2022 3:00,,26,16.8,81.59
25/08/2022 3:00,,26,18.5,91.365
26/08/2022 3:00,,24,18.6,95.485
27/08/2022 3:00,,21,18.4,97.23
28/08/2022 3:00,,23.5,16.3,91.895
29/08/2022 3:00,,23.5,17.4,89.775
30/08/2022 3:00,,25,17.5,93.715
31/08/2022 3:00,,20,17.3,98.11
01/09/2022 3:00,,19.6,18,98.1
02/09/2022 3:00,,20.5,17,96.33
03/09/2022 3:00,,22,17.6,98.105
04/09/2022 3:00,,23.5,17.4,87.57
05/09/2022 3:00,,25,18,92.985
06/09/2022 3:00,,25,17,89.775
07/09/2022 3:00,,22,16.6,94.415
08/09/2022 3:00,,23,16.8,91.885
09/09/2022 3:00,,22,17,95.4
10/09/2022 3:00,,22.5,15,89.915
11/09/2022 3:00,,24.5,17.2,87.87
12/09/2022 3:00,,25,17.5,87.91
13/09/2022 3:00,,23.5,16.3,86.8
14/09/2022 3:00,,24,16.5,96.295
15/09/2022 3:00,,19,16,97.095
16/09/2022 3:00,,20,16.3,98.065
17/09/2022 3:00,,20,16.5,96.26
18/09/2022 3:00,,22.5,16.5,93.615
19/09/2022 3:00,,25,16.8,88.185
20/09/2022 3:00,,25.5,16.5,88.475
21/09/2022 3:00,,26,15.4,91.725
22/09/2022 3:00,,25,17.2,88.615
23/09/2022 3:00,,23.5,17.6,95.425
24/09/2022 3:00,,22.5,16.3,86.17
25/09/2022 3:00,,23,16,93.56
26/09/2022 3:00,,21.5,15,91.97
27/09/2022 3:00,,21.5,15.6,93.56
28/09/2022 3:00,,23.5,16,89.88
29/09/2022 3:00,,23,15.6,92.755
30/09/2022 3:00,,23.5,14,79.755
01/10/2022 3:00,,23,15.5,88.59
02/10/2022 3:00,,25.5,16,80
03/10/2022 3:00,,25.5,14.8,75.265
04/10/2022 3:00,,24.5,16.2,97.13
05/10/2022 3:00,,16,15,96.925
06/10/2022 3:00,,15,13.5,98.925
07/10/2022 3:00,,17,13.3,98.965
08/10/2022 3:00,,21.5,14.2,96.155
09/10/2022 3:00,,21,15.5,88.315
10/10/2022 3:00,,19,15,95.16
11/10/2022 3:00,,19.5,13.5,91.185
12/10/2022 3:00,,21.5,13,88.975
13/10/2022 3:00,,22,11.6,83.255
14/10/2022 3:00,,22,13,80.11
15/10/2022 3:00,,21.5,12.7,85.62
16/10/2022 3:00,,21.5,12.5,86.23
17/10/2022 3:00,,21,11.5,59.345
18/10/2022 3:00,,21.5,10.3,74.59
19/10/2022 3:00,,20.5,10,57.29
20/10/2022 3:00,,20,9,67.21
21/10/2022 3:00,,21.5,10,66.195
22/10/2022 3:00,,22.5,10,59.8
23/10/2022 3:00,,22.5,10.8,46.005
24/10/2022 3:00,,24,11,59.045
25/10/2022 3:00,,20,10.8,85.915
26/10/2022 3:00,,20.5,13,89.48
27/10/2022 3:00,,19,12.5,92.735
28/10/2022 3:00,,19.5,11.2,86.875
29/10/2022 3:00,,20,10.5,71.68
30/10/2022 3:00,,21.5,10,75.51
31/10/2022 3:00,,21,10.5,74.33
01/11/2022 3:00,,20.5,10.5,67.745
02/11/2022 3:00,,19.5,10,80.17
03/11/2022 3:00,,19,10,79.49
04/11/2022 3:00,,19.5,11.3,75.105
05/11/2022 3:00,,21,10.3,59.64
06/11/2022 3:00,,20,9.5,64.68
07/11/2022 3:00,,,9.5,