Time,Pokhara Airport,Lumle,Begnas,Lamachour
01/01/2015 3:00,0,0,0,0
01/02/2015 3:00,15.4,29,16.8,19.6
01/03/2015 3:00,21.4,26.4,33.6,20.8
01/04/2015 3:00,15.9,15.9,11.6,10
01/05/2015 3:00,0,0,0,0
01/06/2015 3:00,0,0,0,0
01/07/2015 3:00,0,0,0,0
01/08/2015 3:00,1.6,24.4,0,6
01/09/2015 3:00,0,0,0,0
01/10/2015 3:00,0,0,0,0
01/11/2015 3:00,0,0,0,0
01/12/2015 3:00,0,0,0,0
01/13/2015 03:00:00,0,0,0,0
01/14/2015 03:00:00,0,0,0,0
01/15/2015 03:00:00,0,0,0,0
01/16/2015 03:00:00,0,0,0,0
01/17/2015 03:00:00,0,0,0,0
01/18/2015 03:00:00,0,0.5,0,0
01/19/2015 03:00:00,0,0,0,0
01/20/2015 03:00:00,0,0,0,0
01/21/2015 03:00:00,0,0,0,0
01/22/2015 03:00:00,0,0,0,0
01/23/2015 03:00:00,0,0.5,0,0
01/24/2015 03:00:00,0,0,0,0
01/25/2015 03:00:00,0,0,0,0
01/26/2015 03:00:00,0,0,0,0
01/27/2015 03:00:00,0,0,0,0
01/28/2015 03:00:00,0,0,0,0
01/29/2015 03:00:00,0,0,0,0
01/30/2015 03:00:00,0,0,0,0
01/31/2015 03:00:00,0,4.7,0,0
02/01/2015 3:00,0,0,0,0
02/02/2015 3:00,0,0,0,0
02/03/2015 3:00,0,0,0,4
02/04/2015 3:00,3.8,4.4,4.4,0
02/05/2015 3:00,0,0,0,0
02/06/2015 3:00,0,0,0,0
02/07/2015 3:00,0,0,0,0
02/08/2015 3:00,0,0,0,0
02/09/2015 3:00,0,0,0,0
02/10/2015 3:00,0,0,0,0
02/11/2015 3:00,0,0,0,0
02/12/2015 3:00,0,0,0,0
02/13/2015 03:00:00,0,0,0,0
02/14/2015 03:00:00,0,0,0,0
02/15/2015 03:00:00,0,0.5,0,0
02/16/2015 03:00:00,0,0,0,0
02/17/2015 03:00:00,0,0,0,0
02/18/2015 03:00:00,0,4,0,0
02/19/2015 03:00:00,19.5,16.8,18.5,16.6
02/20/2015 03:00:00,0,0,0,0
02/21/2015 03:00:00,0,0,0,20
02/22/2015 03:00:00,0,0,0,0
02/23/2015 03:00:00,0,0,0,0
02/24/2015 03:00:00,0,0,0,0
02/25/2015 03:00:00,0,7.8,0,0
02/26/2015 03:00:00,3,0,2.3,4.2
02/27/2015 03:00:00,4,3.5,6.2,0
02/28/2015 03:00:00,0,0,0,0
03/01/2015 3:00,0,0,0.2,0
03/02/2015 3:00,26.9,37.5,28.2,30
03/03/2015 3:00,4.1,3.5,5.3,4.2
03/04/2015 3:00,11.9,0.5,4.5,6.8
03/05/2015 3:00,0,0,2,0
03/06/2015 3:00,0,0,0,0
03/07/2015 3:00,0.6,0,1,0
03/08/2015 3:00,0,0,0,0
03/09/2015 3:00,0,0.8,0,0
03/10/2015 3:00,0,0,0,0
03/11/2015 3:00,0,0,0,0
03/12/2015 3:00,0,0,0,0
03/13/2015 03:00:00,0,0,0,0
03/14/2015 03:00:00,0,0,1.9,0
03/15/2015 03:00:00,33.1,1.2,2.2,10
03/16/2015 03:00:00,3,6.7,0,4.8
03/17/2015 03:00:00,0,0,0,12
03/18/2015 03:00:00,0,0,9.4,0
03/19/2015 03:00:00,10.2,2,0,2.4
03/20/2015 03:00:00,0,0,0,0
03/21/2015 03:00:00,0,0,0,0
03/22/2015 03:00:00,0,0.5,0,0
03/23/2015 03:00:00,0,0,0,0
03/24/2015 03:00:00,0,0.5,0,0
03/25/2015 03:00:00,0,0,0,0
03/26/2015 03:00:00,0,0.4,0,0
03/27/2015 03:00:00,54.4,6.5,10.2,38.2
03/28/2015 03:00:00,6.6,14.5,1.6,2.6
03/29/2015 03:00:00,0,0,0,0
03/30/2015 03:00:00,1.8,13.4,3.6,6.6
03/31/2015 03:00:00,15.3,18.4,0,16.4
04/01/2015 3:00,0,0.2,0,0
04/02/2015 3:00,0,0.7,0,8.8
04/03/2015 3:00,0,1.5,7,0
04/04/2015 3:00,0.7,2.2,0,0
04/05/2015 3:00,3,7.5,1.3,4
04/06/2015 3:00,0,0,0,0
04/07/2015 3:00,0,0,0,0
04/08/2015 3:00,0,0,0,0
04/09/2015 3:00,0,0,0,0
04/10/2015 3:00,0,0,0,0
04/11/2015 3:00,0.1,0,0,4.2
04/12/2015 3:00,0,4.5,0,0
04/13/2015 03:00:00,16.1,19.6,9.2,8
04/14/2015 03:00:00,2.7,2.4,3.6,4
04/15/2015 03:00:00,0,0.5,0,0
04/16/2015 03:00:00,0,0,0,0
04/17/2015 03:00:00,0,0,0,0
04/18/2015 03:00:00,0.4,4,1,0
04/19/2015 03:00:00,0.4,0.4,0,0
04/20/2015 03:00:00,0,1.6,0,10.6
04/21/2015 03:00:00,0,0,3.2,0
04/22/2015 03:00:00,25.4,0,14.8,4.4
04/23/2015 03:00:00,24.7,9.6,27.2,6
04/24/2015 03:00:00,0,1,0,0
04/25/2015 03:00:00,1.4,2.4,0,2
04/26/2015 03:00:00,0,6.7,0,6.2
04/27/2015 03:00:00,0,0,4,0
04/28/2015 03:00:00,0,0,1.2,0
04/29/2015 03:00:00,15.1,5.5,0,4
04/30/2015 03:00:00,38.2,17.6,30,30.6
05/01/2015 3:00,0.7,8.5,0,2.2
05/02/2015 3:00,0,0,2,0
05/03/2015 3:00,13.5,41,44.3,10.8
05/04/2015 3:00,0,0.2,0,0
05/05/2015 3:00,0,19,0,0
05/06/2015 3:00,0,1,0,0
05/07/2015 3:00,0,1,0,0
05/08/2015 3:00,10.1,0,0,0
05/09/2015 3:00,17.8,19.5,7.6,2
05/10/2015 3:00,0,1.8,10.9,0
05/11/2015 3:00,29.6,2.4,0,0
05/12/2015 3:00,0,49,27.8,10.6
05/13/2015 03:00:00,5.5,0.5,0,0
05/14/2015 03:00:00,0,7.2,0,0
05/15/2015 03:00:00,0,0,0,2
05/16/2015 03:00:00,0.5,1,0,0
05/17/2015 03:00:00,0,38,0,0
05/18/2015 03:00:00,6.7,8.4,18.2,30
05/19/2015 03:00:00,0,0,0,0
05/20/2015 03:00:00,5.7,6.2,7.6,10
05/21/2015 03:00:00,34.5,0.2,20.8,2
05/22/2015 03:00:00,8,32.5,7.2,46.4
05/23/2015 03:00:00,0,0,0,0
05/24/2015 03:00:00,12.6,0,29.8,0
05/25/2015 03:00:00,1.6,1.2,4.2,2
05/26/2015 03:00:00,2,9.4,0,0
05/27/2015 03:00:00,6.2,3.4,10,4.8
05/28/2015 03:00:00,16.9,4.7,20.6,8.4
05/29/2015 03:00:00,37.4,5.7,0,6
05/30/2015 03:00:00,0.7,16.2,9.2,2
05/31/2015 03:00:00,3.8,0,26.2,4
06/01/2015 3:00,22.5,2,36.9,38.2
06/02/2015 3:00,3.5,1,3.2,4
06/03/2015 3:00,8.4,0,0.5,4.8
06/04/2015 3:00,0,9,0,0
06/05/2015 3:00,0.1,4.8,0,0
06/06/2015 3:00,0,0,0,0
06/07/2015 3:00,0,0,0,0
06/08/2015 3:00,0,11.2,0,0
06/09/2015 3:00,7,0,12,0
06/10/2015 3:00,42.5,0.5,24.5,0
06/11/2015 3:00,29.2,31.5,34.6,10.8
06/12/2015 3:00,77.2,13.5,74.8,62.2
06/13/2015 03:00:00,28.8,2.7,48.6,10.4
06/14/2015 03:00:00,12.3,37.7,11.2,8.8
06/15/2015 03:00:00,0,14.7,5.2,2
06/16/2015 03:00:00,0,0,0,0
06/17/2015 03:00:00,8.8,37.5,1.8,30.4
06/18/2015 03:00:00,0,0,0,0
06/19/2015 03:00:00,7.1,60.5,5.4,8
06/20/2015 03:00:00,2.6,2.4,0,10.2
06/21/2015 03:00:00,58.6,40.7,43.2,50.4
06/22/2015 03:00:00,2.3,45.7,0,42
06/23/2015 03:00:00,6.9,9.4,22.5,4.6
06/24/2015 03:00:00,68.8,48.5,36.2,40.8
06/25/2015 03:00:00,52.9,35,12.8,46.6
06/26/2015 03:00:00,0.1,0,0,0
06/27/2015 03:00:00,40.7,38,43.3,48
06/28/2015 03:00:00,6.1,6.5,6.2,6.2
06/29/2015 03:00:00,20.5,35,8,30.8
06/30/2015 03:00:00,0,2,0,2
07/01/2015 3:00,0.6,47.5,10.2,0
07/02/2015 3:00,1.6,57.9,0,42
07/03/2015 3:00,22.5,64.4,64.3,18.6
07/04/2015 3:00,7.8,9,32.5,106
07/05/2015 3:00,41.1,7.5,8,42.2
07/06/2015 3:00,0.1,66.2,0,0
07/07/2015 3:00,12,75.6,0,10.4
07/08/2015 3:00,6.9,146.2,0,8
07/09/2015 3:00,12.3,41.8,6.4,10.6
07/10/2015 3:00,0.4,11,4.2,2
07/11/2015 3:00,27.7,36.2,0,16.2
07/12/2015 3:00,0.8,4.6,20.8,2
07/13/2015 03:00:00,0,0,1.2,0
07/14/2015 03:00:00,10.9,14.7,0,8.6
07/15/2015 03:00:00,96.8,63.2,0,50
07/16/2015 03:00:00,223.7,142.6,47.3,160
07/17/2015 03:00:00,84.2,30.7,184.8,40.4
07/18/2015 03:00:00,15.8,20.5,22,50.2
07/19/2015 03:00:00,8.6,21.8,32.2,76
07/20/2015 03:00:00,56.7,35.7,16.2,50.4
07/21/2015 03:00:00,0.6,14.9,8.2,30.2
07/22/2015 03:00:00,23.1,40.9,1.8,32
07/23/2015 03:00:00,6.2,44.9,14,10.8
07/24/2015 03:00:00,10.6,83.4,5.5,18
07/25/2015 03:00:00,4.4,131.1,10.2,10.4
07/26/2015 03:00:00,10.2,14.4,0,8
07/27/2015 03:00:00,8.4,44.4,0,80
07/28/2015 03:00:00,37.1,42.2,136.4,10.6
07/29/2015 03:00:00,19.3,5.2,78.6,4.8
07/30/2015 03:00:00,116.4,288.7,71.6,130.4
07/31/2015 03:00:00,56.2,42.4,165.3,46.6
08/01/2015 3:00,45.7,34.5,31,10.8
08/02/2015 3:00,5.9,49,19.6,12.4
08/03/2015 3:00,0,5,0,10.6
08/04/2015 3:00,2.2,23.7,1.8,86.2
08/05/2015 3:00,3.9,8.5,20,10
08/06/2015 3:00,5.6,21,7.2,8.4
08/07/2015 3:00,8.1,15.2,26.8,8.6
08/08/2015 3:00,0,14.2,0,0
08/09/2015 3:00,9.8,6.5,17,4
08/10/2015 3:00,45.2,31,55.2,8.2
08/11/2015 3:00,70.5,85.6,67.3,80
08/12/2015 3:00,0,0,0,2.8
08/13/2015 03:00:00,45.5,66.1,0,40
08/14/2015 03:00:00,5,25.4,5.9,22.6
08/15/2015 03:00:00,69.7,30,42,36.4
08/16/2015 03:00:00,33.8,42.7,0,8.8
08/17/2015 03:00:00,68.6,8.9,3.2,38.2
08/18/2015 03:00:00,5.2,120.5,5.8,78.8
08/19/2015 03:00:00,5.3,19.2,1.4,8.6
08/20/2015 03:00:00,24,20,22.8,10
08/21/2015 03:00:00,101.4,32.2,92.3,76
08/22/2015 03:00:00,31.1,72.2,29.2,86.2
08/23/2015 03:00:00,3.5,126.7,0.5,30
08/24/2015 03:00:00,0,6,7.3,56.4
08/25/2015 03:00:00,0,6.9,0,38
08/26/2015 03:00:00,0,160.7,0,0
08/27/2015 03:00:00,51.7,31,29.8,46.6
08/28/2015 03:00:00,34.7,17.5,0,56
08/29/2015 03:00:00,60.9,71.5,42,50.2
08/30/2015 03:00:00,0,41.3,95.3,128
08/31/2015 03:00:00,44.5,0,10.2,10.2
09/01/2015 3:00,131.7,68,30.5,16
09/02/2015 3:00,48.2,1,17.9,10.4
09/03/2015 3:00,10.8,15.5,32.2,8.6
09/04/2015 3:00,0,14.6,0,0
09/05/2015 3:00,2.9,0,0,0
09/06/2015 3:00,1.1,32.2,0,80
09/07/2015 3:00,0,0,0,0
09/08/2015 3:00,7.1,3.6,0,10.2
09/09/2015 3:00,8.5,9.4,0,8
09/10/2015 3:00,0,11.2,0,0
09/11/2015 3:00,2.9,26.5,5,2.8
09/12/2015 3:00,51.1,30.2,96.8,50
09/13/2015 03:00:00,10.8,7.6,10.9,10.2
09/14/2015 03:00:00,53.4,88.8,29,44
09/15/2015 03:00:00,130.2,64.6,46.3,70.4
09/16/2015 03:00:00,0,0,0,0
09/17/2015 03:00:00,0,1,0,0
09/18/2015 03:00:00,0,6.6,0,0
09/19/2015 03:00:00,0,0,0,0
09/20/2015 03:00:00,58.4,21.5,22.2,30.6
09/21/2015 03:00:00,0,13.2,0,0
09/22/2015 03:00:00,61,48.9,24.8,116
09/23/2015 03:00:00,23.4,19.8,73.4,20.4
09/24/2015 03:00:00,9.5,12,1.8,10
09/25/2015 03:00:00,90.5,65.3,1.8,120.2
09/26/2015 03:00:00,1.2,39,0,2.8
09/27/2015 03:00:00,0,0,0,0
09/28/2015 03:00:00,0.2,0.8,0,16
09/29/2015 03:00:00,0,0.4,0,2.8
09/30/2015 03:00:00,0,0,0,0
10/01/2015 3:00,0,0.8,0,0
10/02/2015 3:00,78.4,0,2.6,30
10/03/2015 3:00,4.1,4,0,10.8
10/04/2015 3:00,0,0,0,0
10/05/2015 3:00,0,0,0,0
10/06/2015 3:00,0,0,0,0
10/07/2015 3:00,0,0,0,0
10/08/2015 3:00,0,0,0,0
10/09/2015 3:00,0,0,0,0
10/10/2015 3:00,19,0,0,0
10/11/2015 3:00,0,61.6,0,0
10/12/2015 3:00,33.1,21,20.4,0
10/13/2015 03:00:00,0,0,0,0
10/14/2015 03:00:00,0,0,0,0
10/15/2015 03:00:00,38.9,10,34.5,12.8
10/16/2015 03:00:00,0.6,1.2,0,0
10/17/2015 03:00:00,16.2,4.7,22.6,32.8
10/18/2015 03:00:00,0,0,0,0
10/19/2015 03:00:00,0,0,0,0
10/20/2015 03:00:00,0,0,0,0
10/21/2015 03:00:00,0,13,0,2
10/22/2015 03:00:00,1.4,0,0,0
10/23/2015 03:00:00,0,0,0,0
10/24/2015 03:00:00,5.1,0,2,12
10/25/2015 03:00:00,0,0,0,0
10/26/2015 03:00:00,0,0,0,0
10/27/2015 03:00:00,0,0,0,0
10/28/2015 03:00:00,0,0,0,0
10/29/2015 03:00:00,13.3,15.4,9.8,8.4
10/30/2015 03:00:00,5.1,12,5.2,4
10/31/2015 03:00:00,0,0,0,0
11/01/2015 3:00,0,0,0,0
11/02/2015 3:00,0,0,0,0
11/03/2015 3:00,2.1,0,0,24.6
11/04/2015 3:00,0.8,0,0,16
11/05/2015 3:00,0,0,0,0
11/06/2015 3:00,0,0,0,10
11/07/2015 3:00,0,0,0,0
11/08/2015 3:00,0,0,0,0
11/09/2015 3:00,0,0,0,0
11/10/2015 3:00,0,0,0,0
11/11/2015 3:00,0,0,0,0
11/12/2015 3:00,0,0,0,0
11/13/2015 03:00:00,0,0,0,0
11/14/2015 03:00:00,0,0,0,0
11/15/2015 03:00:00,0,0,0,0
11/16/2015 03:00:00,0,0,0,0
11/17/2015 03:00:00,0,0,0,0
11/18/2015 03:00:00,0,0,0,2
11/19/2015 03:00:00,0,0,0,0
11/20/2015 03:00:00,0,0,0,0
11/21/2015 03:00:00,0,0,0,0
11/22/2015 03:00:00,0,0,0,0
11/23/2015 03:00:00,0,0,0,0
11/24/2015 03:00:00,0,0,0,0
11/25/2015 03:00:00,0,0,0,0
11/26/2015 03:00:00,0,0,0,0
11/27/2015 03:00:00,0,0,0,0
11/28/2015 03:00:00,0,0,0,0
11/29/2015 03:00:00,0,0,0,0
11/30/2015 03:00:00,0,0,0,0
12/01/2015 3:00,0,0,0,0
12/02/2015 3:00,0,0,0,0
12/03/2015 3:00,0,0,0,0
12/04/2015 3:00,0,0,0,0
12/05/2015 3:00,0,0,0,0
12/06/2015 3:00,0,0,0,0
12/07/2015 3:00,0,0,0,0
12/08/2015 3:00,0,0,0,0
12/09/2015 3:00,0,0,0,0
12/10/2015 3:00,0,0,0,0
12/11/2015 3:00,0,0,0,0
12/12/2015 3:00,0,0,0,0
12/13/2015 03:00:00,0,0,0,0
12/14/2015 03:00:00,0,0,0,0
12/15/2015 03:00:00,0,0,0,0
12/16/2015 03:00:00,0,0,0,0
12/17/2015 03:00:00,0,0,0,0
12/18/2015 03:00:00,0,0,0,0
12/19/2015 03:00:00,0,0,0,0
12/20/2015 03:00:00,0,0,0,0
12/21/2015 03:00:00,0,0,0,0
12/22/2015 03:00:00,0,0,0,0
12/23/2015 03:00:00,0,0,0,0
12/24/2015 03:00:00,0,0,0,0
12/25/2015 03:00:00,0,0,0,0
12/26/2015 03:00:00,0,0,0,0
12/27/2015 03:00:00,0,0,0,0
12/28/2015 03:00:00,0,0,0,0
12/29/2015 03:00:00,0,0,0,0
12/30/2015 03:00:00,0,0,0,0
12/31/2015 03:00:00,0,0,0,0
01/01/2016 3:00,0,0,0,0
01/02/2016 3:00,0,0,0,0
01/03/2016 3:00,0,0,0,0
01/04/2016 3:00,0,0,0,0
01/05/2016 3:00,0,0,0,0
01/06/2016 3:00,0,0,0,0
01/07/2016 3:00,0,0,0,0
01/08/2016 3:00,0,0,0,0
01/09/2016 3:00,0.1,0,0,10
01/10/2016 3:00,0,0,0,0
01/11/2016 3:00,0,0,0,0
01/12/2016 3:00,0,0,0,0
01/13/2016 03:00:00,0,0,0,0
01/14/2016 03:00:00,0,0,0,0
01/15/2016 03:00:00,0,0,0,0
01/16/2016 03:00:00,0,0,0,0
01/17/2016 03:00:00,0,0,0,0
01/18/2016 03:00:00,0,0,0,0
01/19/2016 03:00:00,0,0,0,0
01/20/2016 03:00:00,0,0,1.5,0
01/21/2016 03:00:00,2.1,4.5,5.2,0
01/22/2016 03:00:00,0.1,0,0,0
01/23/2016 03:00:00,0,0,0,0
01/24/2016 03:00:00,0,0,0,0
01/25/2016 03:00:00,0,0,0,0
01/26/2016 03:00:00,0,0,0,0
01/27/2016 03:00:00,0,2.8,0,0
01/28/2016 03:00:00,0,0,0,0
01/29/2016 03:00:00,0,0,0,0
01/30/2016 03:00:00,0,0,0,0
01/31/2016 03:00:00,0,0,0,0
02/01/2016 3:00,0,0,0,0
02/02/2016 3:00,0,0,0,0
02/03/2016 3:00,0,0,0,0
02/04/2016 3:00,0,0,0,0
02/05/2016 3:00,0,0,0,0
02/06/2016 3:00,0,0,0,0
02/07/2016 3:00,0,0,0,0
02/08/2016 3:00,0.1,1.2,0,0
02/09/2016 3:00,0,3.5,0,0
02/10/2016 3:00,0,0,0,0
02/11/2016 3:00,0,0,0,0
02/12/2016 3:00,0,0,0,0
02/13/2016 03:00:00,0,0,0,0
02/14/2016 03:00:00,0,0,0,0
02/15/2016 03:00:00,0,0,0,0
02/16/2016 03:00:00,0,0,0,0
02/17/2016 03:00:00,0,0,0,0
02/18/2016 03:00:00,0,0,0,0
02/19/2016 03:00:00,0,0,0,0
02/20/2016 03:00:00,0,0,0,0
02/21/2016 03:00:00,0,0,0,0
02/22/2016 03:00:00,0,0,0,0
02/23/2016 03:00:00,0,0,0,0
02/24/2016 03:00:00,0,0,0,0
02/25/2016 03:00:00,0,0.7,0,2.6
02/26/2016 03:00:00,0,0,0,0
02/27/2016 03:00:00,0,2,0,0
02/28/2016 03:00:00,0,3.7,0,0
02/29/2016 03:00:00,0,0.2,0,0
03/01/2016 3:00,0,0,0,0
03/02/2016 3:00,0,0,0,0
03/03/2016 3:00,3.8,2,0,0
03/04/2016 3:00,0.4,6.2,0,2
03/05/2016 3:00,3.4,2.4,0,2.6
03/06/2016 3:00,20.8,16.5,34.6,30
03/07/2016 3:00,8.1,1,2.6,0
03/08/2016 3:00,0.2,0,0,0
03/09/2016 3:00,0,0,3,0
03/10/2016 3:00,0,0,0,0
03/11/2016 3:00,0,0,0,0
03/12/2016 3:00,0,0,0,0
03/13/2016 03:00:00,0,0,0,0
03/14/2016 03:00:00,2.8,0.4,0,10.2
03/15/2016 03:00:00,1.3,0.2,2.1,4.2
03/16/2016 03:00:00,0,0,0,0
03/17/2016 03:00:00,0,0,0,0
03/18/2016 03:00:00,0,0,0,0
03/19/2016 03:00:00,0,0,0,0
03/20/2016 03:00:00,0,0,0,0
03/21/2016 03:00:00,0,0,2,0
03/22/2016 03:00:00,0,0,0,0
03/23/2016 03:00:00,0,0,0,0
03/24/2016 03:00:00,0,0,0,0
03/25/2016 03:00:00,0,0,0,0
03/26/2016 03:00:00,0,0,0,0
03/27/2016 03:00:00,0,0,0,0
03/28/2016 03:00:00,0.9,14,0,20.8
03/29/2016 03:00:00,15.3,3.5,11.7,10.4
03/30/2016 03:00:00,0,0,0,0
03/31/2016 03:00:00,36.5,46,20.2,10
04/01/2016 3:00,1.7,16,0,0
04/02/2016 3:00,6.1,0.2,4.2,8.8
04/03/2016 3:00,1.8,9,1.3,0
04/04/2016 3:00,0,0,0,0
04/05/2016 3:00,8,0,0,0
04/06/2016 3:00,0,4.2,23.6,2.4
04/07/2016 3:00,0,0,0,0
04/08/2016 3:00,0,0,0,0
04/09/2016 3:00,0,0,0,0
04/10/2016 3:00,0,0,0,0
04/11/2016 3:00,0,0,0,0
04/12/2016 3:00,0,0,0,0
04/13/2016 03:00:00,0,0,2,0
04/14/2016 03:00:00,0.7,0,1,2.2
04/15/2016 03:00:00,0,0,0,0
04/16/2016 03:00:00,0,0,12.4,0
04/17/2016 03:00:00,2.7,0,28.7,0
04/18/2016 03:00:00,0.3,0,0,0
04/19/2016 03:00:00,3.3,10.7,0,16
04/20/2016 03:00:00,0,0,0,0
04/21/2016 03:00:00,0,0,0,0
04/22/2016 03:00:00,0,0,0,0
04/23/2016 03:00:00,0,0,0,0
04/24/2016 03:00:00,0,0,0,0
04/25/2016 03:00:00,0,0,0,0
04/26/2016 03:00:00,0,0,0,0
04/27/2016 03:00:00,0,0,0,0
04/28/2016 03:00:00,0,0,0,0
04/29/2016 03:00:00,0,0,0,0
04/30/2016 03:00:00,0,0,0,0
05/01/2016 3:00,0,0,0,0
05/02/2016 3:00,0,0,0,0
05/03/2016 3:00,0,0,0,0
05/04/2016 3:00,0,0.5,0,0
05/05/2016 3:00,0,0,0,0
05/06/2016 3:00,3.1,2.4,10.4,2
05/07/2016 3:00,9,8.4,2,4.2
05/08/2016 3:00,0,0.5,0,0
05/09/2016 3:00,0,0,0,0
05/10/2016 3:00,0,0,0,0
05/11/2016 3:00,0,0,0,0
05/12/2016 3:00,0,0,0,0
05/13/2016 03:00:00,1.4,38,0,4.8
05/14/2016 03:00:00,6,1.8,26,8
05/15/2016 03:00:00,12.1,1.4,41,8.6
05/16/2016 03:00:00,11,18.8,1.2,8.4
05/17/2016 03:00:00,16.1,18.5,34,14.6
05/18/2016 03:00:00,20.7,43,15.2,4
05/19/2016 03:00:00,0,0,0,0
05/20/2016 03:00:00,0.9,5.2,6.8,46.6
05/21/2016 03:00:00,6.7,103.5,7.2,16.4
05/22/2016 03:00:00,0,0.5,0,0
05/23/2016 03:00:00,0,2,0,0
05/24/2016 03:00:00,0.2,6.8,0,0
05/25/2016 03:00:00,2.9,4.7,2.8,2
05/26/2016 03:00:00,12.6,21.4,31,10
05/27/2016 03:00:00,0,1.5,4.6,0
05/28/2016 03:00:00,1.9,17.2,0,90.8
05/29/2016 03:00:00,110.2,21.7,50,42.2
05/30/2016 03:00:00,0.1,0,0,2
05/31/2016 03:00:00,27,0.5,62.2,30
06/01/2016 3:00,0.3,0,0,0
06/02/2016 3:00,2,53.5,0,18.2
06/03/2016 3:00,0,0,0,0
06/04/2016 3:00,4.4,12,22.3,0
06/05/2016 3:00,1,0,33,0
06/06/2016 3:00,4.5,0.4,6.8,16
06/07/2016 3:00,0.5,4.5,0,4.2
06/08/2016 3:00,2.3,10,3,0
06/09/2016 3:00,0,0,0,0
06/10/2016 3:00,55.2,2.8,0,42
06/11/2016 3:00,2.4,2,3.6,0
06/12/2016 3:00,41.5,57.2,73.4,96
06/13/2016 03:00:00,39,39.7,11.6,44.2
06/14/2016 03:00:00,27,29,50,96.8
06/15/2016 03:00:00,37.5,30.5,46.2,12.6
06/16/2016 03:00:00,12.4,56.5,30.8,16.4
06/17/2016 03:00:00,9,39,26,0
06/18/2016 03:00:00,23.2,62.7,21,12.8
06/19/2016 03:00:00,17.3,72.5,0,105
06/20/2016 03:00:00,21.6,44.7,63.4,36.6
06/21/2016 03:00:00,27.3,32,40.6,38
06/22/2016 03:00:00,19.6,2.8,19,14.8
06/23/2016 03:00:00,12.6,29.2,16.6,36.4
06/24/2016 03:00:00,17.8,48.8,169.5,52
06/25/2016 03:00:00,60.4,21.2,1.4,24.6
06/26/2016 03:00:00,30.3,9.7,4.6,10
06/27/2016 03:00:00,77.6,77.8,40,12.8
06/28/2016 03:00:00,0.6,18.4,0,4
06/29/2016 03:00:00,14.3,59.5,1.2,24.2
06/30/2016 03:00:00,27.4,35.4,35,38
07/01/2016 3:00,17.5,26.5,23.5,12.2
07/02/2016 3:00,90,177.3,96.3,70
07/03/2016 3:00,10.8,20.4,2.3,4
07/04/2016 3:00,55,44.7,147.3,88
07/05/2016 3:00,3.5,73,4.2,18.2
07/06/2016 3:00,4.2,6.8,4,6
07/07/2016 3:00,0.7,17.5,6.6,16.8
07/08/2016 3:00,4.5,63.2,5.4,14.2
07/09/2016 3:00,1.9,22.5,0,0
07/10/2016 3:00,70,154.2,21.4,130
07/11/2016 3:00,15.7,39,26.2,36.6
07/12/2016 3:00,17.4,60,2.6,90.2
07/13/2016 03:00:00,4.9,83.5,0,50
07/14/2016 03:00:00,5.3,17.5,48.2,12.4
07/15/2016 03:00:00,7.2,49.8,0,62
07/16/2016 03:00:00,45,88.9,32,42.8
07/17/2016 03:00:00,26.1,22.2,12,46
07/18/2016 03:00:00,30.8,28,28.8,12
07/19/2016 03:00:00,0,22.5,2.2,2
07/20/2016 03:00:00,29,85.5,5.4,50.6
07/21/2016 03:00:00,35.2,40.2,74.3,46
07/22/2016 03:00:00,25.6,97.2,27.8,20.8
07/23/2016 03:00:00,41.1,3,41.6,36.6
07/24/2016 03:00:00,6.3,48.4,1.6,40
07/25/2016 03:00:00,35.1,132,134.3,76.8
07/26/2016 03:00:00,222.9,216.5,146.6,166
07/27/2016 03:00:00,56.4,56.7,47.8,42.4
07/28/2016 03:00:00,1.6,19,25,4
07/29/2016 03:00:00,9.7,27,8.2,6.2
07/30/2016 03:00:00,0.6,1.5,9.8,4
07/31/2016 03:00:00,3.5,20,8.2,6.4
08/01/2016 3:00,8.7,12.7,11.2,6.4
08/02/2016 3:00,1.2,4.5,1.6,0
08/03/2016 3:00,0.5,9.7,0,2.6
08/04/2016 3:00,0.9,20.4,0,2
08/05/2016 3:00,3.5,0,0,0
08/06/2016 3:00,33.2,43,14.4,44
08/07/2016 3:00,0.9,4,0,38.2
08/08/2016 3:00,1.1,24.8,3.5,6
08/09/2016 3:00,0.5,9,10.2,0
08/10/2016 3:00,4,10.5,58.3,4.4
08/11/2016 3:00,5,18.2,7,6.8
08/12/2016 3:00,19,10,0,4
08/13/2016 03:00:00,1.1,7.4,0,4.2
08/14/2016 03:00:00,5.8,41.5,4,6.8
08/15/2016 03:00:00,11,62.5,9.3,8.6
08/16/2016 03:00:00,30.8,20.5,7.2,2
08/17/2016 03:00:00,62.6,53.7,15.4,42
08/18/2016 03:00:00,0.7,24.6,0,42.4
08/19/2016 03:00:00,3.4,19.5,2,16.8
08/20/2016 03:00:00,0,27.5,6.7,6.6
08/21/2016 03:00:00,0,3.7,0,0
08/22/2016 03:00:00,41,3.4,5,42
08/23/2016 03:00:00,0,0,0,0
08/24/2016 03:00:00,0,0,2.2,0
08/25/2016 03:00:00,2.3,0,0,0
08/26/2016 03:00:00,12.8,79,0,40.2
08/27/2016 03:00:00,0,1.3,0,0
08/28/2016 03:00:00,0,0,13.2,0
08/29/2016 03:00:00,30.5,11,48.8,2.8
08/30/2016 03:00:00,65.5,12,47.3,120.2
08/31/2016 03:00:00,35.6,19.2,10.2,50.4
09/01/2016 3:00,83.5,44.5,10.5,116
09/02/2016 3:00,50.9,30.5,150.3,46.4
09/03/2016 3:00,87,23.2,238.4,48.6
09/04/2016 3:00,55,154,43.6,66.2
09/05/2016 3:00,0.4,0,0,0
09/06/2016 3:00,0,0,0,0
09/07/2016 3:00,40.5,8,20.2,80
09/08/2016 3:00,106.1,140.4,107.3,190.8
09/09/2016 3:00,19.6,23.5,18.7,18.6
09/10/2016 3:00,51.9,38.2,2,160.4
09/11/2016 3:00,13.7,85.5,4.8,52.2
09/12/2016 3:00,4.8,4.2,15,0
09/13/2016 03:00:00,19.1,8.2,27.2,4.8
09/14/2016 03:00:00,1.2,9.4,1,6.6
09/15/2016 03:00:00,0,4.6,0,0
09/16/2016 03:00:00,1.1,23,0,12.4
09/17/2016 03:00:00,99.9,81.1,51.8,82
09/18/2016 03:00:00,274.2,84.8,89.6,160.2
09/19/2016 03:00:00,0,1,0,2
09/20/2016 03:00:00,16.1,82.4,10,126.8
09/21/2016 03:00:00,14.5,166.2,4.2,48
09/22/2016 03:00:00,0.4,42.9,8.4,4
09/23/2016 03:00:00,2.1,2.5,0,2.8
09/24/2016 03:00:00,26.9,11.2,57.8,42
09/25/2016 03:00:00,0,0,0,0
09/26/2016 03:00:00,0.5,66.4,0,6.2
09/27/2016 03:00:00,0,15.5,0,0
09/28/2016 03:00:00,0,88.4,0,8.4
09/29/2016 03:00:00,2.6,16.5,5.2,4.8
09/30/2016 03:00:00,0,0,0,0
10/01/2016 3:00,0,11,0,10.8
10/02/2016 3:00,42.2,45.3,0,36
10/03/2016 3:00,60.5,27.5,24,38.2
10/04/2016 3:00,87.1,2.5,43.2,0
10/05/2016 3:00,0.5,5.2,3,4
10/06/2016 3:00,23.4,28.2,67.2,46
10/07/2016 3:00,6.5,4.2,0,2.2
10/08/2016 3:00,0,64.7,10.9,36
10/09/2016 3:00,57.3,15.2,3.4,10
10/10/2016 3:00,1.4,12.4,0,80.2
10/11/2016 3:00,55.1,2.5,0,48
10/12/2016 3:00,0,0,0,0
10/13/2016 03:00:00,0,27.2,0,0
10/14/2016 03:00:00,0,0,0,0
10/15/2016 03:00:00,0.8,1.5,0,8
10/16/2016 03:00:00,0,0,0,0
10/17/2016 03:00:00,0.6,0,0,0
10/18/2016 03:00:00,0,0,0,0
10/19/2016 03:00:00,0,0,0,0
10/20/2016 03:00:00,0,0,0,0
10/21/2016 03:00:00,0,0,0,0
10/22/2016 03:00:00,0,0,0,0
10/23/2016 03:00:00,0,0,0,0
10/24/2016 03:00:00,0,0,0,0
10/25/2016 03:00:00,0,0,0,0
10/26/2016 03:00:00,0,0,0,0
10/27/2016 03:00:00,0,0,0,0
10/28/2016 03:00:00,0,0,0,0
10/29/2016 03:00:00,0,0,0,0
10/30/2016 03:00:00,0,0,0,0
10/31/2016 03:00:00,0,0,0,0
11/01/2016 3:00,0,0,0,0
11/02/2016 3:00,0,0,0,0
11/03/2016 3:00,0,0,0,0
11/04/2016 3:00,0,0,0,0
11/05/2016 3:00,0,0,0,0
11/06/2016 3:00,0,0,0,0
11/07/2016 3:00,0,0,0,0
11/08/2016 3:00,0,0,0,0
11/09/2016 3:00,0,0,0,0
11/10/2016 3:00,0,0,0,0
11/11/2016 3:00,0,0,0,0
11/12/2016 3:00,0,0,0,0
11/13/2016 03:00:00,0,0,0,0
11/14/2016 03:00:00,0,0,0,0
11/15/2016 03:00:00,0,0,0,0
11/16/2016 03:00:00,0,0,0,0
11/17/2016 03:00:00,0,0,0,0
11/18/2016 03:00:00,0,0,0,0
11/19/2016 03:00:00,0,0,0,0
11/20/2016 03:00:00,0,0,0,0
11/21/2016 03:00:00,0,0,0,0
11/22/2016 03:00:00,0,0,0,0
11/23/2016 03:00:00,0,0,0,0
11/24/2016 03:00:00,0,0,0,0
11/25/2016 03:00:00,0,0,0,0
11/26/2016 03:00:00,0,0,0,0
11/27/2016 03:00:00,0,0,0,0
11/28/2016 03:00:00,0,0,0,0
11/29/2016 03:00:00,0,0,0,0
11/30/2016 03:00:00,0,0,0,0
12/01/2016 3:00,0,0,0,0
12/02/2016 3:00,0,0,0,0
12/03/2016 3:00,0,0,0,0
12/04/2016 3:00,0,0,0,0
12/05/2016 3:00,0,0,0,0
12/06/2016 3:00,0,0,0,0
12/07/2016 3:00,0,0,0,0
12/08/2016 3:00,0,0,0,0
12/09/2016 3:00,0,0,0,0
12/10/2016 3:00,0,0,0,0
12/11/2016 3:00,0,0,0,0
12/12/2016 3:00,0,0,0,0
12/13/2016 03:00:00,0,0,0,0
12/14/2016 03:00:00,0,0,0,0
12/15/2016 03:00:00,0,0,0,0
12/16/2016 03:00:00,0,0,0,0
12/17/2016 03:00:00,0,0,0,0
12/18/2016 03:00:00,0,0,0,0
12/19/2016 03:00:00,0,0,0,0
12/20/2016 03:00:00,0,0,0,0
12/21/2016 03:00:00,0,0,0,0
12/22/2016 03:00:00,0,0,0,0
12/23/2016 03:00:00,0,0,0,0
12/24/2016 03:00:00,0,0,0,0
12/25/2016 03:00:00,0,0,0,0
12/26/2016 03:00:00,0,3,0,0
12/27/2016 03:00:00,0,0,0,0
12/28/2016 03:00:00,0,0,0,0
12/29/2016 03:00:00,0,0,0,0
12/30/2016 03:00:00,0,0,0,0
12/31/2016 03:00:00,0,0,0,0
01/01/2017 3:00,0,0,0,0
01/02/2017 3:00,0,1.7,0,0
01/03/2017 3:00,0,0,0,0
01/04/2017 3:00,0,0,0,0
01/05/2017 3:00,0,0,0,0
01/06/2017 3:00,0,0,0,0
01/07/2017 3:00,0,0,0,0
01/08/2017 3:00,0,0,0,0
01/09/2017 3:00,0,0,0,0
01/10/2017 3:00,0,0,0,0
01/11/2017 3:00,0,1.6,0,2.6
01/12/2017 3:00,0,0,0,0
01/13/2017 03:00:00,0,0,0,0
01/14/2017 03:00:00,0,0,0,0
01/15/2017 03:00:00,0,0,0,0
01/16/2017 03:00:00,0,0,0,0
01/17/2017 03:00:00,0,0,0,0
01/18/2017 03:00:00,0,0,0,0
01/19/2017 03:00:00,0,0,0,0
01/20/2017 03:00:00,0,0,0,0
01/21/2017 03:00:00,0,0,0,0
01/22/2017 03:00:00,0,0,0,0
01/23/2017 03:00:00,5.5,0,0,0
01/24/2017 03:00:00,0,0,0,0
01/25/2017 03:00:00,0,0,0,0
01/26/2017 03:00:00,0,0,0,0
01/27/2017 03:00:00,0,0,0,0
01/28/2017 03:00:00,0,31,10,6.4
01/29/2017 03:00:00,0,0,1.5,0
01/30/2017 03:00:00,0,0,0,0
01/31/2017 03:00:00,0,0,0,0
02/01/2017 3:00,0,0,0,0
02/02/2017 3:00,0,0.1,0,0
02/03/2017 3:00,0,0,0,0
02/04/2017 3:00,0,0,0,0
02/05/2017 3:00,0,0,0,0
02/06/2017 3:00,0,0,0,0
02/07/2017 3:00,0,0,0,0
02/08/2017 3:00,0,0,0,0
02/09/2017 3:00,0,0,0,0
02/10/2017 3:00,0,0,0,0
02/11/2017 3:00,0,0,0,0
02/12/2017 3:00,0,0,0,0
02/13/2017 03:00:00,0,0,0,0
02/14/2017 03:00:00,0,0,0,0
02/15/2017 03:00:00,0,0,0,0
02/16/2017 03:00:00,0,0,0,0
02/17/2017 03:00:00,0,0,0,0
02/18/2017 03:00:00,0,0,0,0
02/19/2017 03:00:00,0,0,0,0
02/20/2017 03:00:00,0,0,0,0
02/21/2017 03:00:00,0,0,0,0
02/22/2017 03:00:00,0,0,0,0
02/23/2017 03:00:00,0,0,0,0
02/24/2017 03:00:00,0,0,0,0
02/25/2017 03:00:00,0,0,0,0
02/26/2017 03:00:00,0,0,0,0
02/27/2017 03:00:00,0,0,0,0
02/28/2017 03:00:00,0,0,0,0
03/01/2017 3:00,0,0,0,0
03/02/2017 3:00,0,0,9.4,0
03/03/2017 3:00,0,0,0,0
03/04/2017 3:00,0,0,0,0
03/05/2017 3:00,0,0,0,0
03/06/2017 3:00,0,0,0,0
03/07/2017 3:00,0,0,0,0
03/08/2017 3:00,0,0,0,0
03/09/2017 3:00,2.8,15,2.6,4
03/10/2017 3:00,1.6,14.5,0,4.6
03/11/2017 3:00,26.6,36,26.4,38.4
03/12/2017 3:00,4.9,8.6,0,6
03/13/2017 03:00:00,0,0,0,0
03/14/2017 03:00:00,0,0,0,0
03/15/2017 03:00:00,0,0.5,0,0
03/16/2017 03:00:00,0,0,15.4,30
03/17/2017 03:00:00,10.6,38.2,0,0
03/18/2017 03:00:00,0,0,0,0
03/19/2017 03:00:00,0,0,0,0
03/20/2017 03:00:00,4.1,2.8,5,4
03/21/2017 03:00:00,0,0,0,0
03/22/2017 03:00:00,0,0,0,0
03/23/2017 03:00:00,0,0,0,0
03/24/2017 03:00:00,0,0,0,0
03/25/2017 03:00:00,0,0.5,1.5,0
03/26/2017 03:00:00,27,0,12.4,0
03/27/2017 03:00:00,0,2.8,0,4.2
03/28/2017 03:00:00,9.1,7.5,3,36.4
03/29/2017 03:00:00,8.1,1,18.6,16.8
03/30/2017 03:00:00,10.5,7.5,0,12.4
03/31/2017 03:00:00,3,1.5,0,0
04/01/2017 3:00,1.1,1,9.5,0
04/02/2017 3:00,28.1,15.5,19,30
04/03/2017 3:00,8.1,0.5,28.3,4
04/04/2017 3:00,25.2,7.5,23,10.2
04/05/2017 3:00,45.4,19,21.2,12
04/06/2017 3:00,27,1.4,1.6,2.4
04/07/2017 3:00,6,10.6,3,4
04/08/2017 3:00,7.1,9.4,0,2.2
04/09/2017 3:00,0,0,0,0
04/10/2017 3:00,0,0,0,0
04/11/2017 3:00,0,0,0,0
04/12/2017 3:00,0,0,0,0
04/13/2017 03:00:00,0,0,0,0
04/14/2017 03:00:00,0,0,0,0
04/15/2017 03:00:00,6.3,6.5,19,10
04/16/2017 03:00:00,0,1.7,0,0
04/17/2017 03:00:00,0,0,0,0
04/18/2017 03:00:00,0,0,0,0
04/19/2017 03:00:00,0,8.5,0,2
04/20/2017 03:00:00,0,7.3,0,4
04/21/2017 03:00:00,5.8,2.4,22,6.2
04/22/2017 03:00:00,98.7,4.2,16,46
04/23/2017 03:00:00,47.8,45.5,49.6,50.2
04/24/2017 03:00:00,5.7,10.5,8,6.8
04/25/2017 03:00:00,0,0,2,0
04/26/2017 03:00:00,0,0,0,0
04/27/2017 03:00:00,0,0,0,0
04/28/2017 03:00:00,0.5,0,5,4
04/29/2017 03:00:00,0.3,0,31,0
04/30/2017 03:00:00,17.8,11,0,10
05/01/2017 3:00,7.5,13,14.2,0
05/02/2017 3:00,4.5,1.5,0,0
05/03/2017 3:00,9.4,4.5,2,0
05/04/2017 3:00,28.5,7.2,15,40.2
05/05/2017 3:00,24.2,3,17,4
05/06/2017 3:00,0,0,0,0
05/07/2017 3:00,1,0,0,2
05/08/2017 3:00,0,0,22.5,0
05/09/2017 3:00,9.8,13.5,0,2.8
05/10/2017 3:00,0,3,8.3,0
05/11/2017 3:00,0,0,0,0
05/12/2017 3:00,34,64,40.3,42
05/13/2017 03:00:00,0,1.5,0,0
05/14/2017 03:00:00,0.7,1,8,0
05/15/2017 03:00:00,0.7,2.5,0,0
05/16/2017 03:00:00,23.5,3.7,15.6,2.2
05/17/2017 03:00:00,16.4,3.6,23.6,4.2
05/18/2017 03:00:00,0,0,0,0
05/19/2017 03:00:00,48.6,18.5,14,16.8
05/20/2017 03:00:00,1.5,3,29,0
05/21/2017 03:00:00,9.9,77.5,4,32.4
05/22/2017 03:00:00,3.3,0,0,4
05/23/2017 03:00:00,16.7,11.2,0,10.2
05/24/2017 03:00:00,0,0,0,4.8
05/25/2017 03:00:00,0,0,5.6,0
05/26/2017 03:00:00,15.3,10,0,4.2
05/27/2017 03:00:00,4.4,20,11,0
05/28/2017 03:00:00,3,43.5,57.8,0
05/29/2017 03:00:00,18,9.2,12,10
05/30/2017 03:00:00,0.9,6.2,9.4,6
05/31/2017 03:00:00,9.4,9.5,0,2.2
06/01/2017 3:00,0,0,0,6.8
06/02/2017 3:00,31.6,0.3,31.3,38
06/03/2017 3:00,9.5,8.5,0,10.2
06/04/2017 3:00,0,0,0,0
06/05/2017 3:00,5.5,0,8.4,12
06/06/2017 3:00,21.4,4,35.2,30.8
06/07/2017 3:00,1.6,2.4,0,2.6
06/08/2017 3:00,0,3.6,0,0
06/09/2017 3:00,0,6.8,0,10
06/10/2017 3:00,2.1,3.5,12.4,0
06/11/2017 3:00,0,0,0,0
06/12/2017 3:00,0,1,0,0
06/13/2017 03:00:00,63.3,0,49.2,26.4
06/14/2017 03:00:00,0.7,34,0,2
06/15/2017 03:00:00,2.4,19,0,2.2
06/16/2017 03:00:00,35.5,23.5,13.4,80
06/17/2017 03:00:00,0,17,0,0
06/18/2017 03:00:00,5.4,0,5,30.8
06/19/2017 03:00:00,20.7,34.2,0,16.6
06/20/2017 03:00:00,5.8,1,6.5,18
06/21/2017 03:00:00,39.4,33.5,34.6,12
06/22/2017 03:00:00,1.5,1,13.9,2
06/23/2017 03:00:00,22.9,63,0,16.4
06/24/2017 03:00:00,0,62,0,0
06/25/2017 03:00:00,0,15,52.6,0
06/26/2017 03:00:00,3.5,21,56,0
06/27/2017 03:00:00,86.9,156.6,34.2,156
06/28/2017 03:00:00,12.3,23.5,2.1,8.2
06/29/2017 03:00:00,67.3,95.2,43.2,16
06/30/2017 03:00:00,43.3,30,19.2,90
07/01/2017 3:00,170.5,40.2,63.4,130
07/02/2017 3:00,191.4,98.2,86.4,270.4
07/03/2017 3:00,4.3,105.5,7.2,70.8
07/04/2017 3:00,2.1,16.7,5.8,10.6
07/05/2017 3:00,37.1,44.5,46.3,42
07/06/2017 3:00,34.4,54.9,26.7,16.2
07/07/2017 3:00,3,1.8,5.4,26.4
07/08/2017 3:00,0,14,18.4,0
07/09/2017 3:00,145.5,308.3,54.3,100.6
07/10/2017 3:00,146.1,100.7,35.1,160
07/11/2017 3:00,15.6,22.5,24.5,16.8
07/12/2017 3:00,19.4,85.5,24.5,46
07/13/2017 03:00:00,0.1,0,0,0
07/14/2017 03:00:00,0,25,4.6,0
07/15/2017 03:00:00,10.1,132.2,25.6,12.8
07/16/2017 03:00:00,0,0,0,4.6
07/17/2017 03:00:00,51.1,12,48.3,20.4
07/18/2017 03:00:00,15.8,47,34.3,0
07/19/2017 03:00:00,0,4.5,0,0
07/20/2017 03:00:00,2.1,32.2,2.2,36.2
07/21/2017 03:00:00,0.5,106,0,6
07/22/2017 03:00:00,2.9,52,11,8.6
07/23/2017 03:00:00,2.3,15.5,10.4,12.8
07/24/2017 03:00:00,16.2,46.4,19.5,36
07/25/2017 03:00:00,17.1,16.5,14,50.2
07/26/2017 03:00:00,1,16.4,28.4,12.6
07/27/2017 03:00:00,22,32.2,43,10.8
07/28/2017 03:00:00,0.4,31,3.2,4
07/29/2017 03:00:00,8.3,92,40,2
07/30/2017 03:00:00,138.2,111,109.4,42.6
07/31/2017 03:00:00,13.5,38,8.2,10
08/01/2017 3:00,4.6,55,1,38
08/02/2017 3:00,83.5,64.5,31,62.4
08/03/2017 3:00,51.6,86.5,74.3,64.8
08/04/2017 3:00,2.6,15.2,0,16
08/05/2017 3:00,20.6,65.2,20.1,80.2
08/06/2017 3:00,15.7,1.2,0,10
08/07/2017 3:00,55,89.2,50.4,52.6
08/08/2017 3:00,1.7,28,0,10.8
08/09/2017 3:00,5,89.4,12,40
08/10/2017 3:00,26.1,37,19,54.4
08/11/2017 3:00,89,49.4,138.4,80.6
08/12/2017 3:00,3,11.7,8.4,36.8
08/13/2017 03:00:00,19.3,20,18.2,12.4
08/14/2017 03:00:00,9,8.5,0,20
08/15/2017 03:00:00,0,4.2,0,0
08/16/2017 03:00:00,14.5,43,28.5,36.8
08/17/2017 03:00:00,31.7,80.7,20,100
08/18/2017 03:00:00,0.7,1,0,2
08/19/2017 03:00:00,21.1,90.2,22.6,70.2
08/20/2017 03:00:00,0.6,2.2,47.3,2
08/21/2017 03:00:00,31,87.2,0,74.4
08/22/2017 03:00:00,9.5,3.2,37,28.8
08/23/2017 03:00:00,70.7,45.5,21,90
08/24/2017 03:00:00,0.2,4.2,0,4.2
08/25/2017 03:00:00,5.5,1.2,24.5,12
08/26/2017 03:00:00,1.8,4.6,0,0
08/27/2017 03:00:00,10.8,5.5,24,0
08/28/2017 03:00:00,21.7,47.4,23.8,70.6
08/29/2017 03:00:00,0.2,3.5,0,0
08/30/2017 03:00:00,8.3,5.2,11.2,76.4
08/31/2017 03:00:00,5.5,30.8,5,38
09/01/2017 3:00,85.7,66.5,24.8,180
09/02/2017 3:00,153.5,92.5,80,130.6
09/03/2017 3:00,78,19.8,56.2,40.2
09/04/2017 3:00,76.5,27,80.6,10
09/05/2017 3:00,0,0,0,2.2
09/06/2017 3:00,0.3,32.2,0,6.4
09/07/2017 3:00,0,0,0,2
09/08/2017 3:00,0.5,32.2,3,0
09/09/2017 3:00,42.2,1,40,36.8
09/10/2017 3:00,2,41.5,0,0
09/11/2017 3:00,47.5,5.5,24,76.2
09/12/2017 3:00,63.7,6,44.5,80
09/13/2017 03:00:00,48.6,35.6,10,72
09/14/2017 03:00:00,0,0,0,0
09/15/2017 03:00:00,0,0,0,0
09/16/2017 03:00:00,0,0,0,0
09/17/2017 03:00:00,0,0,0,0
09/18/2017 03:00:00,39.5,2.7,0,38
09/19/2017 03:00:00,7.2,1.2,18.4,0
09/20/2017 03:00:00,0,0,3.6,0
09/21/2017 03:00:00,4,47.5,4.3,18.8
09/22/2017 03:00:00,20.6,42.4,22.4,8.6
09/23/2017 03:00:00,2.6,4,0,6
09/24/2017 03:00:00,0,0,0,0
09/25/2017 03:00:00,0,28.5,0,0
09/26/2017 03:00:00,0,0,0,0
09/27/2017 03:00:00,0.9,48.5,0,6.8
09/28/2017 03:00:00,0.4,37,0,4
09/29/2017 03:00:00,0,0,0,0
09/30/2017 03:00:00,38.4,7,78.6,38
10/01/2017 3:00,0,11.5,2,40.2
10/02/2017 3:00,0,45.4,12,78.4
10/03/2017 3:00,41.1,4.6,0,16.8
10/04/2017 3:00,0,0,0,0
10/05/2017 3:00,0,0,0,0
10/06/2017 3:00,1,0,0,0
10/07/2017 3:00,0.1,44.9,0,4.8
10/08/2017 3:00,5.3,21.5,0,40
10/09/2017 3:00,0,16.3,0,0
10/10/2017 3:00,0,0,0,0
10/11/2017 3:00,51.5,0,24.8,46
10/12/2017 3:00,0,0,0,0
10/13/2017 03:00:00,3.4,7,3.2,2.8
10/14/2017 03:00:00,6.4,0,4.5,2
10/15/2017 03:00:00,0,0,0,0
10/16/2017 03:00:00,0,0,0,0
10/17/2017 03:00:00,0,2.5,0,0
10/18/2017 03:00:00,0,0,0,0
10/19/2017 03:00:00,0,0,0,0
10/20/2017 03:00:00,0,0,0,0
10/21/2017 03:00:00,0,86.9,0,2
10/22/2017 03:00:00,1.7,1.2,0,66.8
10/23/2017 03:00:00,10,100.6,0,36
10/24/2017 03:00:00,0.1,0,0,2.6
10/25/2017 03:00:00,0,0,0,0
10/26/2017 03:00:00,0,0.5,0,0
10/27/2017 03:00:00,0,0,0,0
10/28/2017 03:00:00,0,0,0,0
10/29/2017 03:00:00,0,0.8,0,0
10/30/2017 03:00:00,0,0,0,0
10/31/2017 03:00:00,0,0,0,0
11/01/2017 3:00,0,1.5,0,0
11/02/2017 3:00,0,0,0,0
11/03/2017 3:00,0,0,0,0
11/04/2017 3:00,0,0,0,0
11/05/2017 3:00,0,0,0,0
11/06/2017 3:00,0,0,0,0
11/07/2017 3:00,0,0,0,0
11/08/2017 3:00,0,0,0,0
11/09/2017 3:00,0,0,0,0
11/10/2017 3:00,0,0,0,0
11/11/2017 3:00,0,0,0,0
11/12/2017 3:00,0,0,0,0
11/13/2017 03:00:00,0,0,0,0
11/14/2017 03:00:00,0,0,0,0
11/15/2017 03:00:00,0,0,0,0
11/16/2017 03:00:00,0,0,0,0
11/17/2017 03:00:00,0.6,0,0,2.8
11/18/2017 03:00:00,0,0,0,0
11/19/2017 03:00:00,0,0,0,0
11/20/2017 03:00:00,0,0,0,0
11/21/2017 03:00:00,0,0,0,0
11/22/2017 03:00:00,0,0,0,0
11/23/2017 03:00:00,0,0,0,0
11/24/2017 03:00:00,0,0,0,0
11/25/2017 03:00:00,0,0,0,0
11/26/2017 03:00:00,0,0,0,0
11/27/2017 03:00:00,0,0,0,0
11/28/2017 03:00:00,0,0,0,0
11/29/2017 03:00:00,0,0,0,0
11/30/2017 03:00:00,0,0,0,0
12/01/2017 3:00,0,0,0,0
12/02/2017 3:00,0,0,0,0
12/03/2017 3:00,0,0,0,0
12/04/2017 3:00,0,0,0,0
12/05/2017 3:00,0,0,0,0
12/06/2017 3:00,0,0,0,0
12/07/2017 3:00,0,0,0,0
12/08/2017 3:00,0,0,0,0
12/09/2017 3:00,0,0,0,0
12/10/2017 3:00,0,0,0,0
12/11/2017 3:00,0,0,0,0
12/12/2017 3:00,0,0,0,0
12/13/2017 03:00:00,0,0,0,0
12/14/2017 03:00:00,0,0,0,0
12/15/2017 03:00:00,0,0,0,0
12/16/2017 03:00:00,0,0,0,0
12/17/2017 03:00:00,0,0,0,0
12/18/2017 03:00:00,0,0,0,0
12/19/2017 03:00:00,0,0,0,0
12/20/2017 03:00:00,0,0,0,0
12/21/2017 03:00:00,0,0,0,0
12/22/2017 03:00:00,0,0,0,0
12/23/2017 03:00:00,0,0,0,0
12/24/2017 03:00:00,0,0,0,0
12/25/2017 03:00:00,0,0,0,0
12/26/2017 03:00:00,0,0,0,0
12/27/2017 03:00:00,0,0,0,0
12/28/2017 03:00:00,0,0,0,0
12/29/2017 03:00:00,0,0,0,0
12/30/2017 03:00:00,0,0,0,0
12/31/2017 03:00:00,0,0,0,0
01/01/2018 3:00,0,0,0,0
01/02/2018 3:00,0,0,0,0
01/03/2018 3:00,0,0,0,0
01/04/2018 3:00,0,0,0,0
01/05/2018 3:00,0,0,0,0
01/06/2018 3:00,0,0,0,0
01/07/2018 3:00,0,0,0,0
01/08/2018 3:00,0,0,0,0
01/09/2018 3:00,0,0,0,0
01/10/2018 3:00,0,0,0,0
01/11/2018 3:00,0,0,0,0
01/12/2018 3:00,0,0,0,0
01/13/2018 03:00:00,0,0,0,0
01/14/2018 03:00:00,0,0,0,0
01/15/2018 03:00:00,0,0,0,0
01/16/2018 03:00:00,0,0,0,0
01/17/2018 03:00:00,0,0,0,0
01/18/2018 03:00:00,0,0,0,0
01/19/2018 03:00:00,0,0,0,0
01/20/2018 03:00:00,0,0,0,0
01/21/2018 03:00:00,0,0,0,0
01/22/2018 03:00:00,0,0,0,0
01/23/2018 03:00:00,0,0,0,0
01/24/2018 03:00:00,0.6,3.5,0,0
01/25/2018 03:00:00,0.8,0,0,0
01/26/2018 03:00:00,0,0,1.2,0
01/27/2018 03:00:00,0,1,1.8,0
01/28/2018 03:00:00,0,0,0,0
01/29/2018 03:00:00,0,0,0,0
01/30/2018 03:00:00,0,0,0,0
01/31/2018 03:00:00,0,0,0,0
02/01/2018 3:00,0,0,0,0
02/02/2018 3:00,0,0,0,0
02/03/2018 3:00,0,0,0,0
02/04/2018 3:00,0,0,0,0
02/05/2018 3:00,0,0,0,0
02/06/2018 3:00,0,0,0,0
02/07/2018 3:00,0,0,0,0
02/08/2018 3:00,0,0,0,0
02/09/2018 3:00,0,0,0,0
02/10/2018 3:00,0,0,0,0
02/11/2018 3:00,0,0,0,0
02/12/2018 3:00,0,0,0,0
02/13/2018 03:00:00,0,6.5,0,2
02/14/2018 03:00:00,0,0,0,2
02/15/2018 03:00:00,0,0,0,0
02/16/2018 03:00:00,0,0,0,0
02/17/2018 03:00:00,0,0,0,0
02/18/2018 03:00:00,0,0,0,0
02/19/2018 03:00:00,0,0,0,0
02/20/2018 03:00:00,0,0,0,0
02/21/2018 03:00:00,0,0,0,0
02/22/2018 03:00:00,0,0,0,0
02/23/2018 03:00:00,0,20,7,8.2
02/24/2018 03:00:00,0,0,0,0
02/25/2018 03:00:00,0,0,0,0
02/26/2018 03:00:00,0,1,6.2,2.8
02/27/2018 03:00:00,0,0,0,0
02/28/2018 03:00:00,0,2.5,0,0
03/01/2018 3:00,0,3.8,3.4,2
03/02/2018 3:00,6.1,1,0,2.2
03/03/2018 3:00,0.1,11.5,0,20
03/04/2018 3:00,0,0,0,0
03/05/2018 3:00,0,0,0,0
03/06/2018 3:00,0,0,0,0
03/07/2018 3:00,0,0,0,0
03/08/2018 3:00,0,0,0,0
03/09/2018 3:00,7.4,6.5,6,6
03/10/2018 3:00,20.2,3,0,0
03/11/2018 3:00,0,0.5,0,0
03/12/2018 3:00,4.6,4.2,0,4
03/13/2018 03:00:00,0.9,0,0,2.2
03/14/2018 03:00:00,0,0,0,0
03/15/2018 03:00:00,0,0,2,0
03/16/2018 03:00:00,6.5,26.5,6.2,6.4
03/17/2018 03:00:00,0,0,4.3,0
03/18/2018 03:00:00,0.8,0.5,0,0
03/19/2018 03:00:00,0,0,0,0
03/20/2018 03:00:00,0,0,0,0
03/21/2018 03:00:00,0,0,0,0
03/22/2018 03:00:00,0,0,0,0
03/23/2018 03:00:00,0,0,0,0
03/24/2018 03:00:00,0,0,0,0
03/25/2018 03:00:00,0,0,0,0
03/26/2018 03:00:00,0,1.2,0,2
03/27/2018 03:00:00,0,0,0,0
03/28/2018 03:00:00,0,0,1.2,0
03/29/2018 03:00:00,5.8,17.2,2,6
03/30/2018 03:00:00,0.7,2.4,0,2
03/31/2018 03:00:00,2.5,4,0,2.2
04/01/2018 3:00,0,0,0,0
04/02/2018 3:00,0,0,0,0
04/03/2018 3:00,0,0,0,0
04/04/2018 3:00,5.2,9.5,24,0
04/05/2018 3:00,31.6,33,0,20
04/06/2018 3:00,0,0,0,0
04/07/2018 3:00,3.8,0,0,10.2
04/08/2018 3:00,25.9,16,0,6
04/09/2018 3:00,0,0,0,0
04/10/2018 3:00,0.7,9.2,9.7,4
04/11/2018 3:00,12.9,2.2,7.5,2
04/12/2018 3:00,20.4,5.4,16.8,4
04/13/2018 03:00:00,8.4,20,23,10
04/14/2018 03:00:00,2.2,1.5,23,0
04/15/2018 03:00:00,0,0,0,0
04/16/2018 03:00:00,0,0.5,20,0
04/17/2018 03:00:00,25.3,5.5,18,10.2
04/18/2018 03:00:00,28.5,0,6.2,20.4
04/19/2018 03:00:00,4.7,9.2,37.5,2
04/20/2018 03:00:00,19.8,11,18,16
04/21/2018 03:00:00,0,0,16,0
04/22/2018 03:00:00,5.5,0,0,4.4
04/23/2018 03:00:00,0,0,0,0
04/24/2018 03:00:00,0,0,0,0
04/25/2018 03:00:00,0,0,0,0
04/26/2018 03:00:00,0,0,0,0
04/27/2018 03:00:00,1.8,1.4,0,0
04/28/2018 03:00:00,0,5.2,31.4,0
04/29/2018 03:00:00,21.6,21.5,16.3,38
04/30/2018 03:00:00,2.6,4.5,4.7,10.2
05/01/2018 3:00,1.2,2.5,3.5,4.8
05/02/2018 3:00,23.7,0,3.2,0
05/03/2018 3:00,11.3,108,5.2,40
05/04/2018 3:00,0.1,1.5,0,0
05/05/2018 3:00,13.6,37.4,33,40
05/06/2018 3:00,9.4,0,3.7,4.2
05/07/2018 3:00,0.5,0,8.4,6.4
05/08/2018 3:00,0,0,0,0
05/09/2018 3:00,11.4,0,1.7,4.4
05/10/2018 3:00,4.9,2.5,8.2,10
05/11/2018 3:00,0,0,10,0
05/12/2018 3:00,2.7,0,6.2,0
05/13/2018 03:00:00,32.7,0,8.6,12.8
05/14/2018 03:00:00,30.4,18,124.2,14.6
05/15/2018 03:00:00,0,1.5,1.5,0
05/16/2018 03:00:00,40.5,0,4,0
05/17/2018 03:00:00,20.7,12,5,14
05/18/2018 03:00:00,36.3,3.2,22.9,20.6
05/19/2018 03:00:00,0,0,6.3,0
05/20/2018 03:00:00,4.1,9,0,10
05/21/2018 03:00:00,0,0,0,0
05/22/2018 03:00:00,13,0,0,0
05/23/2018 03:00:00,1,10,0,4
05/24/2018 03:00:00,1.7,7.5,0,10.6
05/25/2018 03:00:00,6.4,0,0,8.8
05/26/2018 03:00:00,13.8,8.5,10,4.6
05/27/2018 03:00:00,49.4,15,23.2,10.4
05/28/2018 03:00:00,33.7,1,16,10.8
05/29/2018 03:00:00,0.7,1,2.5,0
05/30/2018 03:00:00,0.3,1.4,7.8,0
05/31/2018 03:00:00,73.7,3.5,0,20.2
06/01/2018 3:00,41.3,27,7,6.4
06/02/2018 3:00,1.7,0,112,4.2
06/03/2018 3:00,2.9,0,11,0
06/04/2018 3:00,0,0,0,0
06/05/2018 3:00,1,27,11.2,0
06/06/2018 3:00,0,0,0,0
06/07/2018 3:00,0,9,11.2,0
06/08/2018 3:00,26.3,43,0,94
06/09/2018 3:00,0,0,8.5,0
06/10/2018 3:00,0,7.2,0,0
06/11/2018 3:00,0.3,3,0,0
06/12/2018 3:00,5.7,82.9,37,20
06/13/2018 03:00:00,0.4,1.5,20.1,2.8
06/14/2018 03:00:00,3.1,6.5,0,0
06/15/2018 03:00:00,12.9,11.2,0,52
06/16/2018 03:00:00,29.5,26.5,10,84.2
06/17/2018 03:00:00,8,2.8,35.7,10
06/18/2018 03:00:00,1.2,31.5,13,12.6
06/19/2018 03:00:00,13.4,1.5,7,14.8
06/20/2018 03:00:00,12.8,1.5,0,84
06/21/2018 03:00:00,49,32.2,26.4,30
06/22/2018 03:00:00,14,26.2,30,42
06/23/2018 03:00:00,2.8,14,4,6.4
06/24/2018 03:00:00,33.2,17.2,14,36
06/25/2018 03:00:00,67.5,45.4,24,94
06/26/2018 03:00:00,29.2,89.5,75.2,114
06/27/2018 03:00:00,8.2,22.2,6,10
06/28/2018 03:00:00,1.2,21,45,8
06/29/2018 03:00:00,0,24.4,0,2.4
06/30/2018 03:00:00,0.2,42.5,70.2,4.6
07/01/2018 3:00,62,55.5,48.5,40
07/02/2018 3:00,9.6,11,17.8,4
07/03/2018 3:00,75.7,56.5,131.2,42.2
07/04/2018 3:00,63.5,5.7,66.2,52.4
07/05/2018 3:00,58.7,46.2,50,50.2
07/06/2018 3:00,3.2,8.2,0,8
07/07/2018 3:00,3.6,70.5,0,48.8
07/08/2018 3:00,23.6,13.7,4.5,16
07/09/2018 3:00,70,109.8,105,96
07/10/2018 3:00,32,12.8,25.2,54.2
07/11/2018 3:00,19.7,12.2,15.2,16
07/12/2018 3:00,11.5,94.7,29.9,20
07/13/2018 03:00:00,22.6,48.5,27.5,84
07/14/2018 03:00:00,12.7,231.2,6,38
07/15/2018 03:00:00,0,80.9,0,126
07/16/2018 03:00:00,26,138.2,10,16
07/17/2018 03:00:00,0,68,0,6.2
07/18/2018 03:00:00,12.5,103.2,11.5,0
07/19/2018 03:00:00,0,51.9,0,0
07/20/2018 03:00:00,0,0,0,0
07/21/2018 03:00:00,43.5,21.5,47.4,20
07/22/2018 03:00:00,1.8,25.5,9.2,38.4
07/23/2018 03:00:00,29.2,63.2,28.5,44
07/24/2018 03:00:00,0,1.5,0,0
07/25/2018 03:00:00,10.5,74.2,109,166.2
07/26/2018 03:00:00,36.5,69.9,48.5,42.4
07/27/2018 03:00:00,7,1.5,21.4,2
07/28/2018 03:00:00,25,14.2,2.2,4.4
07/29/2018 03:00:00,0,12,1.2,16
07/30/2018 03:00:00,36.2,38,6.7,36
07/31/2018 03:00:00,6.2,34.5,8.4,4
08/01/2018 3:00,3.9,39,21,10
08/02/2018 3:00,23.2,93.5,1.2,46.2
08/03/2018 3:00,13,96.6,10,10
08/04/2018 3:00,2.5,61.4,2.1,30.4
08/05/2018 3:00,60.2,43.7,57.6,38.6
08/06/2018 3:00,26,45.5,0,2
08/07/2018 3:00,2.7,4.7,3.8,0
08/08/2018 3:00,24.3,34,7.2,34.8
08/09/2018 3:00,0.3,63,30,2.2
08/10/2018 3:00,13.1,20.9,1.2,36.8
08/11/2018 3:00,43,70.4,1.8,40
08/12/2018 3:00,1.1,7.4,58.4,2
08/13/2018 03:00:00,5,31,7,36.8
08/14/2018 03:00:00,40.5,177,94.6,56.6
08/15/2018 03:00:00,41,147,0,38.4
08/16/2018 03:00:00,11.5,32,9.2,10
08/17/2018 03:00:00,17.7,24.5,8.2,52
08/18/2018 03:00:00,3,32,3.6,2.2
08/19/2018 03:00:00,29.8,3.5,36.2,4.6
08/20/2018 03:00:00,0,0,0,0
08/21/2018 03:00:00,23,70.2,3.8,10.8
08/22/2018 03:00:00,15.7,45.8,12.8,56
08/23/2018 03:00:00,9.5,27,18,46
08/24/2018 03:00:00,43.5,9.2,10.6,54.8
08/25/2018 03:00:00,21,83.4,40.1,50
08/26/2018 03:00:00,5.8,5.5,18.6,4
08/27/2018 03:00:00,1.1,36,10.4,0
08/28/2018 03:00:00,7.6,88.5,13.8,98.4
08/29/2018 03:00:00,10,34,11,12
08/30/2018 03:00:00,2.9,3.5,1,2
08/31/2018 03:00:00,98.5,73.5,60.2,46.6
09/01/2018 3:00,14,53,4.6,0
09/02/2018 3:00,0,18,0,6.8
09/03/2018 3:00,74.5,67,48.7,46
09/04/2018 3:00,0,74.5,2,0
09/05/2018 3:00,0,0.5,0,0
09/06/2018 3:00,6.1,0,0,0
09/07/2018 3:00,7.2,158.2,0,6.8
09/08/2018 3:00,0,0,0,38.6
09/09/2018 3:00,0,19.2,0,34.8
09/10/2018 3:00,21.6,36.2,10.2,94.6
09/11/2018 3:00,207,134.5,184.6,128
09/12/2018 3:00,6.4,28.2,23,10
09/13/2018 03:00:00,11.2,8.5,20.4,70
09/14/2018 03:00:00,11.3,6.2,11.2,10.2
09/15/2018 03:00:00,49,7,119.5,4.8
09/16/2018 03:00:00,71.2,23.5,45.2,60
09/17/2018 03:00:00,0.5,23,0,10
09/18/2018 03:00:00,0,0,0,0
09/19/2018 03:00:00,0,0,0,0
09/20/2018 03:00:00,0,0,0,0
09/21/2018 03:00:00,60,22.4,0,30
09/22/2018 03:00:00,3,3.4,2.6,4
09/23/2018 03:00:00,0,0.5,0,2.6
09/24/2018 03:00:00,0,0,11.5,0
09/25/2018 03:00:00,14.6,0,0,4.2
09/26/2018 03:00:00,0,38.2,0,0
09/27/2018 03:00:00,0,0,0,0
09/28/2018 03:00:00,0,8.5,0,0
09/29/2018 03:00:00,0,20.2,4.6,28
09/30/2018 03:00:00,0,34.5,0,0
10/01/2018 3:00,6.4,5.2,0,46
10/02/2018 3:00,0,6.4,62,0
10/03/2018 3:00,34.8,0,0,4
10/04/2018 3:00,11.5,8.5,0,4.2
10/05/2018 3:00,0,0,10.4,0
10/06/2018 3:00,0,0,0,0
10/07/2018 3:00,0,0,0,0
10/08/2018 3:00,0,0.5,0,0
10/09/2018 3:00,0,0,0,0
10/10/2018 3:00,0,0,0,0
10/11/2018 3:00,0,0.5,0,0
10/12/2018 3:00,0,17.5,0,0
10/13/2018 03:00:00,0,7,1.5,42
10/14/2018 03:00:00,0,0.5,0,6.8
10/15/2018 03:00:00,0,0,0,0
10/16/2018 03:00:00,0,0,0,0
10/17/2018 03:00:00,0,0.5,0,0
10/18/2018 03:00:00,0,0,0,2
10/19/2018 03:00:00,0,0,20,0
10/20/2018 03:00:00,0,0,19.2,0
10/21/2018 03:00:00,0,0,11.2,2
10/22/2018 03:00:00,4.7,0,2,2.2
10/23/2018 03:00:00,0,4.2,0,0
10/24/2018 03:00:00,0,0,0,0
10/25/2018 03:00:00,0,0,0,0
10/26/2018 03:00:00,0,0,0,0
10/27/2018 03:00:00,0,0,0,0
10/28/2018 03:00:00,0,0,0,0
10/29/2018 03:00:00,0,0,0,0
10/30/2018 03:00:00,0,0,0,0
10/31/2018 03:00:00,0,0,0,0
11/01/2018 3:00,0,0,0,0
11/02/2018 3:00,0,0,0,0
11/03/2018 3:00,0,0,0,0
11/04/2018 3:00,0,0,0,0
11/05/2018 3:00,0,0,0,0
11/06/2018 3:00,0,0,0,0
11/07/2018 3:00,0,0,0,0
11/08/2018 3:00,0,0,0,0
11/09/2018 3:00,0,0,0,0
11/10/2018 3:00,0,0,0,0
11/11/2018 3:00,0,0,0,0
11/12/2018 3:00,0,0,0,0
11/13/2018 03:00:00,0,3.5,0,0
11/14/2018 03:00:00,0,4.5,0,0
11/15/2018 03:00:00,0,0,0,0
11/16/2018 03:00:00,0,0,0,0
11/17/2018 03:00:00,0.6,0,0,0
11/18/2018 03:00:00,0,0,0,0
11/19/2018 03:00:00,0,0,0,0
11/20/2018 03:00:00,0,0,0,0
11/21/2018 03:00:00,0,0,0,0
11/22/2018 03:00:00,0,0,0,0
11/23/2018 03:00:00,0,0,0,0
11/24/2018 03:00:00,0,0,0,0
11/25/2018 03:00:00,0,0,0,0
11/26/2018 03:00:00,0,0,0,0
11/27/2018 03:00:00,0,0,0,0
11/28/2018 03:00:00,0,0,0,0
11/29/2018 03:00:00,0,0,0,0
11/30/2018 03:00:00,0,0,0,0
12/01/2018 3:00,0,0,0,0
12/02/2018 3:00,0,0,0,0
12/03/2018 3:00,0,0,0,0
12/04/2018 3:00,0,0,0,0
12/05/2018 3:00,0,0,0,0
12/06/2018 3:00,0,0,0,0
12/07/2018 3:00,0,0,0,0
12/08/2018 3:00,0,0,0,0
12/09/2018 3:00,0,0,0,0
12/10/2018 3:00,0,0,0,0
12/11/2018 3:00,0,0,0,0
12/12/2018 3:00,0,0,0,0
12/13/2018 03:00:00,0,0,0,0
12/14/2018 03:00:00,0,0,0,0
12/15/2018 03:00:00,0,0,0,0
12/16/2018 03:00:00,0,0,0,0
12/17/2018 03:00:00,0,0,0,0
12/18/2018 03:00:00,0,0,0,0
12/19/2018 03:00:00,0,0,0,0
12/20/2018 03:00:00,0,0,0,0
12/21/2018 03:00:00,0,0,0,0
12/22/2018 03:00:00,0,0,0,0
12/23/2018 03:00:00,0,0,0,0
12/24/2018 03:00:00,0,0,0,0
12/25/2018 03:00:00,0,0,0,0
12/26/2018 03:00:00,0,0,0,0
12/27/2018 03:00:00,0,0,0,0
12/28/2018 03:00:00,0,0,0,0
12/29/2018 03:00:00,0,0,0,0
12/30/2018 03:00:00,0,0,0,0
12/31/2018 03:00:00,0,0,0,0
01/01/2019 3:00,0,0,0,0
01/02/2019 3:00,0,0,0,0
01/03/2019 3:00,0,0,0,0
01/04/2019 3:00,0,0,0,0
01/05/2019 3:00,0,0,0,0
01/06/2019 3:00,0,0,0,0
01/07/2019 3:00,0,0,0,0
01/08/2019 3:00,0,0,0,0
01/09/2019 3:00,0,0,0,0
01/10/2019 3:00,0,0,0,0
01/11/2019 3:00,0,0,0,0
01/12/2019 3:00,0,0,0,0
01/13/2019 03:00:00,0,0,0,0
01/14/2019 03:00:00,0,0,0,0
01/15/2019 03:00:00,0,0,0,0
01/16/2019 03:00:00,0,0,0,0
01/17/2019 03:00:00,0,0,0,0
01/18/2019 03:00:00,0,0,0,0
01/19/2019 03:00:00,0,0,0,0
01/20/2019 03:00:00,0,0,0.6,0
01/21/2019 03:00:00,0,0,0,0
01/22/2019 03:00:00,0,0,5.6,0
01/23/2019 03:00:00,4.1,16,0,4
01/24/2019 03:00:00,1,1,0,0
01/25/2019 03:00:00,0,0,0,0
01/26/2019 03:00:00,28,56.5,29.5,36.2
01/27/2019 03:00:00,1.7,3,1.5,0
01/28/2019 03:00:00,0,0.4,0,0
01/29/2019 03:00:00,0,0,0,0
01/30/2019 03:00:00,0,0,0,0
01/31/2019 03:00:00,0,0,0,0
02/01/2019 3:00,0,0,0,0
02/02/2019 3:00,0,0,0,0
02/03/2019 3:00,0,0,0,0
02/04/2019 3:00,0,0,0,0
02/05/2019 3:00,0,0,0,0
02/06/2019 3:00,5.5,0,0,0
02/07/2019 3:00,22.8,12,6,4
02/08/2019 3:00,35.7,21.5,26,10
02/09/2019 3:00,0,47,29.8,36.2
02/10/2019 3:00,0,0,0,0
02/11/2019 3:00,0,0,0,0
02/12/2019 3:00,0,0,0,0
02/13/2019 03:00:00,0,0,0,0
02/14/2019 03:00:00,0,0,0,0
02/15/2019 03:00:00,0.5,5.2,1,16
02/16/2019 03:00:00,19.2,22.5,2,0
02/17/2019 03:00:00,0,0.5,1,0
02/18/2019 03:00:00,1.6,0,0,0
02/19/2019 03:00:00,9.3,3.4,9.4,2
02/20/2019 03:00:00,0,0,1.2,0
02/21/2019 03:00:00,0,0,13.5,0
02/22/2019 03:00:00,0,0,0,0
02/23/2019 03:00:00,0,0,0,0
02/24/2019 03:00:00,0,0,0,0
02/25/2019 03:00:00,0.1,2.5,0,0
02/26/2019 03:00:00,0,0,0,2.4
02/27/2019 03:00:00,8.2,12.5,4.4,4.8
02/28/2019 03:00:00,10.6,14.7,2.8,10
03/01/2019 3:00,10.2,0,5.2,0
03/02/2019 3:00,0,0,0,0
03/03/2019 3:00,0.9,3.4,1.2,0
03/04/2019 3:00,0.8,0,0,4
03/05/2019 3:00,5.9,0,2,2.6
03/06/2019 3:00,0.2,2.5,0,30
03/07/2019 3:00,0,0,0,0
03/08/2019 3:00,0,0,7,0
03/09/2019 3:00,8.4,10.4,2,0
03/10/2019 3:00,0.5,0.5,0,0
03/11/2019 3:00,0,0,0,0
03/12/2019 3:00,0,0,0,0
03/13/2019 03:00:00,0,0,0,0
03/14/2019 03:00:00,0,0,0,10
03/15/2019 03:00:00,0,0.4,0,4.2
03/16/2019 03:00:00,0,0,0,3
03/17/2019 03:00:00,0,0,0,0
03/18/2019 03:00:00,0,0,3.5,0
03/19/2019 03:00:00,0,0,0,0
03/20/2019 03:00:00,0.7,4.2,14.8,0
03/21/2019 03:00:00,4.4,3.2,0,0
03/22/2019 03:00:00,0,0,0,0
03/23/2019 03:00:00,0,0,0,0
03/24/2019 03:00:00,0,0,0,0
03/25/2019 03:00:00,0,0,3,0
03/26/2019 03:00:00,0.8,0,10.4,0
03/27/2019 03:00:00,14.4,7,0,0
03/28/2019 03:00:00,0,0,0,20.8
03/29/2019 03:00:00,0,0,15.5,10.4
03/30/2019 03:00:00,13.9,0.5,20.8,0
03/31/2019 03:00:00,30.1,14,18,10
04/01/2019 3:00,7.7,9.5,28.5,6.4
04/02/2019 3:00,0,4.2,0,0
04/03/2019 3:00,0,0,0,0
04/04/2019 3:00,0.2,7.5,0,4.8
04/05/2019 3:00,6.6,16.5,6,20
04/06/2019 3:00,5,0,17,0
04/07/2019 3:00,7,10,6,18.8
04/08/2019 3:00,0.7,0.5,0.5,2
04/09/2019 3:00,0,4.5,0,0
04/10/2019 3:00,0,0,0,0
04/11/2019 3:00,0.2,0,0,4.6
04/12/2019 3:00,0,0,0,0
04/13/2019 03:00:00,0.4,5.4,34.6,0
04/14/2019 03:00:00,6,5.5,0,18
04/15/2019 03:00:00,19.4,26.2,2.8,12.2
04/16/2019 03:00:00,15.8,46.3,0,4
04/17/2019 03:00:00,18.3,32.5,19.5,30.4
04/18/2019 03:00:00,0.5,1.5,0,2
04/19/2019 03:00:00,0,6.5,0,0
04/20/2019 03:00:00,0,0,0,0
04/21/2019 03:00:00,0,0,0,0
04/22/2019 03:00:00,1,10.5,11.2,0
04/23/2019 03:00:00,6.6,1.7,0,6
04/24/2019 03:00:00,0,0,0,0
04/25/2019 03:00:00,0,0.5,0,0
04/26/2019 03:00:00,10.5,9.5,4,2
04/27/2019 03:00:00,2,2.4,4,2.6
04/28/2019 03:00:00,18,12.5,42,4.8
04/29/2019 03:00:00,0,0,0,6
04/30/2019 03:00:00,54.5,18.8,43.6,46
05/01/2019 3:00,7.7,0,2.5,2.2
05/02/2019 3:00,7.7,4.4,7,4.8
05/03/2019 3:00,0,0,0,0
05/04/2019 3:00,0,0,0,0
05/05/2019 3:00,11.3,0,45.4,8
05/06/2019 3:00,11.7,0,10,10.4
05/07/2019 3:00,0,0,0,0
05/08/2019 3:00,0,0,0,0
05/09/2019 3:00,0,0,0,0
05/10/2019 3:00,0,0,3,0
05/11/2019 3:00,0,0,0,0
05/12/2019 3:00,0,0.7,0,0
05/13/2019 03:00:00,10,18.7,4.4,4.6
05/14/2019 03:00:00,8.4,13.5,14.4,4
05/15/2019 03:00:00,14.6,37.5,6.2,4.2
05/16/2019 03:00:00,20.1,12.2,11,0
05/17/2019 03:00:00,23.4,2.5,13.3,42
05/18/2019 03:00:00,0,0,2.5,2
05/19/2019 03:00:00,0,4.2,0,50
05/20/2019 03:00:00,0,0,0,36.8
05/21/2019 03:00:00,11.2,2,28.3,20.4
05/22/2019 03:00:00,63.6,15,23.5,6.8
05/23/2019 03:00:00,39,20.5,0,8.8
05/24/2019 03:00:00,1.8,11.4,22,4
05/25/2019 03:00:00,9.4,0,60,18.6
05/26/2019 03:00:00,37.2,0,0,48
05/27/2019 03:00:00,0.6,0,33,0
05/28/2019 03:00:00,58.5,69.2,0,90.4
05/29/2019 03:00:00,0.3,3.5,0,0
05/30/2019 03:00:00,13.5,1.5,0,10.8
05/31/2019 03:00:00,0,33.4,0,0
06/01/2019 3:00,35,11.5,10,4
06/02/2019 3:00,9,0,13.6,4.6
06/03/2019 3:00,44.1,20,50,48.8
06/04/2019 3:00,0,0,3,0
06/05/2019 3:00,5.3,14.7,2.5,14.4
06/06/2019 3:00,1.5,8.4,0,8.8
06/07/2019 3:00,16.5,27.5,92,14
06/08/2019 3:00,0,0,52.4,0
06/09/2019 3:00,38.4,5.4,40,48.6
06/10/2019 3:00,11.5,9.5,0,4
06/11/2019 3:00,29,25.2,18.5,50.8
06/12/2019 3:00,0.2,0,0,54
06/13/2019 03:00:00,1.4,0,0,0
06/14/2019 03:00:00,0,0,0,0
06/15/2019 03:00:00,83.2,0,59.3,4
06/16/2019 03:00:00,2.3,0,17.4,0
06/17/2019 03:00:00,89.2,0,26,36
06/18/2019 03:00:00,17.8,23.5,19.6,10.6
06/19/2019 03:00:00,0.5,10.5,3.2,2
06/20/2019 03:00:00,0.6,4.5,0,0
06/21/2019 03:00:00,0,0,0,0
06/22/2019 03:00:00,15,4.4,19,90.2
06/23/2019 03:00:00,48.5,87.2,46.5,50.8
06/24/2019 03:00:00,10,11.5,9.3,0
06/25/2019 03:00:00,0,24.5,0,10
06/26/2019 03:00:00,32.8,25.7,21.8,36
06/27/2019 03:00:00,15,3.4,5.2,14.2
06/28/2019 03:00:00,64.8,13,43.2,12.2
06/29/2019 03:00:00,19.8,14.2,23.4,50.8
06/30/2019 03:00:00,16.9,37.2,21.4,18
07/01/2019 3:00,0.5,4.2,8.4,0
07/02/2019 3:00,18,1.5,68.3,0
07/03/2019 3:00,40.5,84.2,0,78
07/04/2019 3:00,0,53.5,4,0
07/05/2019 3:00,34.2,117.9,3.2,90.2
07/06/2019 3:00,70.1,109.8,20.8,86
07/07/2019 3:00,0,35.5,0,2
07/08/2019 3:00,9.2,59.5,5.8,120
07/09/2019 3:00,4.8,87.7,5,18.4
07/10/2019 3:00,13.1,16.5,16.2,16
07/11/2019 3:00,2.4,29.4,5.8,36.2
07/12/2019 3:00,0.5,23.5,2,10
07/13/2019 03:00:00,5.1,26,5,12.8
07/14/2019 03:00:00,36.6,34.6,27,10.4
07/15/2019 03:00:00,25.8,23,23.8,76
07/16/2019 03:00:00,87.5,15.4,58.2,38
07/17/2019 03:00:00,0,0,21,0
07/18/2019 03:00:00,28.3,1.4,5.6,2
07/19/2019 03:00:00,60,12.5,1.2,4.2
07/20/2019 03:00:00,5.3,28.5,0,2.4
07/21/2019 03:00:00,12.8,47.9,44.2,10
07/22/2019 03:00:00,2,5.2,3.4,12.2
07/23/2019 03:00:00,17.9,42.5,3.4,40.4
07/24/2019 03:00:00,17.1,35.5,7.8,38
07/25/2019 03:00:00,3.4,9.5,2,2.8
07/26/2019 03:00:00,20.5,50.5,2,60
07/27/2019 03:00:00,18.6,38.2,12.2,50.2
07/28/2019 03:00:00,0,70.4,6,0
07/29/2019 03:00:00,0,31.4,0,2
07/30/2019 03:00:00,1.8,21.7,0,0
07/31/2019 03:00:00,9,11.2,0,10
08/01/2019 3:00,12.3,170.1,0,10.4
08/02/2019 3:00,0.3,60.2,52,0
08/03/2019 3:00,3.4,86.9,0,6.8
08/04/2019 3:00,2.5,43.7,8.4,30.2
08/05/2019 3:00,53.8,74,0,84
08/06/2019 3:00,4.6,12.7,21.1,42.6
08/07/2019 3:00,0,5.5,2,10
08/08/2019 3:00,2.6,19.5,1.8,2
08/09/2019 3:00,14.6,62.2,0,36
08/10/2019 3:00,0,0,19.6,0
08/11/2019 3:00,35,86.7,30.2,46.4
08/12/2019 3:00,0,1,0,0
08/13/2019 03:00:00,5.5,19,2,2
08/14/2019 03:00:00,0.1,8.5,0,0
08/15/2019 03:00:00,13.6,46.2,6,2
08/16/2019 03:00:00,6.8,12.7,14.6,4
08/17/2019 03:00:00,0,180.9,0,6
08/18/2019 03:00:00,0,30.5,0,0
08/19/2019 03:00:00,6.9,96.7,0,4
08/20/2019 03:00:00,6.2,59.5,27.2,10.2
08/21/2019 03:00:00,3.4,43.5,0,9.8
08/22/2019 03:00:00,34.6,85,0,36
08/23/2019 03:00:00,0,2.7,0,0
08/24/2019 03:00:00,53.9,72.5,53,46.6
08/25/2019 03:00:00,13.4,33.5,14,22.8
08/26/2019 03:00:00,0.1,0,0,0
08/27/2019 03:00:00,1.8,12,3.8,4
08/28/2019 03:00:00,0,0,0,0
08/29/2019 03:00:00,42.5,58.5,10,44
08/30/2019 03:00:00,0,0.5,0,0
08/31/2019 03:00:00,0,56.9,0,0
09/01/2019 3:00,25.6,37.5,26,86.8
09/02/2019 3:00,2.9,1.5,2.4,0
09/03/2019 3:00,29.4,1.4,0,4.4
09/04/2019 3:00,107.5,64,50.3,44
09/05/2019 3:00,1,38.5,46.3,0
09/06/2019 3:00,3.7,45.5,4.6,2
09/07/2019 3:00,66.5,49.5,71.8,44
09/08/2019 3:00,0,0,0,4.2
09/09/2019 3:00,0,42.5,0,6.8
09/10/2019 3:00,5,78.2,9.8,10
09/11/2019 3:00,58.7,88.5,24.3,6
09/12/2019 3:00,8.1,116.3,3.8,90
09/13/2019 03:00:00,5.8,63.9,11,10.2
09/14/2019 03:00:00,6.8,17.5,3.2,12
09/15/2019 03:00:00,1.4,12.5,2,30
09/16/2019 03:00:00,71,24,66.8,94.4
09/17/2019 03:00:00,76,208,49.5,90.6
09/18/2019 03:00:00,3.7,4,5.2,4
09/19/2019 03:00:00,23.5,26.2,25.5,10.8
09/20/2019 03:00:00,0.2,0,2.3,0
09/21/2019 03:00:00,0,22.7,0,0
09/22/2019 03:00:00,45.1,14.5,58.6,12
09/23/2019 03:00:00,0.3,0,2,0
09/24/2019 03:00:00,7.8,20.7,58.5,36
09/25/2019 03:00:00,35.1,83.2,9.4,38.8
09/26/2019 03:00:00,18.1,50,0,26
09/27/2019 03:00:00,1.3,12.5,2.2,10
09/28/2019 03:00:00,2.9,5.2,2,2.2
09/29/2019 03:00:00,4.7,21.2,0,6
09/30/2019 03:00:00,0,0,0,0
10/01/2019 3:00,1.4,58.9,0,48
10/02/2019 3:00,37.7,12.5,12,36
10/03/2019 3:00,0,0,0,0
10/04/2019 3:00,0.1,3.5,0,80
10/05/2019 3:00,67,4.5,0,25.5
10/06/2019 3:00,18,0,5.6,0
10/07/2019 3:00,0,121.2,0,2
10/08/2019 3:00,25.3,15.4,0,30
10/09/2019 3:00,5.1,15.2,8.2,36
10/10/2019 3:00,11.7,0,0,0
10/11/2019 3:00,33.8,0,0,4.4
10/12/2019 3:00,0,2.7,0,10
10/13/2019 03:00:00,0,6.5,6.5,0
10/14/2019 03:00:00,0,0,0,0
10/15/2019 03:00:00,0,4.2,0,0
10/16/2019 03:00:00,0,0,8.2,0
10/17/2019 03:00:00,0,0,0,0
10/18/2019 03:00:00,0,0,0,0
10/19/2019 03:00:00,0,0,0,0
10/20/2019 03:00:00,0,0,0,0
10/21/2019 03:00:00,0,0,0,0
10/22/2019 03:00:00,0,0,0,0
10/23/2019 03:00:00,0,0,0,0
10/24/2019 03:00:00,0,0,0,0
10/25/2019 03:00:00,0,0,0,0
10/26/2019 03:00:00,0,0,0,0
10/27/2019 03:00:00,0,0,0,0
10/28/2019 03:00:00,0,1,0,0
10/29/2019 03:00:00,0,0,0,0
10/30/2019 03:00:00,0,0,0,0
10/31/2019 03:00:00,0,0,0,0
11/01/2019 3:00,0,0,0,0
11/02/2019 3:00,0,0,0,0
11/03/2019 3:00,0,0,0,0
11/04/2019 3:00,0,0,0,0
11/05/2019 3:00,9.2,10,0,0
11/06/2019 3:00,0,0,0,0
11/07/2019 3:00,0,0,0,0
11/08/2019 3:00,0,0,0,0
11/09/2019 3:00,0,0,0,0
11/10/2019 3:00,0,0,0,0
11/11/2019 3:00,0,0,0,0
11/12/2019 3:00,0,0,0,0
11/13/2019 03:00:00,0,0,0,0
11/14/2019 03:00:00,0,0,0,0
11/15/2019 03:00:00,0,0,0,0
11/16/2019 03:00:00,0,0,0,0
11/17/2019 03:00:00,0,0,0,0
11/18/2019 03:00:00,0,0,0,0
11/19/2019 03:00:00,0,0,0,0
11/20/2019 03:00:00,0,0,0,0
11/21/2019 03:00:00,0,0,0,0
11/22/2019 03:00:00,0,0,0,0
11/23/2019 03:00:00,0,0,0,0
11/24/2019 03:00:00,0,0,0,0
11/25/2019 03:00:00,0,0,0,0
11/26/2019 03:00:00,0,0,0,0
11/27/2019 03:00:00,0,0,0,0
11/28/2019 03:00:00,0,0,0,0
11/29/2019 03:00:00,0,0,0,0
11/30/2019 03:00:00,0,0,0,0
12/01/2019 3:00,0,0,0,0
12/02/2019 3:00,0,0,0,0
12/03/2019 3:00,0,0,0,0
12/04/2019 3:00,0,0,0,0
12/05/2019 3:00,0,0,0,0
12/06/2019 3:00,0,0,0,0
12/07/2019 3:00,0,0,0,0
12/08/2019 3:00,0,0,0,0
12/09/2019 3:00,0,0,0,0
12/10/2019 3:00,0,0,0,0
12/11/2019 3:00,0,0,0,0
12/12/2019 3:00,0,0,0,0
12/13/2019 03:00:00,0,4.7,33.4,2.6
12/14/2019 03:00:00,39.6,50.9,0,46.2
12/15/2019 03:00:00,0,0,0,0
12/16/2019 03:00:00,0,0,0,0
12/17/2019 03:00:00,0,0,0,0
12/18/2019 03:00:00,0,0,0,0
12/19/2019 03:00:00,0,0,0,0
12/20/2019 03:00:00,0,0,0,0
12/21/2019 03:00:00,0,0,0,0
12/22/2019 03:00:00,0,0,0,0
12/23/2019 03:00:00,0,0,0,0
12/24/2019 03:00:00,0,0,0,0
12/25/2019 03:00:00,0,0,0,0
12/26/2019 03:00:00,0,0,0,0
12/27/2019 03:00:00,0,0,0,0
12/28/2019 03:00:00,0,0,0,0
12/29/2019 03:00:00,0,0,0,0
12/30/2019 03:00:00,0,0,0,0
12/31/2019 03:00:00,0,0,0,0
01/01/2020 3:00,0,0,0,0
01/02/2020 3:00,0,0,0,0
01/03/2020 3:00,0.01,0,0,0
01/04/2020 3:00,30.9,25,0,36
01/05/2020 3:00,1.9,1,24.8,4
01/06/2020 3:00,0,0.9,0,0
01/07/2020 3:00,0,0,0,0
01/08/2020 3:00,0.01,0,0,0
01/09/2020 3:00,3.5,3.2,0,0
01/10/2020 3:00,0.7,0,4.8,0
01/11/2020 3:00,0,0,1.5,0
01/12/2020 3:00,0.3,0,0,0
01/13/2020 03:00:00,0,0,0,0
01/14/2020 03:00:00,0,0,0,0
01/15/2020 03:00:00,0,0,0,0
01/16/2020 03:00:00,0.7,6.2,0,0
01/17/2020 03:00:00,22.5,45.5,0,18
01/18/2020 03:00:00,10,10.5,23.4,8.4
01/19/2020 03:00:00,0.01,0,9.2,0
01/20/2020 03:00:00,0,0,0,0
01/21/2020 03:00:00,0,0,0,0
01/22/2020 03:00:00,0,0,0,0
01/23/2020 03:00:00,0,0,0,0
01/24/2020 03:00:00,0,0,0,0
01/25/2020 03:00:00,0,0,0,0
01/26/2020 03:00:00,0,0,0,0
01/27/2020 03:00:00,0.01,0,0,0
01/28/2020 03:00:00,0,0,0,0
01/29/2020 03:00:00,0,0.2,0,10
01/30/2020 03:00:00,2.9,6.5,0,0
01/31/2020 03:00:00,0.4,0,0,0
02/01/2020 3:00,0,0,0,0
02/02/2020 3:00,0,0,0,0
02/03/2020 3:00,0,0,0,0
02/04/2020 3:00,0,0,0,0
02/05/2020 3:00,0,0,0,0
02/06/2020 3:00,0,0,0,0
02/07/2020 3:00,0,0,0,0
02/08/2020 3:00,0,0,0,0
02/09/2020 3:00,3.1,12.6,1.5,6.2
02/10/2020 3:00,0,0,0,0
02/11/2020 3:00,0,0,0,0
02/12/2020 3:00,0,0,0,0
02/13/2020 03:00:00,0,0,0,0
02/14/2020 03:00:00,0,0,0,0
02/15/2020 03:00:00,0,0,0,0
02/16/2020 03:00:00,0,0,0,0
02/17/2020 03:00:00,0,0,0,0
02/18/2020 03:00:00,0,0,0,0
02/19/2020 03:00:00,0,0,0,0
02/20/2020 03:00:00,0,0,0,0
02/21/2020 03:00:00,0,0.5,0,0
02/22/2020 03:00:00,1.8,9.2,0,4.2
02/23/2020 03:00:00,0,0,0,0
02/24/2020 03:00:00,0,9.2,0,0
02/25/2020 03:00:00,2.3,6.2,0,4.8
02/26/2020 03:00:00,14.1,18,15.8,8
02/27/2020 03:00:00,0.01,0,0,0
02/28/2020 03:00:00,0,0,0,0
02/29/2020 03:00:00,0,0,0,0
03/01/2020 3:00,0,0,0,0
03/02/2020 3:00,0.7,0.01,0,2
03/03/2020 3:00,0,0,0,0
03/04/2020 3:00,36.6,11.5,6,4
03/05/2020 3:00,0.8,2.3,0,10
03/06/2020 3:00,0,2.4,0,2
03/07/2020 3:00,25.8,22.3,24.2,12.2
03/08/2020 3:00,0,0.01,0,0
03/09/2020 3:00,0,0,0,0
03/10/2020 3:00,0,0,0,0
03/11/2020 3:00,0,0,0,0
03/12/2020 3:00,0,0,0,0
03/13/2020 03:00:00,0,0,0,0
03/14/2020 03:00:00,0.01,0,0,0
03/15/2020 03:00:00,2.1,6,0,10
03/16/2020 03:00:00,0,0,0,0
03/17/2020 03:00:00,0,0,0,0
03/18/2020 03:00:00,0.2,0,0,0
03/19/2020 03:00:00,10.9,0,7.3,2.4
03/20/2020 03:00:00,8,6,27.6,4
03/21/2020 03:00:00,2.6,1.7,1.5,0
03/22/2020 03:00:00,0,0,1.8,0
03/23/2020 03:00:00,0.01,1.5,3,0
03/24/2020 03:00:00,0,0,0,0
03/25/2020 03:00:00,0,0,0,0
03/26/2020 03:00:00,18.9,30,16,12.8
03/27/2020 03:00:00,0,0,0,0
03/28/2020 03:00:00,0.2,0.01,0,0
03/29/2020 03:00:00,0,0,0,0
03/30/2020 03:00:00,0,0,0,0
03/31/2020 03:00:00,0,0,0,0
04/01/2020 3:00,2.9,4.6,0,0
04/02/2020 3:00,39.4,9.8,22.2,10.6
04/03/2020 3:00,0,0,0,0
04/04/2020 3:00,0,0,0,0
04/05/2020 3:00,0.2,11.4,0,2
04/06/2020 3:00,0,0,0,0
04/07/2020 3:00,0,0,0,0
04/08/2020 3:00,0,0,0,0
04/09/2020 3:00,0,0,0,0
04/10/2020 3:00,0.01,1.2,0,4.2
04/11/2020 3:00,0,0,0,0
04/12/2020 3:00,0,2.4,3,0
04/13/2020 03:00:00,0,0,0,6
04/14/2020 03:00:00,42.3,35.6,38.4,36.2
04/15/2020 03:00:00,4.1,17.2,2.6,6.8
04/16/2020 03:00:00,11.7,33,19.6,10
04/17/2020 03:00:00,11,2.7,12.8,10.6
04/18/2020 03:00:00,24.6,17.5,56,46
04/19/2020 03:00:00,1.6,3.6,23,6
04/20/2020 03:00:00,1.8,13.1,5,4.2
04/21/2020 03:00:00,6.4,15,8.3,6
04/22/2020 03:00:00,2.8,9,9,4.2
04/23/2020 03:00:00,0.9,5.8,2,2
04/24/2020 03:00:00,11.9,7.3,10,6
04/25/2020 03:00:00,1.9,3.8,36,2
04/26/2020 03:00:00,13.6,10.8,8,0
04/27/2020 03:00:00,40,49.9,45.2,52
04/28/2020 03:00:00,4.3,13,11.3,6.4
04/29/2020 03:00:00,1.7,19.4,3.6,0
04/30/2020 03:00:00,9,18.5,6.8,6
05/01/2020 3:00,9.5,7.2,6.2,4
05/02/2020 3:00,0,1.5,0,0
05/03/2020 3:00,0.01,0,0,0
05/04/2020 3:00,73.2,45.5,25.6,40
05/05/2020 3:00,3.5,1.7,3.5,2
05/06/2020 3:00,0.5,2,2.5,0
05/07/2020 3:00,4.5,3.5,3.6,0
05/08/2020 3:00,2,7.5,5.8,0
05/09/2020 3:00,0.01,0,2.5,0
05/10/2020 3:00,6.8,6.5,17,42
05/11/2020 3:00,4.4,0,1.5,0
05/12/2020 3:00,0,0,0,10
05/13/2020 03:00:00,22.9,4,2.5,4.2
05/14/2020 03:00:00,12.8,1.5,4.5,2
05/15/2020 03:00:00,6,7.5,14.5,6
05/16/2020 03:00:00,20.5,5,8,38
05/17/2020 03:00:00,12.3,0,27,36
05/18/2020 03:00:00,0.01,1.4,12,0
05/19/2020 03:00:00,50.2,1,16,0
05/20/2020 03:00:00,0.9,14.8,0,0
05/21/2020 03:00:00,0,0,0,0
05/22/2020 03:00:00,0,2,0,2
05/23/2020 03:00:00,76,32.5,90.6,38.2
05/24/2020 03:00:00,10.8,12.1,11,42.6
05/25/2020 03:00:00,31.5,1.3,17,16
05/26/2020 03:00:00,19.8,23.1,38.4,6.8
05/27/2020 03:00:00,52.9,9.6,54.3,36
05/28/2020 03:00:00,19.5,73.1,5.8,6
05/29/2020 03:00:00,3.4,14.3,56.2,44.6
05/30/2020 03:00:00,0.2,3.2,0,0
05/31/2020 03:00:00,0.4,3.7,0,2
06/01/2020 3:00,2,0.4,0,4.2
06/02/2020 3:00,0.01,0.3,0,3
06/03/2020 3:00,5.2,3.4,0,6
06/04/2020 3:00,10.9,13,12,4.8
06/05/2020 3:00,6.2,10,13,2.6
06/06/2020 3:00,19.1,24.1,23.5,10
06/07/2020 3:00,35.5,19.5,11,40
06/08/2020 3:00,54.6,30.4,7,42
06/09/2020 3:00,101.2,7,35.2,12.8
06/10/2020 3:00,0,2,2.5,22
06/11/2020 3:00,0.01,10.5,0,2.4
06/12/2020 3:00,8.6,12,0,40
06/13/2020 03:00:00,2.6,38.5,4.2,42
06/14/2020 03:00:00,11,68.1,8.2,16
06/15/2020 03:00:00,60.8,89.7,22.4,36.6
06/16/2020 03:00:00,23.6,31.2,31.8,140
06/17/2020 03:00:00,18.6,41.7,30.4,8
06/18/2020 03:00:00,12.7,77.5,8,2.8
06/19/2020 03:00:00,47.7,55.5,64.3,90.6
06/20/2020 03:00:00,74,77.4,88.2,100
06/21/2020 03:00:00,32.8,38,28.4,46.4
06/22/2020 03:00:00,6.5,27.5,7.8,6
06/23/2020 03:00:00,11.7,13.3,14,10
06/24/2020 03:00:00,2.6,16.5,9.6,12
06/25/2020 03:00:00,0.01,16.6,12.8,0
06/26/2020 03:00:00,4.5,4.5,57.7,0
06/27/2020 03:00:00,82.9,90.4,4.6,50.4
06/28/2020 03:00:00,19.4,34.7,38,2
06/29/2020 03:00:00,41,116.1,29.6,54
06/30/2020 03:00:00,39.8,27.2,0,78
07/01/2020 3:00,0,11.3,0,10.6
07/02/2020 3:00,0.01,2,8,0
07/03/2020 3:00,48.5,75.5,28.4,60.4
07/04/2020 3:00,34.8,1.4,0,16.8
07/05/2020 3:00,0.1,2.2,21.2,0
07/06/2020 3:00,28.7,47.9,30,42
07/07/2020 3:00,33.8,83.3,0,48
07/08/2020 3:00,3.6,6,78,10.2
07/09/2020 3:00,132.5,115,180.8,70
07/10/2020 3:00,250.9,84.3,14.8,160.8
07/11/2020 3:00,16.7,9.6,118.5,10
07/12/2020 3:00,142.6,82.7,5.7,44
07/13/2020 03:00:00,33.7,23,32.2,6.2
07/14/2020 03:00:00,26.8,67.5,19.6,4.6
07/15/2020 03:00:00,23.3,17.6,0,16.4
07/16/2020 03:00:00,2.2,88.7,0,36.8
07/17/2020 03:00:00,20.9,167.5,4.8,76
07/18/2020 03:00:00,15.7,27.2,116,16.6
07/19/2020 03:00:00,37.7,73.5,36.8,42
07/20/2020 03:00:00,97.5,75.2,10.2,84
07/21/2020 03:00:00,118.7,56.2,132.8,50.2
07/22/2020 03:00:00,8.8,19.2,75.7,26.4
07/23/2020 03:00:00,51.9,52.4,80.3,60
07/24/2020 03:00:00,58.3,45.6,45.4,58
07/25/2020 03:00:00,0.7,2.1,3,2
07/26/2020 03:00:00,0.5,7.6,117.3,0
07/27/2020 03:00:00,144.7,171.7,17.3,90.8
07/28/2020 03:00:00,6.9,13.6,6.4,40
07/29/2020 03:00:00,90.6,107.2,6.8,46
07/30/2020 03:00:00,0.6,38.2,118.5,4.8
07/31/2020 03:00:00,58.8,4.2,0,76
08/01/2020 3:00,96.7,58.1,50.2,86
08/02/2020 3:00,8.2,54,6.8,48
08/03/2020 3:00,0,8.7,0,0
08/04/2020 3:00,0.7,3.2,0,0
08/05/2020 3:00,53,58,42.3,36.6
08/06/2020 3:00,23,81.8,30,38.8
08/07/2020 3:00,3.1,3.7,3,4.2
08/08/2020 3:00,1.1,73.8,3.2,50
08/09/2020 3:00,5.7,13.7,7.8,4
08/10/2020 3:00,136.8,151.7,158.7,124
08/11/2020 3:00,45.6,12.1,97.3,84
08/12/2020 3:00,54.7,94.4,45.7,44
08/13/2020 03:00:00,24,106.2,16.8,40
08/14/2020 03:00:00,5.2,86.6,0,42
08/15/2020 03:00:00,141.1,85,63,100
08/16/2020 03:00:00,5.9,38,0,26.2
08/17/2020 03:00:00,1.6,2,43,0
08/18/2020 03:00:00,16.8,37.5,21.8,50
08/19/2020 03:00:00,17.2,35.4,52,2
08/20/2020 03:00:00,0.3,3.5,1,0
08/21/2020 03:00:00,10.6,63,10,96
08/22/2020 03:00:00,0.01,3,0,0
08/23/2020 03:00:00,30,17,58,16
08/24/2020 03:00:00,78.5,30.4,20.6,42
08/25/2020 03:00:00,65.3,59.9,147,40
08/26/2020 03:00:00,0,1.5,,0
08/27/2020 03:00:00,1.5,40.2,13.7,46
08/28/2020 03:00:00,4,63.8,19,6
08/29/2020 03:00:00,7.5,25,4.6,6
08/30/2020 03:00:00,1.4,5.4,68,2.8
08/31/2020 03:00:00,25.7,13.1,35,6
09/01/2020 3:00,127.5,104.9,60.6,6.8
09/02/2020 3:00,60.1,50.1,29.2,52
09/03/2020 3:00,23.2,97.8,115,120
09/04/2020 3:00,0,0,47.8,80
09/05/2020 3:00,148.7,3.5,0,0
09/06/2020 3:00,39.3,11.2,53,160
09/07/2020 3:00,31.2,17.1,114.6,70.4
09/08/2020 3:00,123,15.6,304.6,36.6
09/09/2020 3:00,60.3,84.2,48.3,72.2
09/10/2020 3:00,48.6,94.2,85.6,70
09/11/2020 3:00,102.5,84.3,136.3,0
09/12/2020 3:00,9.5,0.2,1.6,0
09/13/2020 03:00:00,5.7,163.7,1.5,10
09/14/2020 03:00:00,26.7,52.1,7.6,42
09/15/2020 03:00:00,160,75.5,69,110
09/16/2020 03:00:00,60.5,69.6,145.8,50.2
09/17/2020 03:00:00,90.1,42.6,150.8,10
09/18/2020 03:00:00,49.3,35.5,60.6,12
09/19/2020 03:00:00,9,56,3.4,60
09/20/2020 03:00:00,0,0.3,0,0
09/21/2020 03:00:00,0,0,0,0
09/22/2020 03:00:00,17.9,4.3,7,50
09/23/2020 03:00:00,48,134.2,48.4,48.8
09/24/2020 03:00:00,84.5,91.8,83.4,76
09/25/2020 03:00:00,12.2,16.5,11.8,10
09/26/2020 03:00:00,95.2,26.5,248.6,90
09/27/2020 03:00:00,0.1,28.4,0,4.8
09/28/2020 03:00:00,0.2,1.7,0,0
09/29/2020 03:00:00,0,11.5,0,6.4
09/30/2020 03:00:00,0.1,0,0,0
10/01/2020 3:00,5.6,0.2,4.4,0
10/02/2020 3:00,0,42.5,15.1,0
10/03/2020 3:00,15.2,14.4,4,36
10/04/2020 3:00,18.8,14.5,7.8,10
10/05/2020 3:00,0,9.3,4.333333333,6
10/06/2020 3:00,5.3,35.5,12.13333333,44.6
10/07/2020 3:00,0,0.4,2.75,0
10/08/2020 3:00,0,0,12.23333333,0
10/09/2020 3:00,0,0,6.7,0
10/10/2020 3:00,0,0,0,0
10/11/2020 3:00,0,0,4.133333333,0
10/12/2020 3:00,0,0,7.816666667,0
10/13/2020 03:00:00,0,0,1.866666667,0
10/14/2020 03:00:00,0,0,0.75,0
10/15/2020 03:00:00,0,0,5.75,0
10/16/2020 03:00:00,0,0.2,1.366666667,0
10/17/2020 03:00:00,0,0,4.6,0
10/18/2020 03:00:00,0,0,3.166666667,0
10/19/2020 03:00:00,0,0,11.96666667,0
10/20/2020 03:00:00,6.1,0,16.83333333,2
10/21/2020 03:00:00,0,0,2.1,0
10/22/2020 03:00:00,0,0,1.75,0
10/23/2020 03:00:00,0,0,0.083333333,0
10/24/2020 03:00:00,0,0,0.333333333,0
10/25/2020 03:00:00,0,0,0,0
10/26/2020 03:00:00,0,0,0,0
10/27/2020 03:00:00,0,0,0,0
10/28/2020 03:00:00,0,0,0,0
10/29/2020 03:00:00,0,0,1.633333333,0
10/30/2020 03:00:00,0,0,0.866666667,0
10/31/2020 03:00:00,0,0,0,0
11/01/2020 3:00,0,0,0,0
11/02/2020 3:00,0,0,0,0
11/03/2020 3:00,0,1.5,0,0
11/04/2020 3:00,0,0,0,0
11/05/2020 3:00,0,0,0,0
11/06/2020 3:00,0,0,0,0
11/07/2020 3:00,0,0,0,0
11/08/2020 3:00,0,0,0,0
11/09/2020 3:00,0,0,0,0
11/10/2020 3:00,0,0,0,0
11/11/2020 3:00,0,0,0,0
11/12/2020 3:00,0,0,0,0
11/13/2020 03:00:00,0,0,0,0
11/14/2020 03:00:00,0,0,0,0
11/15/2020 03:00:00,0,0,0,0
11/16/2020 03:00:00,0,0,0,0
11/17/2020 03:00:00,0,0,0,0
11/18/2020 03:00:00,0,0,0,0
11/19/2020 03:00:00,0,0,0,0
11/20/2020 03:00:00,0,0,0,0
11/21/2020 03:00:00,0,0,0,0
11/22/2020 03:00:00,0,0,0,0
11/23/2020 03:00:00,0,0,0,0
11/24/2020 03:00:00,0,0,0,0
11/25/2020 03:00:00,0,0,0,0
11/26/2020 03:00:00,0,0,0,0
11/27/2020 03:00:00,0,0,0,0
11/28/2020 03:00:00,0,0,0,0
11/29/2020 03:00:00,0,0,0,0
11/30/2020 03:00:00,0,0,0,0
12/01/2020 3:00,0,0,0,0
12/02/2020 3:00,0,0,0,0
12/03/2020 3:00,0,0,0,0
12/04/2020 3:00,0,0,0.001666667,1.066666667
12/05/2020 3:00,0,0,0,0
12/06/2020 3:00,0,0,0,0
12/07/2020 3:00,0,0,0,0.7
12/08/2020 3:00,0,0,0,0
12/09/2020 3:00,0,0,0,0
12/10/2020 3:00,0,0,0,0
12/11/2020 3:00,0,0,0,0
12/12/2020 3:00,0,0,0,0
12/13/2020 03:00:00,0,0,5.566666667,0.433333333
12/14/2020 03:00:00,0,0,0,7.7
12/15/2020 03:00:00,0,0,0,0
12/16/2020 03:00:00,0,0,0,0
12/17/2020 03:00:00,0,0,0,0
12/18/2020 03:00:00,0,0,0,0
12/19/2020 03:00:00,0,0,0,0
12/20/2020 03:00:00,0,0,0,0
12/21/2020 03:00:00,0,0,0,0
12/22/2020 03:00:00,0,0,0,0
12/23/2020 03:00:00,0,0,0,0
12/24/2020 03:00:00,0,0,0,0
12/25/2020 03:00:00,0,0,0,0
12/26/2020 03:00:00,0,0,0,0
12/27/2020 03:00:00,0,0,0,0
12/28/2020 03:00:00,0,0,0,0
12/29/2020 03:00:00,0,0,1.733333333,0.666666667
12/30/2020 03:00:00,0,0,5.25,6
12/31/2020 03:00:00,0,0,0,0
01/01/2021 3:00,0,0,0,0
01/02/2021 3:00,0,0,0,0
01/03/2021 3:00,0,0,0,0
01/04/2021 3:00,0,0,0,0
01/05/2021 3:00,0,0,0,0
01/06/2021 3:00,0,0,0,0
01/07/2021 3:00,0,0,0,0
01/08/2021 3:00,0,0,0,0
01/09/2021 3:00,0,0,0,0
01/10/2021 3:00,0,0,0,0
01/11/2021 3:00,0,0,0,0
01/12/2021 3:00,0,0,0,0
01/13/2021 03:00:00,0,0,0,0
01/14/2021 03:00:00,0,0,0,0
01/15/2021 03:00:00,0,0,0,0
01/16/2021 03:00:00,0,0,0,0
01/17/2021 03:00:00,0,0,0,0
01/18/2021 03:00:00,0,0,0,0
01/19/2021 03:00:00,0,0,0,0
01/20/2021 03:00:00,0,0,0,0
01/21/2021 03:00:00,0,2.4,0,0
01/22/2021 03:00:00,0,0,0,0
01/23/2021 03:00:00,0,0,0,0
01/24/2021 03:00:00,0,0,0,0
01/25/2021 03:00:00,0,0,0,0
01/26/2021 03:00:00,0,0,0,0
01/27/2021 03:00:00,0,0,0,0
01/28/2021 03:00:00,0,0,0,0
01/29/2021 03:00:00,0,0,0,0
01/30/2021 03:00:00,0,0,0,0
01/31/2021 03:00:00,0,0,0,0
02/01/2021 3:00,0,0,0,0
02/02/2021 3:00,0,0,0,0
02/03/2021 3:00,0,0,0,0
02/04/2021 3:00,0,0,1.6,0
02/05/2021 3:00,0.2,2.7,2,0.01
02/06/2021 3:00,5.8,5.7,0,4
02/07/2021 3:00,0,0.6,0,0
02/08/2021 3:00,0,0,0,0
02/09/2021 3:00,0,0,0,0
02/10/2021 3:00,0,0,0,0
02/11/2021 3:00,0,0,0,0
02/12/2021 3:00,0,0,0,0
02/13/2021 03:00:00,0,0,0,0
02/14/2021 03:00:00,0,0,0,0
02/15/2021 03:00:00,0,1.4,0,0
02/16/2021 03:00:00,8.4,23.7,3.4,6
02/17/2021 03:00:00,6.8,1.8,4.6,0
02/18/2021 03:00:00,0,0,0,0
02/19/2021 03:00:00,0,0,0,0
02/20/2021 03:00:00,0,0,0,0
02/21/2021 03:00:00,0,0,0,0
02/22/2021 03:00:00,0,0,0,0
02/23/2021 03:00:00,0,0,0,0
02/24/2021 03:00:00,0,0,0,0
02/25/2021 03:00:00,0,0,0,0
02/26/2021 03:00:00,0,0,0,0
02/27/2021 03:00:00,0.7,0,5.8,6.8
02/28/2021 03:00:00,2.8,5.4,11,6
03/01/2021 3:00,1.4,0,1.8,2
03/02/2021 3:00,0,0,0,0
03/03/2021 3:00,0,0,0,0
03/04/2021 3:00,0,0,0,0
03/05/2021 3:00,0,0,0.01,0
03/06/2021 3:00,0,0,0,0
03/07/2021 3:00,0,0,0,0
03/08/2021 3:00,0.6,0.2,0,0
03/09/2021 3:00,0.01,0,0,0
03/10/2021 3:00,0.01,0,0,2
03/11/2021 3:00,45.7,5.4,6,6.4
03/12/2021 3:00,1,2.5,1.5,0.01
03/13/2021 03:00:00,0.6,19.3,1,0
03/14/2021 03:00:00,0,0,0,0
03/15/2021 03:00:00,0,0,0,0
03/16/2021 03:00:00,0.7,0,0,0
03/17/2021 03:00:00,3.2,0,0,6.8
03/18/2021 03:00:00,0.2,0.3,0,8
03/19/2021 03:00:00,5.8,0,6.7,6.2
03/20/2021 03:00:00,0,0,2.8,0
03/21/2021 03:00:00,0.6,3.6,0,0
03/22/2021 03:00:00,0,0.7,0,0
03/23/2021 03:00:00,0,0,0.01,0
03/24/2021 03:00:00,0,2.5,0,0
03/25/2021 03:00:00,0,0.3,0,0
03/26/2021 03:00:00,0,0,0.01,0
03/27/2021 03:00:00,0,0,0,0
03/28/2021 03:00:00,0,0,0,0
03/29/2021 03:00:00,0.3,0.3,0,0.01
03/30/2021 03:00:00,0.2,0,0,0
03/31/2021 03:00:00,0,0,0,0
04/01/2021 3:00,20.4,4.3,27.1,6.8
04/02/2021 3:00,0.01,0,6,0
04/03/2021 3:00,0,0,0,0
04/04/2021 3:00,0,0,0,0
04/05/2021 3:00,0,0,0,0
04/06/2021 3:00,0,0,0,0
04/07/2021 3:00,0,0,0,0
04/08/2021 3:00,0,0,0,0
04/09/2021 3:00,0,0,0.01,0
04/10/2021 3:00,0.01,0,0,0
04/11/2021 3:00,0,0,15,0
04/12/2021 3:00,0,0,0,0
04/13/2021 03:00:00,0,0,0,0
04/14/2021 03:00:00,2.1,0,0,6
04/15/2021 03:00:00,0,0,1.2,0
04/16/2021 03:00:00,7,6.5,0,6.8
04/17/2021 03:00:00,0.5,2,2.2,0
04/18/2021 03:00:00,11,7.4,0,10
04/19/2021 03:00:00,10.5,2,7.4,12
04/20/2021 03:00:00,0,0,0,0
04/21/2021 03:00:00,0.01,0,18.5,0
04/22/2021 03:00:00,4.8,6.5,5.2,4
04/23/2021 03:00:00,1.2,2.6,2.2,2.2
04/24/2021 03:00:00,0,0,0,0
04/25/2021 03:00:00,0,0,0,0
04/26/2021 03:00:00,0,0,2.3,0
04/27/2021 03:00:00,0,0,0,0
04/28/2021 03:00:00,0,0,0,0
04/29/2021 03:00:00,0,0,0,0
04/30/2021 03:00:00,6.5,0,25,12.8
05/01/2021 3:00,0,0,0,0
05/02/2021 3:00,4.8,3.6,2,0.01
05/03/2021 3:00,0,0,0,0
05/04/2021 3:00,1.9,5,12,0.01
05/05/2021 3:00,11.8,37.6,19.8,36
05/06/2021 3:00,17,10.6,0.01,34
05/07/2021 3:00,0.01,4,73.6,0
05/08/2021 3:00,0.7,12.5,2.4,0
05/09/2021 3:00,25.4,22.4,0,6.4
05/10/2021 3:00,2,1.3,18.6,0.01
05/11/2021 3:00,7.8,10,9,0
05/12/2021 3:00,1.8,10.2,8.7,12.4
05/13/2021 03:00:00,16.3,19,1.2,46.6
05/14/2021 03:00:00,0.3,2.5,16.8,0.01
05/15/2021 03:00:00,0,0,15.9,0
05/16/2021 03:00:00,0.7,0,3.6,0.01
05/17/2021 03:00:00,5.1,0.8,2.7,0
05/18/2021 03:00:00,1.8,3.2,9.3,2
05/19/2021 03:00:00,0.2,1.1,13.9,0.01
05/20/2021 03:00:00,2.1,2.8,5.3,0.01
05/21/2021 03:00:00,7,8.8,0,0
05/22/2021 03:00:00,0,33.2,0,0
05/23/2021 03:00:00,0.6,3.6,0,40
05/24/2021 03:00:00,0,6.8,0,0
05/25/2021 03:00:00,0,0,0,0
05/26/2021 03:00:00,0.7,5.7,1.7,0
05/27/2021 03:00:00,42.2,71.2,52.3,38.8
05/28/2021 03:00:00,26.5,45.7,23.4,36
05/29/2021 03:00:00,88.4,95.1,80.6,80
05/30/2021 03:00:00,14.6,13.2,10.2,0
05/31/2021 03:00:00,0.3,0.4,0,0
06/01/2021 3:00,7,14.5,4,12.2
06/02/2021 3:00,0.3,15.3,0,0
06/03/2021 3:00,0.01,2.7,0,0
06/04/2021 3:00,0.01,3.1,11.2,0.01
06/05/2021 3:00,0.01,5.2,6,2
06/06/2021 3:00,38.8,3.2,9.4,0.01
06/07/2021 3:00,33.4,1.2,32,2.8
06/08/2021 3:00,23.5,8.1,19.3,4
06/09/2021 3:00,10.9,16.6,45.3,42
06/10/2021 3:00,34.7,46.2,12.2,94
06/11/2021 3:00,0,0.3,21,0.01
06/12/2021 3:00,58.5,29,10.5,48
06/13/2021 03:00:00,35.8,36.5,19.5,36.2
06/14/2021 03:00:00,9.2,14.5,22,10
06/15/2021 03:00:00,93.6,160.3,90,90
06/16/2021 03:00:00,110.5,165.4,135,120
06/17/2021 03:00:00,19.9,26.1,25,10.4
06/18/2021 03:00:00,5.4,8.2,8,10.8
06/19/2021 03:00:00,36.1,19.8,46.3,52
06/20/2021 03:00:00,25.4,41.5,30,60
06/21/2021 03:00:00,1,1.5,0,30
06/22/2021 03:00:00,0.01,21.2,0,4
06/23/2021 03:00:00,56.2,64.7,60.8,68.2
06/24/2021 03:00:00,30.4,83.5,20,10
06/25/2021 03:00:00,29.6,37.2,33,8.8
06/26/2021 03:00:00,16.5,8.2,10.5,10
06/27/2021 03:00:00,0,0,0,3
06/28/2021 03:00:00,84.8,121.4,14,160
06/29/2021 03:00:00,114,131.1,152.6,120
06/30/2021 03:00:00,53.2,52.5,113.8,8
07/01/2021 3:00,12.3,27,163.9,6.4
07/02/2021 3:00,17.9,24.2,4.4,6.8
07/03/2021 3:00,55.1,36.2,27.4,6
07/04/2021 3:00,203.4,147.5,168.7,200
07/05/2021 3:00,67.7,123.8,86,50
07/06/2021 3:00,9.1,106.8,60.2,130
07/07/2021 3:00,258.2,105,100,122
07/08/2021 3:00,46.4,120.9,68,50
07/09/2021 3:00,21.7,20.5,17.2,10
07/10/2021 3:00,4.1,14.3,4.2,12
07/11/2021 3:00,50.6,68.2,86,70.4
07/12/2021 3:00,31.9,34.3,32.8,50
07/13/2021 03:00:00,10.3,68.6,0.01,38.4
07/14/2021 03:00:00,1.7,35.4,79.2,10
07/15/2021 03:00:00,110,62,64.3,88
07/16/2021 03:00:00,33.7,6,7.2,6.4
07/17/2021 03:00:00,99.5,31.1,82.6,50.8
07/18/2021 03:00:00,8.4,15,30,10
07/19/2021 03:00:00,3.2,59.6,6,48.6
07/20/2021 03:00:00,25.3,14.5,3.4,10
07/21/2021 03:00:00,42.6,109.7,34.5,30
07/22/2021 03:00:00,76,49.5,67.6,28.8
07/23/2021 03:00:00,21.3,22.1,10.2,38
07/24/2021 03:00:00,0,17,0,6
07/25/2021 03:00:00,8,45.2,0,22.4
07/26/2021 03:00:00,28.7,44.3,26,8.8
07/27/2021 03:00:00,5.1,13.5,6,6
07/28/2021 03:00:00,4.5,54,22.6,8.8
07/29/2021 03:00:00,55.7,42.8,59.6,10.2
07/30/2021 03:00:00,23.2,3.7,19,50
07/31/2021 03:00:00,11.5,7,3,10
08/01/2021 3:00,2.1,9.1,1.5,4
08/02/2021 3:00,0.01,9.4,7,30
08/03/2021 3:00,0,16,0.01,36
08/04/2021 3:00,21.9,16.2,31,10
08/05/2021 3:00,21.7,48.5,10.4,16
08/06/2021 3:00,0,0,0,2.8
08/07/2021 3:00,0,18.5,0,0
08/08/2021 3:00,29.8,50.5,63.6,2
08/09/2021 3:00,32.7,11,11,10.2
08/10/2021 3:00,7.1,9,7,4
08/11/2021 3:00,0.01,15.5,0,2.8
08/12/2021 3:00,2.5,36.4,57.6,2
08/13/2021 03:00:00,34.2,141.6,54.6,84
08/14/2021 03:00:00,2.5,46.7,0,52.6
08/15/2021 03:00:00,121.6,24.5,30,84
08/16/2021 03:00:00,38.1,41.7,12,12.4
08/17/2021 03:00:00,52.7,2,20.5,48
08/18/2021 03:00:00,52.8,10,31.7,70
08/19/2021 03:00:00,48.2,40,40.1,90
08/20/2021 03:00:00,0.1,30.1,37,4
08/21/2021 03:00:00,25.9,24.5,27,2
08/22/2021 03:00:00,2.2,4.5,0,4
08/23/2021 03:00:00,260.1,170.7,202.6,96.8
08/24/2021 03:00:00,150,139.8,189.8,160
08/25/2021 03:00:00,29,22.5,14.8,10
08/26/2021 03:00:00,22.5,6,22.8,8.8
08/27/2021 03:00:00,70.8,138,86.9,90
08/28/2021 03:00:00,4.9,6.2,68.6,2
08/29/2021 03:00:00,33.2,49.5,85.6,36
08/30/2021 03:00:00,84.5,34.6,2.6,66
08/31/2021 03:00:00,11,12.5,0,4
09/01/2021 3:00,23.8,0,0.01,2
09/02/2021 3:00,221.4,63.8,54.5,240
09/03/2021 3:00,280,139.9,104.9,120
09/04/2021 3:00,46.3,50.9,24.6,4
09/05/2021 3:00,16.2,83.8,0.01,2
09/06/2021 3:00,5.9,40.2,23.6,2
09/07/2021 3:00,32.7,20,53.2,4.8
09/08/2021 3:00,3.7,74.7,14.6,2
09/09/2021 3:00,4.4,33.2,3.2,46
09/10/2021 3:00,0.8,2.1,7.8,2.6
09/11/2021 3:00,1.5,4,0,2
09/12/2021 3:00,0,0,0,0
09/13/2021 03:00:00,2.6,9,0,0
09/14/2021 03:00:00,0,1.2,0,0
09/15/2021 03:00:00,3,9,1.9,2.4
09/16/2021 03:00:00,5,8.2,4.5,2.8
09/17/2021 03:00:00,9.2,13,10.2,0
09/18/2021 03:00:00,3,0.5,2.6,0
09/19/2021 03:00:00,0,1.4,0,0
09/20/2021 03:00:00,50.3,20.5,58.6,42
09/21/2021 03:00:00,34.5,89.8,70.5,90
09/22/2021 03:00:00,54.4,26,15,42
09/23/2021 03:00:00,0.2,0.6,0,0
09/24/2021 03:00:00,0,8.1,0,0
09/25/2021 03:00:00,0,0,0,0
09/26/2021 03:00:00,0.01,14.5,0,0
09/27/2021 03:00:00,8,1.7,0,0.01
09/28/2021 03:00:00,6.4,9.4,32.2,4.8
09/29/2021 03:00:00,2.2,0.5,17,0.01
09/30/2021 03:00:00,16.1,17,40.6,36
10/01/2021 3:00,4.3,3.5,24.4,0
10/02/2021 3:00,10.5,15.2,2,8.8
10/03/2021 3:00,4.4,8.2,0,4
10/04/2021 3:00,7.5,38,3.6,48
10/05/2021 3:00,60.3,20.5,12.6,30
10/06/2021 3:00,6.8,10.6,0,0.01
10/07/2021 3:00,29,15.4,16.5,10.8
10/08/2021 3:00,71.8,38,62.5,46.4
10/09/2021 3:00,23.5,0,28.6,0.01
10/10/2021 3:00,2.4,34.5,0,2
10/11/2021 3:00,0,0,0,0
10/12/2021 3:00,0,0,26.5,0
10/13/2021 03:00:00,0,0,0,0
10/14/2021 03:00:00,0,0,0,0
10/15/2021 03:00:00,0,0,0,0
10/16/2021 03:00:00,0,0,0,0
10/17/2021 03:00:00,2.7,0,5,20
10/18/2021 03:00:00,19.4,32.2,19,6
10/19/2021 03:00:00,67,104.6,51.8,70
10/20/2021 03:00:00,63,26.2,81.8,36
10/21/2021 03:00:00,10.9,13.3,1.4,6.8
10/22/2021 03:00:00,51.5,19.6,8.5,20
10/23/2021 03:00:00,1,22.6,0.5,8
10/24/2021 03:00:00,34.4,3.8,0,24
10/25/2021 03:00:00,0,2.7,0,0
10/26/2021 03:00:00,0,0,0,0
10/27/2021 03:00:00,0,2.5,0,0
10/28/2021 03:00:00,0,0,0,0
10/29/2021 03:00:00,3.5,0,0,0
10/30/2021 03:00:00,0,0,0,0
10/31/2021 03:00:00,0,2.4,0,0
11/01/2021 3:00,0,0.01,0,0
11/02/2021 3:00,0,0,0,0
11/03/2021 3:00,0,0,0,0
11/04/2021 3:00,0,0.6,0,0
11/05/2021 3:00,0,0,0,0
11/06/2021 3:00,0,0,0,0
11/07/2021 3:00,0,0,0,0
11/08/2021 3:00,0,0,0,0
11/09/2021 3:00,0,0,0,0
11/10/2021 3:00,0,0,0,0
11/11/2021 3:00,0,0,0,0
11/12/2021 3:00,0,0,0,0
11/13/2021 03:00:00,0,0,0,0
11/14/2021 03:00:00,0,0,0,0
11/15/2021 03:00:00,0,0,0,0
11/16/2021 03:00:00,0,0,0,0
11/17/2021 03:00:00,0,0,0,0
11/18/2021 03:00:00,0,0,0,0
11/19/2021 03:00:00,0,0,0,0
11/20/2021 03:00:00,0,0,0,0
11/21/2021 03:00:00,0,0,0,0
11/22/2021 03:00:00,0,0,0,0
11/23/2021 03:00:00,0,0.8,0,0
11/24/2021 03:00:00,0.01,0,0,0
11/25/2021 03:00:00,0,0,0,0
11/26/2021 03:00:00,0,21,0,0
11/27/2021 03:00:00,0,0,0,0
11/28/2021 03:00:00,0,0,0,0
11/29/2021 03:00:00,0,0,0,0
11/30/2021 03:00:00,0,0,0,0
12/01/2021 3:00,0,0,0,0
12/02/2021 3:00,0,0,0,0
12/03/2021 3:00,0.01,0.7,0,0
12/04/2021 3:00,1.6,1.6,0.01,6.4
12/05/2021 3:00,0.01,0,0,0
12/06/2021 3:00,0,0,0,0
12/07/2021 3:00,4.6,10.2,0,4.2
12/08/2021 3:00,0,0,0,0
12/09/2021 3:00,0,0,0,0
12/10/2021 3:00,0,0,0,0
12/11/2021 3:00,0,0,0,0
12/12/2021 3:00,0,0,0,0
12/13/2021 03:00:00,0,0,0,0
12/14/2021 03:00:00,0,0,0,0
12/15/2021 03:00:00,0,0,0,0
12/16/2021 03:00:00,0,0,0,0
12/17/2021 03:00:00,0,0,0,0
12/18/2021 03:00:00,0,0,0,0
12/19/2021 03:00:00,0,0,0,0
12/20/2021 03:00:00,0,0,0,0
12/21/2021 03:00:00,0,0,0,0
12/22/2021 03:00:00,0,0,0,0
12/23/2021 03:00:00,0,0,0,0
12/24/2021 03:00:00,0,0,0,0
12/25/2021 03:00:00,0,0,0,0
12/26/2021 03:00:00,0,0,0,0
12/27/2021 03:00:00,0,0,0,0
12/28/2021 03:00:00,0,0,0,0
12/29/2021 03:00:00,6.5,11,10.4,4
12/30/2021 03:00:00,31.3,29.7,31.5,36
12/31/2021 03:00:00,0.1,0,0,0
01/01/2022 3:00,0,0,0,0
01/02/2022 3:00,0,0,0,0
01/03/2022 3:00,0,0,0,0
01/04/2022 3:00,0,0,0,0
01/05/2022 3:00,0,0,0,0
01/06/2022 3:00,0.2,0.2,1.6,4
01/07/2022 3:00,0,0,0,0
01/08/2022 3:00,0,0,0,0
01/09/2022 3:00,0.01,0.2,0,0
01/10/2022 3:00,0,0,0,0
01/11/2022 3:00,0,0,0,0
01/12/2022 3:00,0,0,0,0
01/13/2022 03:00:00,0.6,2,0,2
01/14/2022 03:00:00,0,0,0,0
01/15/2022 03:00:00,0,0,0,0
01/16/2022 03:00:00,0,0,0,0
01/17/2022 03:00:00,0,0,0,0
01/18/2022 03:00:00,0,0,0,0
01/19/2022 03:00:00,0,0,0,0
01/20/2022 03:00:00,0.01,0,0.01,0
01/21/2022 03:00:00,0.01,0.2,0.01,0
01/22/2022 03:00:00,0.01,0.8,0,10.8
01/23/2022 03:00:00,0,4.2,0,0
01/24/2022 03:00:00,0.5,1,0,0
01/25/2022 03:00:00,0,14.2,0,0
01/26/2022 03:00:00,0,0.2,0,0
01/27/2022 03:00:00,0.01,0,0,0
01/28/2022 03:00:00,0.01,2.5,0,0
01/29/2022 03:00:00,0,0.01,0,0
01/30/2022 03:00:00,0,0,0,0
01/31/2022 03:00:00,0,0,0,0
02/01/2022 3:00,0,0,0,0
02/02/2022 3:00,0.01,0,0,0
02/03/2022 3:00,0,0,0,0
02/04/2022 3:00,23.6,22,0,18.4
02/05/2022 3:00,8.5,18.6,27.8,8
02/06/2022 3:00,0,0.2,15.4,0
02/07/2022 3:00,0,0,1,0
02/08/2022 3:00,0,2.5,0,0
02/09/2022 3:00,0,0.7,0,0
02/10/2022 3:00,1.7,5.7,0,2
02/11/2022 3:00,0,0.01,4.2,0
02/12/2022 3:00,0.6,6,0,0
02/13/2022 03:00:00,0,0,0,0
02/14/2022 03:00:00,0,0,0,0
02/15/2022 03:00:00,0,0,0,0
02/16/2022 03:00:00,0,0,0,0
02/17/2022 03:00:00,0,0,0,0
02/18/2022 03:00:00,0.1,0.7,0,0
02/19/2022 03:00:00,0,0,0,0
02/20/2022 03:00:00,6.7,1.5,8.6,8.4
02/21/2022 03:00:00,20.2,17.6,24.2,6.8
02/22/2022 03:00:00,0,0.3,0,0
02/23/2022 03:00:00,0,0,0,0
02/24/2022 03:00:00,0,0,0,0
02/25/2022 03:00:00,0,2.2,0,0
02/26/2022 03:00:00,7.3,12.2,11,0
02/27/2022 03:00:00,4,5.5,1.8,0
02/28/2022 03:00:00,0.01,0,0.5,0
03/01/2022 3:00,0,0,0,0
03/02/2022 3:00,3.2,2.1,0,4
03/03/2022 3:00,0.2,6.2,0,10
03/04/2022 3:00,3.5,0.5,1.9,0
03/05/2022 3:00,0,0,0,0
03/06/2022 3:00,0,0,0,0
03/07/2022 3:00,0,0,0,0
03/08/2022 3:00,0,0,0,0
03/09/2022 3:00,0,0,0,46
03/10/2022 3:00,0,0,0,4.2
03/11/2022 3:00,0,0,0,0
03/12/2022 3:00,0,0,0,0
03/13/2022 03:00:00,0,0,0,0
03/14/2022 03:00:00,0,0,0,0
03/15/2022 03:00:00,0,0,0,0
03/16/2022 03:00:00,0,0,0,0
03/17/2022 03:00:00,0,0,0,0
03/18/2022 03:00:00,0,0,0,0
03/19/2022 03:00:00,0,0,0,0
03/20/2022 03:00:00,0,0,0,0
03/21/2022 03:00:00,0,0,0,0
03/22/2022 03:00:00,4.4,0,0,0
03/23/2022 03:00:00,15.7,0,19.6,0
03/24/2022 03:00:00,2,19.2,2,0
03/25/2022 03:00:00,2.8,0.3,0.01,0
03/26/2022 03:00:00,0.01,0.1,0,0
03/27/2022 03:00:00,0,0,0,0
03/28/2022 03:00:00,0,0,0,0
03/29/2022 03:00:00,0,0,0,0
03/30/2022 03:00:00,8.7,0,0,0
03/31/2022 03:00:00,0.3,0,0,0
04/01/2022 3:00,0.2,0.5,0.01,0
04/02/2022 3:00,0.1,0.6,0,0
04/03/2022 3:00,14.2,1.5,2.8,10
04/04/2022 3:00,1.8,0,2.5,10.8
04/05/2022 3:00,9.9,3.2,31.8,14
04/06/2022 3:00,1.5,0.7,0.01,0
04/07/2022 3:00,16.6,1.6,2.8,0
04/08/2022 3:00,12.2,0.01,40,0
04/09/2022 3:00,9.9,0.2,0,30.6
04/10/2022 3:00,2.9,9.4,3,2.4
04/11/2022 3:00,21.6,5.7,24,36
04/12/2022 3:00,0,4.3,0,0
04/13/2022 03:00:00,6.4,0.4,1,6
04/14/2022 03:00:00,0,0,0,0
04/15/2022 03:00:00,0,0,0,0
04/16/2022 03:00:00,0,0,0,0
04/17/2022 03:00:00,1.1,1.8,0,4.8
04/18/2022 03:00:00,0,0,0,0
04/19/2022 03:00:00,0,0,0,0
04/20/2022 03:00:00,18.3,53.7,2,8.4
04/21/2022 03:00:00,9.5,3.4,0,0
04/22/2022 03:00:00,0,2,0,0
04/23/2022 03:00:00,13.1,16,17,10.8
04/24/2022 03:00:00,0,0,0,0
04/25/2022 03:00:00,0.01,0,3.5,0
04/26/2022 03:00:00,0,0,19,0
04/27/2022 03:00:00,0,0,0,0
04/28/2022 03:00:00,0,0,0,0
04/29/2022 03:00:00,1.6,3,0.01,2.4
04/30/2022 03:00:00,1.8,16,1.3,2.8
05/01/2022 3:00,6.2,1.5,3,4
05/02/2022 3:00,3.2,18.3,0.01,4.8
05/03/2022 3:00,0.01,2,0.01,0
05/04/2022 3:00,0.01,12.3,10.8,6.4
05/05/2022 3:00,78.5,63.7,56.3,42
05/06/2022 3:00,42.1,47.6,0.01,36.2
05/07/2022 3:00,3.7,1.2,16.6,2.4
05/08/2022 3:00,3.7,0.4,13.7,2
05/09/2022 3:00,3.6,16.6,14.5,4
05/10/2022 3:00,0,0,0,2.2
05/11/2022 3:00,0,11,0,4
05/12/2022 3:00,9,19,3.8,0
05/13/2022 03:00:00,1,1.6,0,0
05/14/2022 03:00:00,27.6,0.8,16.6,18
05/15/2022 03:00:00,0.4,0.6,0,2
05/16/2022 03:00:00,18.9,19.6,3,2
05/17/2022 03:00:00,46.4,19.7,47,46
05/18/2022 03:00:00,7.3,5.5,8.8,6
05/19/2022 03:00:00,3.3,7.5,2.4,6.8
05/20/2022 03:00:00,2.5,0,2.4,4.2
05/21/2022 03:00:00,14.3,20.6,0,8
05/22/2022 03:00:00,3.8,0.2,30.3,10.6
05/23/2022 03:00:00,0.01,1.5,0,0
05/24/2022 03:00:00,16.8,2.6,0,36.8
05/25/2022 03:00:00,0.01,0.01,14.5,0
05/26/2022 03:00:00,3,4.6,0,2.6
05/27/2022 03:00:00,0,0,0,0
05/28/2022 03:00:00,12.5,16,0,10
05/29/2022 03:00:00,1.5,2.5,55,8
05/30/2022 03:00:00,0.1,0.4,0,0
05/31/2022 03:00:00,39.7,5.6,3,18.8
06/01/2022 3:00,56.8,16,0,10
06/02/2022 3:00,0,0.2,50.9,2
06/03/2022 3:00,0.01,11.6,0,12.4
06/04/2022 3:00,0,2.1,18,0
06/05/2022 3:00,0.01,20.5,0,18.8
06/06/2022 3:00,63.7,10,0,32
06/07/2022 3:00,15.2,51.5,151.3,36
06/08/2022 3:00,41.3,0.7,51.7,26.4
06/09/2022 3:00,17.9,14.3,35.3,10
06/10/2022 3:00,3.2,18.1,50.2,9.8
06/11/2022 3:00,31.8,30.5,42.3,26.4
06/12/2022 3:00,0.2,7,0,0
06/13/2022 03:00:00,1.7,18.7,1.4,6.6
06/14/2022 03:00:00,16.8,28.2,44.6,18
06/15/2022 03:00:00,5.5,8.5,8.4,16
06/16/2022 03:00:00,39.7,10.7,54.8,14.8
06/17/2022 03:00:00,35.8,11.7,14.4,10
06/18/2022 03:00:00,40.1,3.2,23.1,16
06/19/2022 03:00:00,2,23,26.2,6.6
06/20/2022 03:00:00,0.4,3.1,27.3,0
06/21/2022 03:00:00,0,83.2,0,2
06/22/2022 03:00:00,6,84.7,23,18
06/23/2022 03:00:00,1.8,18.2,0,2
06/24/2022 03:00:00,3.8,26.3,6.5,46
06/25/2022 03:00:00,121.1,70.5,53.4,300
06/26/2022 03:00:00,40.2,127.8,52.8,120
06/27/2022 03:00:00,48.2,10.2,16.2,9
06/28/2022 03:00:00,26.6,42.7,11.2,7
06/29/2022 03:00:00,152.1,81.6,108.8,52
06/30/2022 03:00:00,36.7,76.5,12.7,50
07/01/2022 3:00,0.5,6,0.01,70
07/02/2022 3:00,33.4,28.4,0,30
07/03/2022 3:00,7.4,18.6,0,36
07/04/2022 3:00,0,63.7,0,18
07/05/2022 3:00,29.5,79.2,22,84
07/06/2022 3:00,10.3,70.5,2.9,42
07/07/2022 3:00,24.6,56.5,64.4,0
07/08/2022 3:00,0,13.5,0,0
07/09/2022 3:00,82.1,142.3,73.4,60
07/10/2022 3:00,19,11,8.2,0
07/11/2022 3:00,0,20,0,0
07/12/2022 3:00,4.4,41.2,13.6,10
07/13/2022 03:00:00,10.7,13,0,2
07/14/2022 03:00:00,9.5,30,10.4,0
07/15/2022 03:00:00,0.01,6.6,2.3,2.4
07/16/2022 03:00:00,0,0,0,4
07/17/2022 03:00:00,0,0.7,1.7,0
07/18/2022 03:00:00,0.9,70.6,2.5,2.2
07/19/2022 03:00:00,3.9,25.2,10.5,4
07/20/2022 03:00:00,32,38.2,10.2,10
07/21/2022 03:00:00,105.7,75.5,90,190.8
07/22/2022 03:00:00,20.5,35.2,16,20
07/23/2022 03:00:00,10.7,41.7,20,10
07/24/2022 03:00:00,0,12.7,1.5,12
07/25/2022 03:00:00,36.8,82.9,38,10
07/26/2022 03:00:00,18.9,90.8,19,10
07/27/2022 03:00:00,51.1,7,98,20
07/28/2022 03:00:00,15.7,60.9,13,132
07/29/2022 03:00:00,3.5,11.1,7,2
07/30/2022 03:00:00,27.3,31.2,12,34.2
07/31/2022 03:00:00,33.4,36.2,63,84