Day,Pokhara Airport,Lumle,Begnas,Lamachour,Date
1,0,0,0,0,2015
2,15.4,29,16.8,19.6,2015
3,21.4,26.4,33.6,20.8,2015
4,15.9,15.9,11.6,10,2015
5,0,0,0,0,2015
6,0,0,0,0,2015
7,0,0,0,0,2015
8,1.6,24.4,0,6,2015
9,0,0,0,0,2015
10,0,0,0,0,2015
11,0,0,0,0,2015
12,0,0,0,0,2015
13,0,0,0,0,2015
14,0,0,0,0,2015
15,0,0,0,0,2015
16,0,0,0,0,2015
17,0,0,0,0,2015
18,0,0.5,0,0,2015
19,0,0,0,0,2015
20,0,0,0,0,2015
21,0,0,0,0,2015
22,0,0,0,0,2015
23,0,0.5,0,0,2015
24,0,0,0,0,2015
25,0,0,0,0,2015
26,0,0,0,0,2015
27,0,0,0,0,2015
28,0,0,0,0,2015
29,0,0,0,0,2015
30,0,0,0,0,2015
31,0,4.7,0,0,2015
32,0,0,0,0,2015
33,0,0,0,0,2015
34,0,0,0,4,2015
35,3.8,4.4,4.4,0,2015
36,0,0,0,0,2015
37,0,0,0,0,2015
38,0,0,0,0,2015
39,0,0,0,0,2015
40,0,0,0,0,2015
41,0,0,0,0,2015
42,0,0,0,0,2015
43,0,0,0,0,2015
44,0,0,0,0,2015
45,0,0,0,0,2015
46,0,0.5,0,0,2015
47,0,0,0,0,2015
48,0,0,0,0,2015
49,0,4,0,0,2015
50,19.5,16.8,18.5,16.6,2015
51,0,0,0,0,2015
52,0,0,0,20,2015
53,0,0,0,0,2015
54,0,0,0,0,2015
55,0,0,0,0,2015
56,0,7.8,0,0,2015
57,3,0,2.3,4.2,2015
58,4,3.5,6.2,0,2015
59,0,0,0,0,2015
60,0,0,0.2,0,2015
61,26.9,37.5,28.2,30,2015
62,4.1,3.5,5.3,4.2,2015
63,11.9,0.5,4.5,6.8,2015
64,0,0,2,0,2015
65,0,0,0,0,2015
66,0.6,0,1,0,2015
67,0,0,0,0,2015
68,0,0.8,0,0,2015
69,0,0,0,0,2015
70,0,0,0,0,2015
71,0,0,0,0,2015
72,0,0,0,0,2015
73,0,0,1.9,0,2015
74,33.1,1.2,2.2,10,2015
75,3,6.7,0,4.8,2015
76,0,0,0,12,2015
77,0,0,9.4,0,2015
78,10.2,2,0,2.4,2015
79,0,0,0,0,2015
80,0,0,0,0,2015
81,0,0.5,0,0,2015
82,0,0,0,0,2015
83,0,0.5,0,0,2015
84,0,0,0,0,2015
85,0,0.4,0,0,2015
86,54.4,6.5,10.2,38.2,2015
87,6.6,14.5,1.6,2.6,2015
88,0,0,0,0,2015
89,1.8,13.4,3.6,6.6,2015
90,15.3,18.4,0,16.4,2015
91,0,0.2,0,0,2015
92,0,0.7,0,8.8,2015
93,0,1.5,7,0,2015
94,0.7,2.2,0,0,2015
95,3,7.5,1.3,4,2015
96,0,0,0,0,2015
97,0,0,0,0,2015
98,0,0,0,0,2015
99,0,0,0,0,2015
100,0,0,0,0,2015
101,0.1,0,0,4.2,2015
102,0,4.5,0,0,2015
103,16.1,19.6,9.2,8,2015
104,2.7,2.4,3.6,4,2015
105,0,0.5,0,0,2015
106,0,0,0,0,2015
107,0,0,0,0,2015
108,0.4,4,1,0,2015
109,0.4,0.4,0,0,2015
110,0,1.6,0,10.6,2015
111,0,0,3.2,0,2015
112,25.4,0,14.8,4.4,2015
113,24.7,9.6,27.2,6,2015
114,0,1,0,0,2015
115,1.4,2.4,0,2,2015
116,0,6.7,0,6.2,2015
117,0,0,4,0,2015
118,0,0,1.2,0,2015
119,15.1,5.5,0,4,2015
120,38.2,17.6,30,30.6,2015
121,0.7,8.5,0,2.2,2015
122,0,0,2,0,2015
123,13.5,41,44.3,10.8,2015
124,0,0.2,0,0,2015
125,0,19,0,0,2015
126,0,1,0,0,2015
127,0,1,0,0,2015
128,10.1,0,0,0,2015
129,17.8,19.5,7.6,2,2015
130,0,1.8,10.9,0,2015
131,29.6,2.4,0,0,2015
132,0,49,27.8,10.6,2015
133,5.5,0.5,0,0,2015
134,0,7.2,0,0,2015
135,0,0,0,2,2015
136,0.5,1,0,0,2015
137,0,38,0,0,2015
138,6.7,8.4,18.2,30,2015
139,0,0,0,0,2015
140,5.7,6.2,7.6,10,2015
141,34.5,0.2,20.8,2,2015
142,8,32.5,7.2,46.4,2015
143,0,0,0,0,2015
144,12.6,0,29.8,0,2015
145,1.6,1.2,4.2,2,2015
146,2,9.4,0,0,2015
147,6.2,3.4,10,4.8,2015
148,16.9,4.7,20.6,8.4,2015
149,37.4,5.7,0,6,2015
150,0.7,16.2,9.2,2,2015
151,3.8,0,26.2,4,2015
152,22.5,2,36.9,38.2,2015
153,3.5,1,3.2,4,2015
154,8.4,0,0.5,4.8,2015
155,0,9,0,0,2015
156,0.1,4.8,0,0,2015
157,0,0,0,0,2015
158,0,0,0,0,2015
159,0,11.2,0,0,2015
160,7,0,12,0,2015
161,42.5,0.5,24.5,0,2015
162,29.2,31.5,34.6,10.8,2015
163,77.2,13.5,74.8,62.2,2015
164,28.8,2.7,48.6,10.4,2015
165,12.3,37.7,11.2,8.8,2015
166,0,14.7,5.2,2,2015
167,0,0,0,0,2015
168,8.8,37.5,1.8,30.4,2015
169,0,0,0,0,2015
170,7.1,60.5,5.4,8,2015
171,2.6,2.4,0,10.2,2015
172,58.6,40.7,43.2,50.4,2015
173,2.3,45.7,0,42,2015
174,6.9,9.4,22.5,4.6,2015
175,68.8,48.5,36.2,40.8,2015
176,52.9,35,12.8,46.6,2015
177,0.1,0,0,0,2015
178,40.7,38,43.3,48,2015
179,6.1,6.5,6.2,6.2,2015
180,20.5,35,8,30.8,2015
181,0,2,0,2,2015
182,0.6,47.5,10.2,0,2015
183,1.6,57.9,0,42,2015
184,22.5,64.4,64.3,18.6,2015
185,7.8,9,32.5,106,2015
186,41.1,7.5,8,42.2,2015
187,0.1,66.2,0,0,2015
188,12,75.6,0,10.4,2015
189,6.9,146.2,0,8,2015
190,12.3,41.8,6.4,10.6,2015
191,0.4,11,4.2,2,2015
192,27.7,36.2,0,16.2,2015
193,0.8,4.6,20.8,2,2015
194,0,0,1.2,0,2015
195,10.9,14.7,0,8.6,2015
196,96.8,63.2,0,50,2015
197,223.7,142.6,47.3,160,2015
198,84.2,30.7,184.8,40.4,2015
199,15.8,20.5,22,50.2,2015
200,8.6,21.8,32.2,76,2015
201,56.7,35.7,16.2,50.4,2015
202,0.6,14.9,8.2,30.2,2015
203,23.1,40.9,1.8,32,2015
204,6.2,44.9,14,10.8,2015
205,10.6,83.4,5.5,18,2015
206,4.4,131.1,10.2,10.4,2015
207,10.2,14.4,0,8,2015
208,8.4,44.4,0,80,2015
209,37.1,42.2,136.4,10.6,2015
210,19.3,5.2,78.6,4.8,2015
211,116.4,288.7,71.6,130.4,2015
212,56.2,42.4,165.3,46.6,2015
213,45.7,34.5,31,10.8,2015
214,5.9,49,19.6,12.4,2015
215,0,5,0,10.6,2015
216,2.2,23.7,1.8,86.2,2015
217,3.9,8.5,20,10,2015
218,5.6,21,7.2,8.4,2015
219,8.1,15.2,26.8,8.6,2015
220,0,14.2,0,0,2015
221,9.8,6.5,17,4,2015
222,45.2,31,55.2,8.2,2015
223,70.5,85.6,67.3,80,2015
224,0,0,0,2.8,2015
225,45.5,66.1,0,40,2015
226,5,25.4,5.9,22.6,2015
227,69.7,30,42,36.4,2015
228,33.8,42.7,0,8.8,2015
229,68.6,8.9,3.2,38.2,2015
230,5.2,120.5,5.8,78.8,2015
231,5.3,19.2,1.4,8.6,2015
232,24,20,22.8,10,2015
233,101.4,32.2,92.3,76,2015
234,31.1,72.2,29.2,86.2,2015
235,3.5,126.7,0.5,30,2015
236,0,6,7.3,56.4,2015
237,0,6.9,0,38,2015
238,0,160.7,0,0,2015
239,51.7,31,29.8,46.6,2015
240,34.7,17.5,0,56,2015
241,60.9,71.5,42,50.2,2015
242,0,41.3,95.3,128,2015
243,44.5,0,10.2,10.2,2015
244,131.7,68,30.5,16,2015
245,48.2,1,17.9,10.4,2015
246,10.8,15.5,32.2,8.6,2015
247,0,14.6,0,0,2015
248,2.9,0,0,0,2015
249,1.1,32.2,0,80,2015
250,0,0,0,0,2015
251,7.1,3.6,0,10.2,2015
252,8.5,9.4,0,8,2015
253,0,11.2,0,0,2015
254,2.9,26.5,5,2.8,2015
255,51.1,30.2,96.8,50,2015
256,10.8,7.6,10.9,10.2,2015
257,53.4,88.8,29,44,2015
258,130.2,64.6,46.3,70.4,2015
259,0,0,0,0,2015
260,0,1,0,0,2015
261,0,6.6,0,0,2015
262,0,0,0,0,2015
263,58.4,21.5,22.2,30.6,2015
264,0,13.2,0,0,2015
265,61,48.9,24.8,116,2015
266,23.4,19.8,73.4,20.4,2015
267,9.5,12,1.8,10,2015
268,90.5,65.3,1.8,120.2,2015
269,1.2,39,0,2.8,2015
270,0,0,0,0,2015
271,0.2,0.8,0,16,2015
272,0,0.4,0,2.8,2015
273,0,0,0,0,2015
274,0,0.8,0,0,2015
275,78.4,0,2.6,30,2015
276,4.1,4,0,10.8,2015
277,0,0,0,0,2015
278,0,0,0,0,2015
279,0,0,0,0,2015
280,0,0,0,0,2015
281,0,0,0,0,2015
282,0,0,0,0,2015
283,19,0,0,0,2015
284,0,61.6,0,0,2015
285,33.1,21,20.4,0,2015
286,0,0,0,0,2015
287,0,0,0,0,2015
288,38.9,10,34.5,12.8,2015
289,0.6,1.2,0,0,2015
290,16.2,4.7,22.6,32.8,2015
291,0,0,0,0,2015
292,0,0,0,0,2015
293,0,0,0,0,2015
294,0,13,0,2,2015
295,1.4,0,0,0,2015
296,0,0,0,0,2015
297,5.1,0,2,12,2015
298,0,0,0,0,2015
299,0,0,0,0,2015
300,0,0,0,0,2015
301,0,0,0,0,2015
302,13.3,15.4,9.8,8.4,2015
303,5.1,12,5.2,4,2015
304,0,0,0,0,2015
305,0,0,0,0,2015
306,0,0,0,0,2015
307,2.1,0,0,24.6,2015
308,0.8,0,0,16,2015
309,0,0,0,0,2015
310,0,0,0,10,2015
311,0,0,0,0,2015
312,0,0,0,0,2015
313,0,0,0,0,2015
314,0,0,0,0,2015
315,0,0,0,0,2015
316,0,0,0,0,2015
317,0,0,0,0,2015
318,0,0,0,0,2015
319,0,0,0,0,2015
320,0,0,0,0,2015
321,0,0,0,0,2015
322,0,0,0,2,2015
323,0,0,0,0,2015
324,0,0,0,0,2015
325,0,0,0,0,2015
326,0,0,0,0,2015
327,0,0,0,0,2015
328,0,0,0,0,2015
329,0,0,0,0,2015
330,0,0,0,0,2015
331,0,0,0,0,2015
332,0,0,0,0,2015
333,0,0,0,0,2015
334,0,0,0,0,2015
335,0,0,0,0,2015
336,0,0,0,0,2015
337,0,0,0,0,2015
338,0,0,0,0,2015
339,0,0,0,0,2015
340,0,0,0,0,2015
341,0,0,0,0,2015
342,0,0,0,0,2015
343,0,0,0,0,2015
344,0,0,0,0,2015
345,0,0,0,0,2015
346,0,0,0,0,2015
347,0,0,0,0,2015
348,0,0,0,0,2015
349,0,0,0,0,2015
350,0,0,0,0,2015
351,0,0,0,0,2015
352,0,0,0,0,2015
353,0,0,0,0,2015
354,0,0,0,0,2015
355,0,0,0,0,2015
356,0,0,0,0,2015
357,0,0,0,0,2015
358,0,0,0,0,2015
359,0,0,0,0,2015
360,0,0,0,0,2015
361,0,0,0,0,2015
362,0,0,0,0,2015
363,0,0,0,0,2015
364,0,0,0,0,2015
365,0,0,0,0,2015
1,0,0,0,0,2016
2,0,0,0,0,2016
3,0,0,0,0,2016
4,0,0,0,0,2016
5,0,0,0,0,2016
6,0,0,0,0,2016
7,0,0,0,0,2016
8,0,0,0,0,2016
9,0.1,0,0,10,2016
10,0,0,0,0,2016
11,0,0,0,0,2016
12,0,0,0,0,2016
13,0,0,0,0,2016
14,0,0,0,0,2016
15,0,0,0,0,2016
16,0,0,0,0,2016
17,0,0,0,0,2016
18,0,0,0,0,2016
19,0,0,0,0,2016
20,0,0,1.5,0,2016
21,2.1,4.5,5.2,0,2016
22,0.1,0,0,0,2016
23,0,0,0,0,2016
24,0,0,0,0,2016
25,0,0,0,0,2016
26,0,0,0,0,2016
27,0,2.8,0,0,2016
28,0,0,0,0,2016
29,0,0,0,0,2016
30,0,0,0,0,2016
31,0,0,0,0,2016
32,0,0,0,0,2016
33,0,0,0,0,2016
34,0,0,0,0,2016
35,0,0,0,0,2016
36,0,0,0,0,2016
37,0,0,0,0,2016
38,0,0,0,0,2016
39,0.1,1.2,0,0,2016
40,0,3.5,0,0,2016
41,0,0,0,0,2016
42,0,0,0,0,2016
43,0,0,0,0,2016
44,0,0,0,0,2016
45,0,0,0,0,2016
46,0,0,0,0,2016
47,0,0,0,0,2016
48,0,0,0,0,2016
49,0,0,0,0,2016
50,0,0,0,0,2016
51,0,0,0,0,2016
52,0,0,0,0,2016
53,0,0,0,0,2016
54,0,0,0,0,2016
55,0,0,0,0,2016
56,0,0.7,0,2.6,2016
57,0,0,0,0,2016
58,0,2,0,0,2016
59,0,3.7,0,0,2016
60,0,0.2,0,0,2016
61,0,0,0,0,2016
62,0,0,0,0,2016
63,3.8,2,0,0,2016
64,0.4,6.2,0,2,2016
65,3.4,2.4,0,2.6,2016
66,20.8,16.5,34.6,30,2016
67,8.1,1,2.6,0,2016
68,0.2,0,0,0,2016
69,0,0,3,0,2016
70,0,0,0,0,2016
71,0,0,0,0,2016
72,0,0,0,0,2016
73,0,0,0,0,2016
74,2.8,0.4,0,10.2,2016
75,1.3,0.2,2.1,4.2,2016
76,0,0,0,0,2016
77,0,0,0,0,2016
78,0,0,0,0,2016
79,0,0,0,0,2016
80,0,0,0,0,2016
81,0,0,2,0,2016
82,0,0,0,0,2016
83,0,0,0,0,2016
84,0,0,0,0,2016
85,0,0,0,0,2016
86,0,0,0,0,2016
87,0,0,0,0,2016
88,0.9,14,0,20.8,2016
89,15.3,3.5,11.7,10.4,2016
90,0,0,0,0,2016
91,36.5,46,20.2,10,2016
92,1.7,16,0,0,2016
93,6.1,0.2,4.2,8.8,2016
94,1.8,9,1.3,0,2016
95,0,0,0,0,2016
96,8,0,0,0,2016
97,0,4.2,23.6,2.4,2016
98,0,0,0,0,2016
99,0,0,0,0,2016
100,0,0,0,0,2016
101,0,0,0,0,2016
102,0,0,0,0,2016
103,0,0,0,0,2016
104,0,0,2,0,2016
105,0.7,0,1,2.2,2016
106,0,0,0,0,2016
107,0,0,12.4,0,2016
108,2.7,0,28.7,0,2016
109,0.3,0,0,0,2016
110,3.3,10.7,0,16,2016
111,0,0,0,0,2016
112,0,0,0,0,2016
113,0,0,0,0,2016
114,0,0,0,0,2016
115,0,0,0,0,2016
116,0,0,0,0,2016
117,0,0,0,0,2016
118,0,0,0,0,2016
119,0,0,0,0,2016
120,0,0,0,0,2016
121,0,0,0,0,2016
122,0,0,0,0,2016
123,0,0,0,0,2016
124,0,0,0,0,2016
125,0,0.5,0,0,2016
126,0,0,0,0,2016
127,3.1,2.4,10.4,2,2016
128,9,8.4,2,4.2,2016
129,0,0.5,0,0,2016
130,0,0,0,0,2016
131,0,0,0,0,2016
132,0,0,0,0,2016
133,0,0,0,0,2016
134,1.4,38,0,4.8,2016
135,6,1.8,26,8,2016
136,12.1,1.4,41,8.6,2016
137,11,18.8,1.2,8.4,2016
138,16.1,18.5,34,14.6,2016
139,20.7,43,15.2,4,2016
140,0,0,0,0,2016
141,0.9,5.2,6.8,46.6,2016
142,6.7,103.5,7.2,16.4,2016
143,0,0.5,0,0,2016
144,0,2,0,0,2016
145,0.2,6.8,0,0,2016
146,2.9,4.7,2.8,2,2016
147,12.6,21.4,31,10,2016
148,0,1.5,4.6,0,2016
149,1.9,17.2,0,90.8,2016
150,110.2,21.7,50,42.2,2016
151,0.1,0,0,2,2016
152,27,0.5,62.2,30,2016
153,0.3,0,0,0,2016
154,2,53.5,0,18.2,2016
155,0,0,0,0,2016
156,4.4,12,22.3,0,2016
157,1,0,33,0,2016
158,4.5,0.4,6.8,16,2016
159,0.5,4.5,0,4.2,2016
160,2.3,10,3,0,2016
161,0,0,0,0,2016
162,55.2,2.8,0,42,2016
163,2.4,2,3.6,0,2016
164,41.5,57.2,73.4,96,2016
165,39,39.7,11.6,44.2,2016
166,27,29,50,96.8,2016
167,37.5,30.5,46.2,12.6,2016
168,12.4,56.5,30.8,16.4,2016
169,9,39,26,0,2016
170,23.2,62.7,21,12.8,2016
171,17.3,72.5,0,105,2016
172,21.6,44.7,63.4,36.6,2016
173,27.3,32,40.6,38,2016
174,19.6,2.8,19,14.8,2016
175,12.6,29.2,16.6,36.4,2016
176,17.8,48.8,169.5,52,2016
177,60.4,21.2,1.4,24.6,2016
178,30.3,9.7,4.6,10,2016
179,77.6,77.8,40,12.8,2016
180,0.6,18.4,0,4,2016
181,14.3,59.5,1.2,24.2,2016
182,27.4,35.4,35,38,2016
183,17.5,26.5,23.5,12.2,2016
184,90,177.3,96.3,70,2016
185,10.8,20.4,2.3,4,2016
186,55,44.7,147.3,88,2016
187,3.5,73,4.2,18.2,2016
188,4.2,6.8,4,6,2016
189,0.7,17.5,6.6,16.8,2016
190,4.5,63.2,5.4,14.2,2016
191,1.9,22.5,0,0,2016
192,70,154.2,21.4,130,2016
193,15.7,39,26.2,36.6,2016
194,17.4,60,2.6,90.2,2016
195,4.9,83.5,0,50,2016
196,5.3,17.5,48.2,12.4,2016
197,7.2,49.8,0,62,2016
198,45,88.9,32,42.8,2016
199,26.1,22.2,12,46,2016
200,30.8,28,28.8,12,2016
201,0,22.5,2.2,2,2016
202,29,85.5,5.4,50.6,2016
203,35.2,40.2,74.3,46,2016
204,25.6,97.2,27.8,20.8,2016
205,41.1,3,41.6,36.6,2016
206,6.3,48.4,1.6,40,2016
207,35.1,132,134.3,76.8,2016
208,222.9,216.5,146.6,166,2016
209,56.4,56.7,47.8,42.4,2016
210,1.6,19,25,4,2016
211,9.7,27,8.2,6.2,2016
212,0.6,1.5,9.8,4,2016
213,3.5,20,8.2,6.4,2016
214,8.7,12.7,11.2,6.4,2016
215,1.2,4.5,1.6,0,2016
216,0.5,9.7,0,2.6,2016
217,0.9,20.4,0,2,2016
218,3.5,0,0,0,2016
219,33.2,43,14.4,44,2016
220,0.9,4,0,38.2,2016
221,1.1,24.8,3.5,6,2016
222,0.5,9,10.2,0,2016
223,4,10.5,58.3,4.4,2016
224,5,18.2,7,6.8,2016
225,19,10,0,4,2016
226,1.1,7.4,0,4.2,2016
227,5.8,41.5,4,6.8,2016
228,11,62.5,9.3,8.6,2016
229,30.8,20.5,7.2,2,2016
230,62.6,53.7,15.4,42,2016
231,0.7,24.6,0,42.4,2016
232,3.4,19.5,2,16.8,2016
233,0,27.5,6.7,6.6,2016
234,0,3.7,0,0,2016
235,41,3.4,5,42,2016
236,0,0,0,0,2016
237,0,0,2.2,0,2016
238,2.3,0,0,0,2016
239,12.8,79,0,40.2,2016
240,0,1.3,0,0,2016
241,0,0,13.2,0,2016
242,30.5,11,48.8,2.8,2016
243,65.5,12,47.3,120.2,2016
244,35.6,19.2,10.2,50.4,2016
245,83.5,44.5,10.5,116,2016
246,50.9,30.5,150.3,46.4,2016
247,87,23.2,238.4,48.6,2016
248,55,154,43.6,66.2,2016
249,0.4,0,0,0,2016
250,0,0,0,0,2016
251,40.5,8,20.2,80,2016
252,106.1,140.4,107.3,190.8,2016
253,19.6,23.5,18.7,18.6,2016
254,51.9,38.2,2,160.4,2016
255,13.7,85.5,4.8,52.2,2016
256,4.8,4.2,15,0,2016
257,19.1,8.2,27.2,4.8,2016
258,1.2,9.4,1,6.6,2016
259,0,4.6,0,0,2016
260,1.1,23,0,12.4,2016
261,99.9,81.1,51.8,82,2016
262,274.2,84.8,89.6,160.2,2016
263,0,1,0,2,2016
264,16.1,82.4,10,126.8,2016
265,14.5,166.2,4.2,48,2016
266,0.4,42.9,8.4,4,2016
267,2.1,2.5,0,2.8,2016
268,26.9,11.2,57.8,42,2016
269,0,0,0,0,2016
270,0.5,66.4,0,6.2,2016
271,0,15.5,0,0,2016
272,0,88.4,0,8.4,2016
273,2.6,16.5,5.2,4.8,2016
274,0,0,0,0,2016
275,0,11,0,10.8,2016
276,42.2,45.3,0,36,2016
277,60.5,27.5,24,38.2,2016
278,87.1,2.5,43.2,0,2016
279,0.5,5.2,3,4,2016
280,23.4,28.2,67.2,46,2016
281,6.5,4.2,0,2.2,2016
282,0,64.7,10.9,36,2016
283,57.3,15.2,3.4,10,2016
284,1.4,12.4,0,80.2,2016
285,55.1,2.5,0,48,2016
286,0,0,0,0,2016
287,0,27.2,0,0,2016
288,0,0,0,0,2016
289,0.8,1.5,0,8,2016
290,0,0,0,0,2016
291,0.6,0,0,0,2016
292,0,0,0,0,2016
293,0,0,0,0,2016
294,0,0,0,0,2016
295,0,0,0,0,2016
296,0,0,0,0,2016
297,0,0,0,0,2016
298,0,0,0,0,2016
299,0,0,0,0,2016
300,0,0,0,0,2016
301,0,0,0,0,2016
302,0,0,0,0,2016
303,0,0,0,0,2016
304,0,0,0,0,2016
305,0,0,0,0,2016
306,0,0,0,0,2016
307,0,0,0,0,2016
308,0,0,0,0,2016
309,0,0,0,0,2016
310,0,0,0,0,2016
311,0,0,0,0,2016
312,0,0,0,0,2016
313,0,0,0,0,2016
314,0,0,0,0,2016
315,0,0,0,0,2016
316,0,0,0,0,2016
317,0,0,0,0,2016
318,0,0,0,0,2016
319,0,0,0,0,2016
320,0,0,0,0,2016
321,0,0,0,0,2016
322,0,0,0,0,2016
323,0,0,0,0,2016
324,0,0,0,0,2016
325,0,0,0,0,2016
326,0,0,0,0,2016
327,0,0,0,0,2016
328,0,0,0,0,2016
329,0,0,0,0,2016
330,0,0,0,0,2016
331,0,0,0,0,2016
332,0,0,0,0,2016
333,0,0,0,0,2016
334,0,0,0,0,2016
335,0,0,0,0,2016
336,0,0,0,0,2016
337,0,0,0,0,2016
338,0,0,0,0,2016
339,0,0,0,0,2016
340,0,0,0,0,2016
341,0,0,0,0,2016
342,0,0,0,0,2016
343,0,0,0,0,2016
344,0,0,0,0,2016
345,0,0,0,0,2016
346,0,0,0,0,2016
347,0,0,0,0,2016
348,0,0,0,0,2016
349,0,0,0,0,2016
350,0,0,0,0,2016
351,0,0,0,0,2016
352,0,0,0,0,2016
353,0,0,0,0,2016
354,0,0,0,0,2016
355,0,0,0,0,2016
356,0,0,0,0,2016
357,0,0,0,0,2016
358,0,0,0,0,2016
359,0,0,0,0,2016
360,0,0,0,0,2016
361,0,3,0,0,2016
362,0,0,0,0,2016
363,0,0,0,0,2016
364,0,0,0,0,2016
365,0,0,0,0,2016
366,0,0,0,0,2016
1,0,0,0,0,2017
2,0,1.7,0,0,2017
3,0,0,0,0,2017
4,0,0,0,0,2017
5,0,0,0,0,2017
6,0,0,0,0,2017
7,0,0,0,0,2017
8,0,0,0,0,2017
9,0,0,0,0,2017
10,0,0,0,0,2017
11,0,1.6,0,2.6,2017
12,0,0,0,0,2017
13,0,0,0,0,2017
14,0,0,0,0,2017
15,0,0,0,0,2017
16,0,0,0,0,2017
17,0,0,0,0,2017
18,0,0,0,0,2017
19,0,0,0,0,2017
20,0,0,0,0,2017
21,0,0,0,0,2017
22,0,0,0,0,2017
23,5.5,0,0,0,2017
24,0,0,0,0,2017
25,0,0,0,0,2017
26,0,0,0,0,2017
27,0,0,0,0,2017
28,0,31,10,6.4,2017
29,0,0,1.5,0,2017
30,0,0,0,0,2017
31,0,0,0,0,2017
32,0,0,0,0,2017
33,0,0.1,0,0,2017
34,0,0,0,0,2017
35,0,0,0,0,2017
36,0,0,0,0,2017
37,0,0,0,0,2017
38,0,0,0,0,2017
39,0,0,0,0,2017
40,0,0,0,0,2017
41,0,0,0,0,2017
42,0,0,0,0,2017
43,0,0,0,0,2017
44,0,0,0,0,2017
45,0,0,0,0,2017
46,0,0,0,0,2017
47,0,0,0,0,2017
48,0,0,0,0,2017
49,0,0,0,0,2017
50,0,0,0,0,2017
51,0,0,0,0,2017
52,0,0,0,0,2017
53,0,0,0,0,2017
54,0,0,0,0,2017
55,0,0,0,0,2017
56,0,0,0,0,2017
57,0,0,0,0,2017
58,0,0,0,0,2017
59,0,0,0,0,2017
60,0,0,0,0,2017
61,0,0,9.4,0,2017
62,0,0,0,0,2017
63,0,0,0,0,2017
64,0,0,0,0,2017
65,0,0,0,0,2017
66,0,0,0,0,2017
67,0,0,0,0,2017
68,2.8,15,2.6,4,2017
69,1.6,14.5,0,4.6,2017
70,26.6,36,26.4,38.4,2017
71,4.9,8.6,0,6,2017
72,0,0,0,0,2017
73,0,0,0,0,2017
74,0,0.5,0,0,2017
75,0,0,15.4,30,2017
76,10.6,38.2,0,0,2017
77,0,0,0,0,2017
78,0,0,0,0,2017
79,4.1,2.8,5,4,2017
80,0,0,0,0,2017
81,0,0,0,0,2017
82,0,0,0,0,2017
83,0,0,0,0,2017
84,0,0.5,1.5,0,2017
85,27,0,12.4,0,2017
86,0,2.8,0,4.2,2017
87,9.1,7.5,3,36.4,2017
88,8.1,1,18.6,16.8,2017
89,10.5,7.5,0,12.4,2017
90,3,1.5,0,0,2017
91,1.1,1,9.5,0,2017
92,28.1,15.5,19,30,2017
93,8.1,0.5,28.3,4,2017
94,25.2,7.5,23,10.2,2017
95,45.4,19,21.2,12,2017
96,27,1.4,1.6,2.4,2017
97,6,10.6,3,4,2017
98,7.1,9.4,0,2.2,2017
99,0,0,0,0,2017
100,0,0,0,0,2017
101,0,0,0,0,2017
102,0,0,0,0,2017
103,0,0,0,0,2017
104,0,0,0,0,2017
105,6.3,6.5,19,10,2017
106,0,1.7,0,0,2017
107,0,0,0,0,2017
108,0,0,0,0,2017
109,0,8.5,0,2,2017
110,0,7.3,0,4,2017
111,5.8,2.4,22,6.2,2017
112,98.7,4.2,16,46,2017
113,47.8,45.5,49.6,50.2,2017
114,5.7,10.5,8,6.8,2017
115,0,0,2,0,2017
116,0,0,0,0,2017
117,0,0,0,0,2017
118,0.5,0,5,4,2017
119,0.3,0,31,0,2017
120,17.8,11,0,10,2017
121,7.5,13,14.2,0,2017
122,4.5,1.5,0,0,2017
123,9.4,4.5,2,0,2017
124,28.5,7.2,15,40.2,2017
125,24.2,3,17,4,2017
126,0,0,0,0,2017
127,1,0,0,2,2017
128,0,0,22.5,0,2017
129,9.8,13.5,0,2.8,2017
130,0,3,8.3,0,2017
131,0,0,0,0,2017
132,34,64,40.3,42,2017
133,0,1.5,0,0,2017
134,0.7,1,8,0,2017
135,0.7,2.5,0,0,2017
136,23.5,3.7,15.6,2.2,2017
137,16.4,3.6,23.6,4.2,2017
138,0,0,0,0,2017
139,48.6,18.5,14,16.8,2017
140,1.5,3,29,0,2017
141,9.9,77.5,4,32.4,2017
142,3.3,0,0,4,2017
143,16.7,11.2,0,10.2,2017
144,0,0,0,4.8,2017
145,0,0,5.6,0,2017
146,15.3,10,0,4.2,2017
147,4.4,20,11,0,2017
148,3,43.5,57.8,0,2017
149,18,9.2,12,10,2017
150,0.9,6.2,9.4,6,2017
151,9.4,9.5,0,2.2,2017
152,0,0,0,6.8,2017
153,31.6,0.3,31.3,38,2017
154,9.5,8.5,0,10.2,2017
155,0,0,0,0,2017
156,5.5,0,8.4,12,2017
157,21.4,4,35.2,30.8,2017
158,1.6,2.4,0,2.6,2017
159,0,3.6,0,0,2017
160,0,6.8,0,10,2017
161,2.1,3.5,12.4,0,2017
162,0,0,0,0,2017
163,0,1,0,0,2017
164,63.3,0,49.2,26.4,2017
165,0.7,34,0,2,2017
166,2.4,19,0,2.2,2017
167,35.5,23.5,13.4,80,2017
168,0,17,0,0,2017
169,5.4,0,5,30.8,2017
170,20.7,34.2,0,16.6,2017
171,5.8,1,6.5,18,2017
172,39.4,33.5,34.6,12,2017
173,1.5,1,13.9,2,2017
174,22.9,63,0,16.4,2017
175,0,62,0,0,2017
176,0,15,52.6,0,2017
177,3.5,21,56,0,2017
178,86.9,156.6,34.2,156,2017
179,12.3,23.5,2.1,8.2,2017
180,67.3,95.2,43.2,16,2017
181,43.3,30,19.2,90,2017
182,170.5,40.2,63.4,130,2017
183,191.4,98.2,86.4,270.4,2017
184,4.3,105.5,7.2,70.8,2017
185,2.1,16.7,5.8,10.6,2017
186,37.1,44.5,46.3,42,2017
187,34.4,54.9,26.7,16.2,2017
188,3,1.8,5.4,26.4,2017
189,0,14,18.4,0,2017
190,145.5,308.3,54.3,100.6,2017
191,146.1,100.7,35.1,160,2017
192,15.6,22.5,24.5,16.8,2017
193,19.4,85.5,24.5,46,2017
194,0.1,0,0,0,2017
195,0,25,4.6,0,2017
196,10.1,132.2,25.6,12.8,2017
197,0,0,0,4.6,2017
198,51.1,12,48.3,20.4,2017
199,15.8,47,34.3,0,2017
200,0,4.5,0,0,2017
201,2.1,32.2,2.2,36.2,2017
202,0.5,106,0,6,2017
203,2.9,52,11,8.6,2017
204,2.3,15.5,10.4,12.8,2017
205,16.2,46.4,19.5,36,2017
206,17.1,16.5,14,50.2,2017
207,1,16.4,28.4,12.6,2017
208,22,32.2,43,10.8,2017
209,0.4,31,3.2,4,2017
210,8.3,92,40,2,2017
211,138.2,111,109.4,42.6,2017
212,13.5,38,8.2,10,2017
213,4.6,55,1,38,2017
214,83.5,64.5,31,62.4,2017
215,51.6,86.5,74.3,64.8,2017
216,2.6,15.2,0,16,2017
217,20.6,65.2,20.1,80.2,2017
218,15.7,1.2,0,10,2017
219,55,89.2,50.4,52.6,2017
220,1.7,28,0,10.8,2017
221,5,89.4,12,40,2017
222,26.1,37,19,54.4,2017
223,89,49.4,138.4,80.6,2017
224,3,11.7,8.4,36.8,2017
225,19.3,20,18.2,12.4,2017
226,9,8.5,0,20,2017
227,0,4.2,0,0,2017
228,14.5,43,28.5,36.8,2017
229,31.7,80.7,20,100,2017
230,0.7,1,0,2,2017
231,21.1,90.2,22.6,70.2,2017
232,0.6,2.2,47.3,2,2017
233,31,87.2,0,74.4,2017
234,9.5,3.2,37,28.8,2017
235,70.7,45.5,21,90,2017
236,0.2,4.2,0,4.2,2017
237,5.5,1.2,24.5,12,2017
238,1.8,4.6,0,0,2017
239,10.8,5.5,24,0,2017
240,21.7,47.4,23.8,70.6,2017
241,0.2,3.5,0,0,2017
242,8.3,5.2,11.2,76.4,2017
243,5.5,30.8,5,38,2017
244,85.7,66.5,24.8,180,2017
245,153.5,92.5,80,130.6,2017
246,78,19.8,56.2,40.2,2017
247,76.5,27,80.6,10,2017
248,0,0,0,2.2,2017
249,0.3,32.2,0,6.4,2017
250,0,0,0,2,2017
251,0.5,32.2,3,0,2017
252,42.2,1,40,36.8,2017
253,2,41.5,0,0,2017
254,47.5,5.5,24,76.2,2017
255,63.7,6,44.5,80,2017
256,48.6,35.6,10,72,2017
257,0,0,0,0,2017
258,0,0,0,0,2017
259,0,0,0,0,2017
260,0,0,0,0,2017
261,39.5,2.7,0,38,2017
262,7.2,1.2,18.4,0,2017
263,0,0,3.6,0,2017
264,4,47.5,4.3,18.8,2017
265,20.6,42.4,22.4,8.6,2017
266,2.6,4,0,6,2017
267,0,0,0,0,2017
268,0,28.5,0,0,2017
269,0,0,0,0,2017
270,0.9,48.5,0,6.8,2017
271,0.4,37,0,4,2017
272,0,0,0,0,2017
273,38.4,7,78.6,38,2017
274,0,11.5,2,40.2,2017
275,0,45.4,12,78.4,2017
276,41.1,4.6,0,16.8,2017
277,0,0,0,0,2017
278,0,0,0,0,2017
279,1,0,0,0,2017
280,0.1,44.9,0,4.8,2017
281,5.3,21.5,0,40,2017
282,0,16.3,0,0,2017
283,0,0,0,0,2017
284,51.5,0,24.8,46,2017
285,0,0,0,0,2017
286,3.4,7,3.2,2.8,2017
287,6.4,0,4.5,2,2017
288,0,0,0,0,2017
289,0,0,0,0,2017
290,0,2.5,0,0,2017
291,0,0,0,0,2017
292,0,0,0,0,2017
293,0,0,0,0,2017
294,0,86.9,0,2,2017
295,1.7,1.2,0,66.8,2017
296,10,100.6,0,36,2017
297,0.1,0,0,2.6,2017
298,0,0,0,0,2017
299,0,0.5,0,0,2017
300,0,0,0,0,2017
301,0,0,0,0,2017
302,0,0.8,0,0,2017
303,0,0,0,0,2017
304,0,0,0,0,2017
305,0,1.5,0,0,2017
306,0,0,0,0,2017
307,0,0,0,0,2017
308,0,0,0,0,2017
309,0,0,0,0,2017
310,0,0,0,0,2017
311,0,0,0,0,2017
312,0,0,0,0,2017
313,0,0,0,0,2017
314,0,0,0,0,2017
315,0,0,0,0,2017
316,0,0,0,0,2017
317,0,0,0,0,2017
318,0,0,0,0,2017
319,0,0,0,0,2017
320,0,0,0,0,2017
321,0.6,0,0,2.8,2017
322,0,0,0,0,2017
323,0,0,0,0,2017
324,0,0,0,0,2017
325,0,0,0,0,2017
326,0,0,0,0,2017
327,0,0,0,0,2017
328,0,0,0,0,2017
329,0,0,0,0,2017
330,0,0,0,0,2017
331,0,0,0,0,2017
332,0,0,0,0,2017
333,0,0,0,0,2017
334,0,0,0,0,2017
335,0,0,0,0,2017
336,0,0,0,0,2017
337,0,0,0,0,2017
338,0,0,0,0,2017
339,0,0,0,0,2017
340,0,0,0,0,2017
341,0,0,0,0,2017
342,0,0,0,0,2017
343,0,0,0,0,2017
344,0,0,0,0,2017
345,0,0,0,0,2017
346,0,0,0,0,2017
347,0,0,0,0,2017
348,0,0,0,0,2017
349,0,0,0,0,2017
350,0,0,0,0,2017
351,0,0,0,0,2017
352,0,0,0,0,2017
353,0,0,0,0,2017
354,0,0,0,0,2017
355,0,0,0,0,2017
356,0,0,0,0,2017
357,0,0,0,0,2017
358,0,0,0,0,2017
359,0,0,0,0,2017
360,0,0,0,0,2017
361,0,0,0,0,2017
362,0,0,0,0,2017
363,0,0,0,0,2017
364,0,0,0,0,2017
365,0,0,0,0,2017
1,0,0,0,0,2018
2,0,0,0,0,2018
3,0,0,0,0,2018
4,0,0,0,0,2018
5,0,0,0,0,2018
6,0,0,0,0,2018
7,0,0,0,0,2018
8,0,0,0,0,2018
9,0,0,0,0,2018
10,0,0,0,0,2018
11,0,0,0,0,2018
12,0,0,0,0,2018
13,0,0,0,0,2018
14,0,0,0,0,2018
15,0,0,0,0,2018
16,0,0,0,0,2018
17,0,0,0,0,2018
18,0,0,0,0,2018
19,0,0,0,0,2018
20,0,0,0,0,2018
21,0,0,0,0,2018
22,0,0,0,0,2018
23,0,0,0,0,2018
24,0.6,3.5,0,0,2018
25,0.8,0,0,0,2018
26,0,0,1.2,0,2018
27,0,1,1.8,0,2018
28,0,0,0,0,2018
29,0,0,0,0,2018
30,0,0,0,0,2018
31,0,0,0,0,2018
32,0,0,0,0,2018
33,0,0,0,0,2018
34,0,0,0,0,2018
35,0,0,0,0,2018
36,0,0,0,0,2018
37,0,0,0,0,2018
38,0,0,0,0,2018
39,0,0,0,0,2018
40,0,0,0,0,2018
41,0,0,0,0,2018
42,0,0,0,0,2018
43,0,0,0,0,2018
44,0,6.5,0,2,2018
45,0,0,0,2,2018
46,0,0,0,0,2018
47,0,0,0,0,2018
48,0,0,0,0,2018
49,0,0,0,0,2018
50,0,0,0,0,2018
51,0,0,0,0,2018
52,0,0,0,0,2018
53,0,0,0,0,2018
54,0,20,7,8.2,2018
55,0,0,0,0,2018
56,0,0,0,0,2018
57,0,1,6.2,2.8,2018
58,0,0,0,0,2018
59,0,2.5,0,0,2018
60,0,3.8,3.4,2,2018
61,6.1,1,0,2.2,2018
62,0.1,11.5,0,20,2018
63,0,0,0,0,2018
64,0,0,0,0,2018
65,0,0,0,0,2018
66,0,0,0,0,2018
67,0,0,0,0,2018
68,7.4,6.5,6,6,2018
69,20.2,3,0,0,2018
70,0,0.5,0,0,2018
71,4.6,4.2,0,4,2018
72,0.9,0,0,2.2,2018
73,0,0,0,0,2018
74,0,0,2,0,2018
75,6.5,26.5,6.2,6.4,2018
76,0,0,4.3,0,2018
77,0.8,0.5,0,0,2018
78,0,0,0,0,2018
79,0,0,0,0,2018
80,0,0,0,0,2018
81,0,0,0,0,2018
82,0,0,0,0,2018
83,0,0,0,0,2018
84,0,0,0,0,2018
85,0,1.2,0,2,2018
86,0,0,0,0,2018
87,0,0,1.2,0,2018
88,5.8,17.2,2,6,2018
89,0.7,2.4,0,2,2018
90,2.5,4,0,2.2,2018
91,0,0,0,0,2018
92,0,0,0,0,2018
93,0,0,0,0,2018
94,5.2,9.5,24,0,2018
95,31.6,33,0,20,2018
96,0,0,0,0,2018
97,3.8,0,0,10.2,2018
98,25.9,16,0,6,2018
99,0,0,0,0,2018
100,0.7,9.2,9.7,4,2018
101,12.9,2.2,7.5,2,2018
102,20.4,5.4,16.8,4,2018
103,8.4,20,23,10,2018
104,2.2,1.5,23,0,2018
105,0,0,0,0,2018
106,0,0.5,20,0,2018
107,25.3,5.5,18,10.2,2018
108,28.5,0,6.2,20.4,2018
109,4.7,9.2,37.5,2,2018
110,19.8,11,18,16,2018
111,0,0,16,0,2018
112,5.5,0,0,4.4,2018
113,0,0,0,0,2018
114,0,0,0,0,2018
115,0,0,0,0,2018
116,0,0,0,0,2018
117,1.8,1.4,0,0,2018
118,0,5.2,31.4,0,2018
119,21.6,21.5,16.3,38,2018
120,2.6,4.5,4.7,10.2,2018
121,1.2,2.5,3.5,4.8,2018
122,23.7,0,3.2,0,2018
123,11.3,108,5.2,40,2018
124,0.1,1.5,0,0,2018
125,13.6,37.4,33,40,2018
126,9.4,0,3.7,4.2,2018
127,0.5,0,8.4,6.4,2018
128,0,0,0,0,2018
129,11.4,0,1.7,4.4,2018
130,4.9,2.5,8.2,10,2018
131,0,0,10,0,2018
132,2.7,0,6.2,0,2018
133,32.7,0,8.6,12.8,2018
134,30.4,18,124.2,14.6,2018
135,0,1.5,1.5,0,2018
136,40.5,0,4,0,2018
137,20.7,12,5,14,2018
138,36.3,3.2,22.9,20.6,2018
139,0,0,6.3,0,2018
140,4.1,9,0,10,2018
141,0,0,0,0,2018
142,13,0,0,0,2018
143,1,10,0,4,2018
144,1.7,7.5,0,10.6,2018
145,6.4,0,0,8.8,2018
146,13.8,8.5,10,4.6,2018
147,49.4,15,23.2,10.4,2018
148,33.7,1,16,10.8,2018
149,0.7,1,2.5,0,2018
150,0.3,1.4,7.8,0,2018
151,73.7,3.5,0,20.2,2018
152,41.3,27,7,6.4,2018
153,1.7,0,112,4.2,2018
154,2.9,0,11,0,2018
155,0,0,0,0,2018
156,1,27,11.2,0,2018
157,0,0,0,0,2018
158,0,9,11.2,0,2018
159,26.3,43,0,94,2018
160,0,0,8.5,0,2018
161,0,7.2,0,0,2018
162,0.3,3,0,0,2018
163,5.7,82.9,37,20,2018
164,0.4,1.5,20.1,2.8,2018
165,3.1,6.5,0,0,2018
166,12.9,11.2,0,52,2018
167,29.5,26.5,10,84.2,2018
168,8,2.8,35.7,10,2018
169,1.2,31.5,13,12.6,2018
170,13.4,1.5,7,14.8,2018
171,12.8,1.5,0,84,2018
172,49,32.2,26.4,30,2018
173,14,26.2,30,42,2018
174,2.8,14,4,6.4,2018
175,33.2,17.2,14,36,2018
176,67.5,45.4,24,94,2018
177,29.2,89.5,75.2,114,2018
178,8.2,22.2,6,10,2018
179,1.2,21,45,8,2018
180,0,24.4,0,2.4,2018
181,0.2,42.5,70.2,4.6,2018
182,62,55.5,48.5,40,2018
183,9.6,11,17.8,4,2018
184,75.7,56.5,131.2,42.2,2018
185,63.5,5.7,66.2,52.4,2018
186,58.7,46.2,50,50.2,2018
187,3.2,8.2,0,8,2018
188,3.6,70.5,0,48.8,2018
189,23.6,13.7,4.5,16,2018
190,70,109.8,105,96,2018
191,32,12.8,25.2,54.2,2018
192,19.7,12.2,15.2,16,2018
193,11.5,94.7,29.9,20,2018
194,22.6,48.5,27.5,84,2018
195,12.7,231.2,6,38,2018
196,0,80.9,0,126,2018
197,26,138.2,10,16,2018
198,0,68,0,6.2,2018
199,12.5,103.2,11.5,0,2018
200,0,51.9,0,0,2018
201,0,0,0,0,2018
202,43.5,21.5,47.4,20,2018
203,1.8,25.5,9.2,38.4,2018
204,29.2,63.2,28.5,44,2018
205,0,1.5,0,0,2018
206,10.5,74.2,109,166.2,2018
207,36.5,69.9,48.5,42.4,2018
208,7,1.5,21.4,2,2018
209,25,14.2,2.2,4.4,2018
210,0,12,1.2,16,2018
211,36.2,38,6.7,36,2018
212,6.2,34.5,8.4,4,2018
213,3.9,39,21,10,2018
214,23.2,93.5,1.2,46.2,2018
215,13,96.6,10,10,2018
216,2.5,61.4,2.1,30.4,2018
217,60.2,43.7,57.6,38.6,2018
218,26,45.5,0,2,2018
219,2.7,4.7,3.8,0,2018
220,24.3,34,7.2,34.8,2018
221,0.3,63,30,2.2,2018
222,13.1,20.9,1.2,36.8,2018
223,43,70.4,1.8,40,2018
224,1.1,7.4,58.4,2,2018
225,5,31,7,36.8,2018
226,40.5,177,94.6,56.6,2018
227,41,147,0,38.4,2018
228,11.5,32,9.2,10,2018
229,17.7,24.5,8.2,52,2018
230,3,32,3.6,2.2,2018
231,29.8,3.5,36.2,4.6,2018
232,0,0,0,0,2018
233,23,70.2,3.8,10.8,2018
234,15.7,45.8,12.8,56,2018
235,9.5,27,18,46,2018
236,43.5,9.2,10.6,54.8,2018
237,21,83.4,40.1,50,2018
238,5.8,5.5,18.6,4,2018
239,1.1,36,10.4,0,2018
240,7.6,88.5,13.8,98.4,2018
241,10,34,11,12,2018
242,2.9,3.5,1,2,2018
243,98.5,73.5,60.2,46.6,2018
244,14,53,4.6,0,2018
245,0,18,0,6.8,2018
246,74.5,67,48.7,46,2018
247,0,74.5,2,0,2018
248,0,0.5,0,0,2018
249,6.1,0,0,0,2018
250,7.2,158.2,0,6.8,2018
251,0,0,0,38.6,2018
252,0,19.2,0,34.8,2018
253,21.6,36.2,10.2,94.6,2018
254,207,134.5,184.6,128,2018
255,6.4,28.2,23,10,2018
256,11.2,8.5,20.4,70,2018
257,11.3,6.2,11.2,10.2,2018
258,49,7,119.5,4.8,2018
259,71.2,23.5,45.2,60,2018
260,0.5,23,0,10,2018
261,0,0,0,0,2018
262,0,0,0,0,2018
263,0,0,0,0,2018
264,60,22.4,0,30,2018
265,3,3.4,2.6,4,2018
266,0,0.5,0,2.6,2018
267,0,0,11.5,0,2018
268,14.6,0,0,4.2,2018
269,0,38.2,0,0,2018
270,0,0,0,0,2018
271,0,8.5,0,0,2018
272,0,20.2,4.6,28,2018
273,0,34.5,0,0,2018
274,6.4,5.2,0,46,2018
275,0,6.4,62,0,2018
276,34.8,0,0,4,2018
277,11.5,8.5,0,4.2,2018
278,0,0,10.4,0,2018
279,0,0,0,0,2018
280,0,0,0,0,2018
281,0,0.5,0,0,2018
282,0,0,0,0,2018
283,0,0,0,0,2018
284,0,0.5,0,0,2018
285,0,17.5,0,0,2018
286,0,7,1.5,42,2018
287,0,0.5,0,6.8,2018
288,0,0,0,0,2018
289,0,0,0,0,2018
290,0,0.5,0,0,2018
291,0,0,0,2,2018
292,0,0,20,0,2018
293,0,0,19.2,0,2018
294,0,0,11.2,2,2018
295,4.7,0,2,2.2,2018
296,0,4.2,0,0,2018
297,0,0,0,0,2018
298,0,0,0,0,2018
299,0,0,0,0,2018
300,0,0,0,0,2018
301,0,0,0,0,2018
302,0,0,0,0,2018
303,0,0,0,0,2018
304,0,0,0,0,2018
305,0,0,0,0,2018
306,0,0,0,0,2018
307,0,0,0,0,2018
308,0,0,0,0,2018
309,0,0,0,0,2018
310,0,0,0,0,2018
311,0,0,0,0,2018
312,0,0,0,0,2018
313,0,0,0,0,2018
314,0,0,0,0,2018
315,0,0,0,0,2018
316,0,0,0,0,2018
317,0,3.5,0,0,2018
318,0,4.5,0,0,2018
319,0,0,0,0,2018
320,0,0,0,0,2018
321,0.6,0,0,0,2018
322,0,0,0,0,2018
323,0,0,0,0,2018
324,0,0,0,0,2018
325,0,0,0,0,2018
326,0,0,0,0,2018
327,0,0,0,0,2018
328,0,0,0,0,2018
329,0,0,0,0,2018
330,0,0,0,0,2018
331,0,0,0,0,2018
332,0,0,0,0,2018
333,0,0,0,0,2018
334,0,0,0,0,2018
335,0,0,0,0,2018
336,0,0,0,0,2018
337,0,0,0,0,2018
338,0,0,0,0,2018
339,0,0,0,0,2018
340,0,0,0,0,2018
341,0,0,0,0,2018
342,0,0,0,0,2018
343,0,0,0,0,2018
344,0,0,0,0,2018
345,0,0,0,0,2018
346,0,0,0,0,2018
347,0,0,0,0,2018
348,0,0,0,0,2018
349,0,0,0,0,2018
350,0,0,0,0,2018
351,0,0,0,0,2018
352,0,0,0,0,2018
353,0,0,0,0,2018
354,0,0,0,0,2018
355,0,0,0,0,2018
356,0,0,0,0,2018
357,0,0,0,0,2018
358,0,0,0,0,2018
359,0,0,0,0,2018
360,0,0,0,0,2018
361,0,0,0,0,2018
362,0,0,0,0,2018
363,0,0,0,0,2018
364,0,0,0,0,2018
365,0,0,0,0,2018
1,0,0,0,0,2019
2,0,0,0,0,2019
3,0,0,0,0,2019
4,0,0,0,0,2019
5,0,0,0,0,2019
6,0,0,0,0,2019
7,0,0,0,0,2019
8,0,0,0,0,2019
9,0,0,0,0,2019
10,0,0,0,0,2019
11,0,0,0,0,2019
12,0,0,0,0,2019
13,0,0,0,0,2019
14,0,0,0,0,2019
15,0,0,0,0,2019
16,0,0,0,0,2019
17,0,0,0,0,2019
18,0,0,0,0,2019
19,0,0,0,0,2019
20,0,0,0.6,0,2019
21,0,0,0,0,2019
22,0,0,5.6,0,2019
23,4.1,16,0,4,2019
24,1,1,0,0,2019
25,0,0,0,0,2019
26,28,56.5,29.5,36.2,2019
27,1.7,3,1.5,0,2019
28,0,0.4,0,0,2019
29,0,0,0,0,2019
30,0,0,0,0,2019
31,0,0,0,0,2019
32,0,0,0,0,2019
33,0,0,0,0,2019
34,0,0,0,0,2019
35,0,0,0,0,2019
36,0,0,0,0,2019
37,5.5,0,0,0,2019
38,22.8,12,6,4,2019
39,35.7,21.5,26,10,2019
40,0,47,29.8,36.2,2019
41,0,0,0,0,2019
42,0,0,0,0,2019
43,0,0,0,0,2019
44,0,0,0,0,2019
45,0,0,0,0,2019
46,0.5,5.2,1,16,2019
47,19.2,22.5,2,0,2019
48,0,0.5,1,0,2019
49,1.6,0,0,0,2019
50,9.3,3.4,9.4,2,2019
51,0,0,1.2,0,2019
52,0,0,13.5,0,2019
53,0,0,0,0,2019
54,0,0,0,0,2019
55,0,0,0,0,2019
56,0.1,2.5,0,0,2019
57,0,0,0,2.4,2019
58,8.2,12.5,4.4,4.8,2019
59,10.6,14.7,2.8,10,2019
60,10.2,0,5.2,0,2019
61,0,0,0,0,2019
62,0.9,3.4,1.2,0,2019
63,0.8,0,0,4,2019
64,5.9,0,2,2.6,2019
65,0.2,2.5,0,30,2019
66,0,0,0,0,2019
67,0,0,7,0,2019
68,8.4,10.4,2,0,2019
69,0.5,0.5,0,0,2019
70,0,0,0,0,2019
71,0,0,0,0,2019
72,0,0,0,0,2019
73,0,0,0,10,2019
74,0,0.4,0,4.2,2019
75,0,0,0,3,2019
76,0,0,0,0,2019
77,0,0,3.5,0,2019
78,0,0,0,0,2019
79,0.7,4.2,14.8,0,2019
80,4.4,3.2,0,0,2019
81,0,0,0,0,2019
82,0,0,0,0,2019
83,0,0,0,0,2019
84,0,0,3,0,2019
85,0.8,0,10.4,0,2019
86,14.4,7,0,0,2019
87,0,0,0,20.8,2019
88,0,0,15.5,10.4,2019
89,13.9,0.5,20.8,0,2019
90,30.1,14,18,10,2019
91,7.7,9.5,28.5,6.4,2019
92,0,4.2,0,0,2019
93,0,0,0,0,2019
94,0.2,7.5,0,4.8,2019
95,6.6,16.5,6,20,2019
96,5,0,17,0,2019
97,7,10,6,18.8,2019
98,0.7,0.5,0.5,2,2019
99,0,4.5,0,0,2019
100,0,0,0,0,2019
101,0.2,0,0,4.6,2019
102,0,0,0,0,2019
103,0.4,5.4,34.6,0,2019
104,6,5.5,0,18,2019
105,19.4,26.2,2.8,12.2,2019
106,15.8,46.3,0,4,2019
107,18.3,32.5,19.5,30.4,2019
108,0.5,1.5,0,2,2019
109,0,6.5,0,0,2019
110,0,0,0,0,2019
111,0,0,0,0,2019
112,1,10.5,11.2,0,2019
113,6.6,1.7,0,6,2019
114,0,0,0,0,2019
115,0,0.5,0,0,2019
116,10.5,9.5,4,2,2019
117,2,2.4,4,2.6,2019
118,18,12.5,42,4.8,2019
119,0,0,0,6,2019
120,54.5,18.8,43.6,46,2019
121,7.7,0,2.5,2.2,2019
122,7.7,4.4,7,4.8,2019
123,0,0,0,0,2019
124,0,0,0,0,2019
125,11.3,0,45.4,8,2019
126,11.7,0,10,10.4,2019
127,0,0,0,0,2019
128,0,0,0,0,2019
129,0,0,0,0,2019
130,0,0,3,0,2019
131,0,0,0,0,2019
132,0,0.7,0,0,2019
133,10,18.7,4.4,4.6,2019
134,8.4,13.5,14.4,4,2019
135,14.6,37.5,6.2,4.2,2019
136,20.1,12.2,11,0,2019
137,23.4,2.5,13.3,42,2019
138,0,0,2.5,2,2019
139,0,4.2,0,50,2019
140,0,0,0,36.8,2019
141,11.2,2,28.3,20.4,2019
142,63.6,15,23.5,6.8,2019
143,39,20.5,0,8.8,2019
144,1.8,11.4,22,4,2019
145,9.4,0,60,18.6,2019
146,37.2,0,0,48,2019
147,0.6,0,33,0,2019
148,58.5,69.2,0,90.4,2019
149,0.3,3.5,0,0,2019
150,13.5,1.5,0,10.8,2019
151,0,33.4,0,0,2019
152,35,11.5,10,4,2019
153,9,0,13.6,4.6,2019
154,44.1,20,50,48.8,2019
155,0,0,3,0,2019
156,5.3,14.7,2.5,14.4,2019
157,1.5,8.4,0,8.8,2019
158,16.5,27.5,92,14,2019
159,0,0,52.4,0,2019
160,38.4,5.4,40,48.6,2019
161,11.5,9.5,0,4,2019
162,29,25.2,18.5,50.8,2019
163,0.2,0,0,54,2019
164,1.4,0,0,0,2019
165,0,0,0,0,2019
166,83.2,0,59.3,4,2019
167,2.3,0,17.4,0,2019
168,89.2,0,26,36,2019
169,17.8,23.5,19.6,10.6,2019
170,0.5,10.5,3.2,2,2019
171,0.6,4.5,0,0,2019
172,0,0,0,0,2019
173,15,4.4,19,90.2,2019
174,48.5,87.2,46.5,50.8,2019
175,10,11.5,9.3,0,2019
176,0,24.5,0,10,2019
177,32.8,25.7,21.8,36,2019
178,15,3.4,5.2,14.2,2019
179,64.8,13,43.2,12.2,2019
180,19.8,14.2,23.4,50.8,2019
181,16.9,37.2,21.4,18,2019
182,0.5,4.2,8.4,0,2019
183,18,1.5,68.3,0,2019
184,40.5,84.2,0,78,2019
185,0,53.5,4,0,2019
186,34.2,117.9,3.2,90.2,2019
187,70.1,109.8,20.8,86,2019
188,0,35.5,0,2,2019
189,9.2,59.5,5.8,120,2019
190,4.8,87.7,5,18.4,2019
191,13.1,16.5,16.2,16,2019
192,2.4,29.4,5.8,36.2,2019
193,0.5,23.5,2,10,2019
194,5.1,26,5,12.8,2019
195,36.6,34.6,27,10.4,2019
196,25.8,23,23.8,76,2019
197,87.5,15.4,58.2,38,2019
198,0,0,21,0,2019
199,28.3,1.4,5.6,2,2019
200,60,12.5,1.2,4.2,2019
201,5.3,28.5,0,2.4,2019
202,12.8,47.9,44.2,10,2019
203,2,5.2,3.4,12.2,2019
204,17.9,42.5,3.4,40.4,2019
205,17.1,35.5,7.8,38,2019
206,3.4,9.5,2,2.8,2019
207,20.5,50.5,2,60,2019
208,18.6,38.2,12.2,50.2,2019
209,0,70.4,6,0,2019
210,0,31.4,0,2,2019
211,1.8,21.7,0,0,2019
212,9,11.2,0,10,2019
213,12.3,170.1,0,10.4,2019
214,0.3,60.2,52,0,2019
215,3.4,86.9,0,6.8,2019
216,2.5,43.7,8.4,30.2,2019
217,53.8,74,0,84,2019
218,4.6,12.7,21.1,42.6,2019
219,0,5.5,2,10,2019
220,2.6,19.5,1.8,2,2019
221,14.6,62.2,0,36,2019
222,0,0,19.6,0,2019
223,35,86.7,30.2,46.4,2019
224,0,1,0,0,2019
225,5.5,19,2,2,2019
226,0.1,8.5,0,0,2019
227,13.6,46.2,6,2,2019
228,6.8,12.7,14.6,4,2019
229,0,180.9,0,6,2019
230,0,30.5,0,0,2019
231,6.9,96.7,0,4,2019
232,6.2,59.5,27.2,10.2,2019
233,3.4,43.5,0,9.8,2019
234,34.6,85,0,36,2019
235,0,2.7,0,0,2019
236,53.9,72.5,53,46.6,2019
237,13.4,33.5,14,22.8,2019
238,0.1,0,0,0,2019
239,1.8,12,3.8,4,2019
240,0,0,0,0,2019
241,42.5,58.5,10,44,2019
242,0,0.5,0,0,2019
243,0,56.9,0,0,2019
244,25.6,37.5,26,86.8,2019
245,2.9,1.5,2.4,0,2019
246,29.4,1.4,0,4.4,2019
247,107.5,64,50.3,44,2019
248,1,38.5,46.3,0,2019
249,3.7,45.5,4.6,2,2019
250,66.5,49.5,71.8,44,2019
251,0,0,0,4.2,2019
252,0,42.5,0,6.8,2019
253,5,78.2,9.8,10,2019
254,58.7,88.5,24.3,6,2019
255,8.1,116.3,3.8,90,2019
256,5.8,63.9,11,10.2,2019
257,6.8,17.5,3.2,12,2019
258,1.4,12.5,2,30,2019
259,71,24,66.8,94.4,2019
260,76,208,49.5,90.6,2019
261,3.7,4,5.2,4,2019
262,23.5,26.2,25.5,10.8,2019
263,0.2,0,2.3,0,2019
264,0,22.7,0,0,2019
265,45.1,14.5,58.6,12,2019
266,0.3,0,2,0,2019
267,7.8,20.7,58.5,36,2019
268,35.1,83.2,9.4,38.8,2019
269,18.1,50,0,26,2019
270,1.3,12.5,2.2,10,2019
271,2.9,5.2,2,2.2,2019
272,4.7,21.2,0,6,2019
273,0,0,0,0,2019
274,1.4,58.9,0,48,2019
275,37.7,12.5,12,36,2019
276,0,0,0,0,2019
277,0.1,3.5,0,80,2019
278,67,4.5,0,25.5,2019
279,18,0,5.6,0,2019
280,0,121.2,0,2,2019
281,25.3,15.4,0,30,2019
282,5.1,15.2,8.2,36,2019
283,11.7,0,0,0,2019
284,33.8,0,0,4.4,2019
285,0,2.7,0,10,2019
286,0,6.5,6.5,0,2019
287,0,0,0,0,2019
288,0,4.2,0,0,2019
289,0,0,8.2,0,2019
290,0,0,0,0,2019
291,0,0,0,0,2019
292,0,0,0,0,2019
293,0,0,0,0,2019
294,0,0,0,0,2019
295,0,0,0,0,2019
296,0,0,0,0,2019
297,0,0,0,0,2019
298,0,0,0,0,2019
299,0,0,0,0,2019
300,0,0,0,0,2019
301,0,1,0,0,2019
302,0,0,0,0,2019
303,0,0,0,0,2019
304,0,0,0,0,2019
305,0,0,0,0,2019
306,0,0,0,0,2019
307,0,0,0,0,2019
308,0,0,0,0,2019
309,9.2,10,0,0,2019
310,0,0,0,0,2019
311,0,0,0,0,2019
312,0,0,0,0,2019
313,0,0,0,0,2019
314,0,0,0,0,2019
315,0,0,0,0,2019
316,0,0,0,0,2019
317,0,0,0,0,2019
318,0,0,0,0,2019
319,0,0,0,0,2019
320,0,0,0,0,2019
321,0,0,0,0,2019
322,0,0,0,0,2019
323,0,0,0,0,2019
324,0,0,0,0,2019
325,0,0,0,0,2019
326,0,0,0,0,2019
327,0,0,0,0,2019
328,0,0,0,0,2019
329,0,0,0,0,2019
330,0,0,0,0,2019
331,0,0,0,0,2019
332,0,0,0,0,2019
333,0,0,0,0,2019
334,0,0,0,0,2019
335,0,0,0,0,2019
336,0,0,0,0,2019
337,0,0,0,0,2019
338,0,0,0,0,2019
339,0,0,0,0,2019
340,0,0,0,0,2019
341,0,0,0,0,2019
342,0,0,0,0,2019
343,0,0,0,0,2019
344,0,0,0,0,2019
345,0,0,0,0,2019
346,0,0,0,0,2019
347,0,4.7,33.4,2.6,2019
348,39.6,50.9,0,46.2,2019
349,0,0,0,0,2019
350,0,0,0,0,2019
351,0,0,0,0,2019
352,0,0,0,0,2019
353,0,0,0,0,2019
354,0,0,0,0,2019
355,0,0,0,0,2019
356,0,0,0,0,2019
357,0,0,0,0,2019
358,0,0,0,0,2019
359,0,0,0,0,2019
360,0,0,0,0,2019
361,0,0,0,0,2019
362,0,0,0,0,2019
363,0,0,0,0,2019
364,0,0,0,0,2019
365,0,0,0,0,2019
,0,0,0,0,2020
1,0,0,0,0,2020
2,0.01,0,0,0,2020
3,30.9,25,0,36,2020
4,1.9,1,24.8,4,2020
5,0,0.9,0,0,2020
6,0,0,0,0,2020
7,0.01,0,0,0,2020
8,3.5,3.2,0,0,2020
9,0.7,0,4.8,0,2020
10,0,0,1.5,0,2020
11,0.3,0,0,0,2020
12,0,0,0,0,2020
13,0,0,0,0,2020
14,0,0,0,0,2020
15,0.7,6.2,0,0,2020
16,22.5,45.5,0,18,2020
17,10,10.5,23.4,8.4,2020
18,0.01,0,9.2,0,2020
19,0,0,0,0,2020
20,0,0,0,0,2020
21,0,0,0,0,2020
22,0,0,0,0,2020
23,0,0,0,0,2020
24,0,0,0,0,2020
25,0,0,0,0,2020
26,0.01,0,0,0,2020
27,0,0,0,0,2020
28,0,0.2,0,10,2020
29,2.9,6.5,0,0,2020
30,0.4,0,0,0,2020
31,0,0,0,0,2020
32,0,0,0,0,2020
33,0,0,0,0,2020
34,0,0,0,0,2020
35,0,0,0,0,2020
36,0,0,0,0,2020
37,0,0,0,0,2020
38,0,0,0,0,2020
39,3.1,12.6,1.5,6.2,2020
40,0,0,0,0,2020
41,0,0,0,0,2020
42,0,0,0,0,2020
43,0,0,0,0,2020
44,0,0,0,0,2020
45,0,0,0,0,2020
46,0,0,0,0,2020
47,0,0,0,0,2020
48,0,0,0,0,2020
49,0,0,0,0,2020
50,0,0,0,0,2020
51,0,0.5,0,0,2020
52,1.8,9.2,0,4.2,2020
53,0,0,0,0,2020
54,0,9.2,0,0,2020
55,2.3,6.2,0,4.8,2020
56,14.1,18,15.8,8,2020
57,0.01,0,0,0,2020
58,0,0,0,0,2020
59,0,0,0,0,2020
60,0,0,0,0,2020
61,0.7,0.01,0,2,2020
62,0,0,0,0,2020
63,36.6,11.5,6,4,2020
64,0.8,2.3,0,10,2020
65,0,2.4,0,2,2020
66,25.8,22.3,24.2,12.2,2020
67,0,0.01,0,0,2020
68,0,0,0,0,2020
69,0,0,0,0,2020
70,0,0,0,0,2020
71,0,0,0,0,2020
72,0,0,0,0,2020
73,0.01,0,0,0,2020
74,2.1,6,0,10,2020
75,0,0,0,0,2020
76,0,0,0,0,2020
77,0.2,0,0,0,2020
78,10.9,0,7.3,2.4,2020
79,8,6,27.6,4,2020
80,2.6,1.7,1.5,0,2020
81,0,0,1.8,0,2020
82,0.01,1.5,3,0,2020
83,0,0,0,0,2020
84,0,0,0,0,2020
85,18.9,30,16,12.8,2020
86,0,0,0,0,2020
87,0.2,0.01,0,0,2020
88,0,0,0,0,2020
89,0,0,0,0,2020
90,0,0,0,0,2020
91,2.9,4.6,0,0,2020
92,39.4,9.8,22.2,10.6,2020
93,0,0,0,0,2020
94,0,0,0,0,2020
95,0.2,11.4,0,2,2020
96,0,0,0,0,2020
97,0,0,0,0,2020
98,0,0,0,0,2020
99,0,0,0,0,2020
100,0.01,1.2,0,4.2,2020
101,0,0,0,0,2020
102,0,2.4,3,0,2020
103,0,0,0,6,2020
104,42.3,35.6,38.4,36.2,2020
105,4.1,17.2,2.6,6.8,2020
106,11.7,33,19.6,10,2020
107,11,2.7,12.8,10.6,2020
108,24.6,17.5,56,46,2020
109,1.6,3.6,23,6,2020
110,1.8,13.1,5,4.2,2020
111,6.4,15,8.3,6,2020
112,2.8,9,9,4.2,2020
113,0.9,5.8,2,2,2020
114,11.9,7.3,10,6,2020
115,1.9,3.8,36,2,2020
116,13.6,10.8,8,0,2020
117,40,49.9,45.2,52,2020
118,4.3,13,11.3,6.4,2020
119,1.7,19.4,3.6,0,2020
120,9,18.5,6.8,6,2020
121,9.5,7.2,6.2,4,2020
122,0,1.5,0,0,2020
123,0.01,0,0,0,2020
124,73.2,45.5,25.6,40,2020
125,3.5,1.7,3.5,2,2020
126,0.5,2,2.5,0,2020
127,4.5,3.5,3.6,0,2020
128,2,7.5,5.8,0,2020
129,0.01,0,2.5,0,2020
130,6.8,6.5,17,42,2020
131,4.4,0,1.5,0,2020
132,0,0,0,10,2020
133,22.9,4,2.5,4.2,2020
134,12.8,1.5,4.5,2,2020
135,6,7.5,14.5,6,2020
136,20.5,5,8,38,2020
137,12.3,0,27,36,2020
138,0.01,1.4,12,0,2020
139,50.2,1,16,0,2020
140,0.9,14.8,0,0,2020
141,0,0,0,0,2020
142,0,2,0,2,2020
143,76,32.5,90.6,38.2,2020
144,10.8,12.1,11,42.6,2020
145,31.5,1.3,17,16,2020
146,19.8,23.1,38.4,6.8,2020
147,52.9,9.6,54.3,36,2020
148,19.5,73.1,5.8,6,2020
149,3.4,14.3,56.2,44.6,2020
150,0.2,3.2,0,0,2020
151,0.4,3.7,0,2,2020
152,2,0.4,0,4.2,2020
153,0.01,0.3,0,3,2020
154,5.2,3.4,0,6,2020
155,10.9,13,12,4.8,2020
156,6.2,10,13,2.6,2020
157,19.1,24.1,23.5,10,2020
158,35.5,19.5,11,40,2020
159,54.6,30.4,7,42,2020
160,101.2,7,35.2,12.8,2020
161,0,2,2.5,22,2020
162,0.01,10.5,0,2.4,2020
163,8.6,12,0,40,2020
164,2.6,38.5,4.2,42,2020
165,11,68.1,8.2,16,2020
166,60.8,89.7,22.4,36.6,2020
167,23.6,31.2,31.8,140,2020
168,18.6,41.7,30.4,8,2020
169,12.7,77.5,8,2.8,2020
170,47.7,55.5,64.3,90.6,2020
171,74,77.4,88.2,100,2020
172,32.8,38,28.4,46.4,2020
173,6.5,27.5,7.8,6,2020
174,11.7,13.3,14,10,2020
175,2.6,16.5,9.6,12,2020
176,0.01,16.6,12.8,0,2020
177,4.5,4.5,57.7,0,2020
178,82.9,90.4,4.6,50.4,2020
179,19.4,34.7,38,2,2020
180,41,116.1,29.6,54,2020
181,39.8,27.2,0,78,2020
182,0,11.3,0,10.6,2020
183,0.01,2,8,0,2020
184,48.5,75.5,28.4,60.4,2020
185,34.8,1.4,0,16.8,2020
186,0.1,2.2,21.2,0,2020
187,28.7,47.9,30,42,2020
188,33.8,83.3,0,48,2020
189,3.6,6,78,10.2,2020
190,132.5,115,180.8,70,2020
191,250.9,84.3,14.8,160.8,2020
192,16.7,9.6,118.5,10,2020
193,142.6,82.7,5.7,44,2020
194,33.7,23,32.2,6.2,2020
195,26.8,67.5,19.6,4.6,2020
196,23.3,17.6,0,16.4,2020
197,2.2,88.7,0,36.8,2020
198,20.9,167.5,4.8,76,2020
199,15.7,27.2,116,16.6,2020
200,37.7,73.5,36.8,42,2020
201,97.5,75.2,10.2,84,2020
202,118.7,56.2,132.8,50.2,2020
203,8.8,19.2,75.7,26.4,2020
204,51.9,52.4,80.3,60,2020
205,58.3,45.6,45.4,58,2020
206,0.7,2.1,3,2,2020
207,0.5,7.6,117.3,0,2020
208,144.7,171.7,17.3,90.8,2020
209,6.9,13.6,6.4,40,2020
210,90.6,107.2,6.8,46,2020
211,0.6,38.2,118.5,4.8,2020
212,58.8,4.2,0,76,2020
213,96.7,58.1,50.2,86,2020
214,8.2,54,6.8,48,2020
215,0,8.7,0,0,2020
216,0.7,3.2,0,0,2020
217,53,58,42.3,36.6,2020
218,23,81.8,30,38.8,2020
219,3.1,3.7,3,4.2,2020
220,1.1,73.8,3.2,50,2020
221,5.7,13.7,7.8,4,2020
222,136.8,151.7,158.7,124,2020
223,45.6,12.1,97.3,84,2020
224,54.7,94.4,45.7,44,2020
225,24,106.2,16.8,40,2020
226,5.2,86.6,0,42,2020
227,141.1,85,63,100,2020
228,5.9,38,0,26.2,2020
229,1.6,2,43,0,2020
230,16.8,37.5,21.8,50,2020
231,17.2,35.4,52,2,2020
232,0.3,3.5,1,0,2020
233,10.6,63,10,96,2020
234,0.01,3,0,0,2020
235,30,17,58,16,2020
236,78.5,30.4,20.6,42,2020
237,65.3,59.9,147,40,2020
238,0,1.5,,0,2020
239,1.5,40.2,13.7,46,2020
240,4,63.8,19,6,2020
241,7.5,25,4.6,6,2020
242,1.4,5.4,68,2.8,2020
243,25.7,13.1,35,6,2020
244,127.5,104.9,60.6,6.8,2020
245,60.1,50.1,29.2,52,2020
246,23.2,97.8,115,120,2020
247,0,0,47.8,80,2020
248,148.7,3.5,0,0,2020
249,39.3,11.2,53,160,2020
250,31.2,17.1,114.6,70.4,2020
251,123,15.6,304.6,36.6,2020
252,60.3,84.2,48.3,72.2,2020
253,48.6,94.2,85.6,70,2020
254,102.5,84.3,136.3,0,2020
255,9.5,0.2,1.6,0,2020
256,5.7,163.7,1.5,10,2020
257,26.7,52.1,7.6,42,2020
258,160,75.5,69,110,2020
259,60.5,69.6,145.8,50.2,2020
260,90.1,42.6,150.8,10,2020
261,49.3,35.5,60.6,12,2020
262,9,56,3.4,60,2020
263,0,0.3,0,0,2020
264,0,0,0,0,2020
265,17.9,4.3,7,50,2020
266,48,134.2,48.4,48.8,2020
267,84.5,91.8,83.4,76,2020
268,12.2,16.5,11.8,10,2020
269,95.2,26.5,248.6,90,2020
270,0.1,28.4,0,4.8,2020
271,0.2,1.7,0,0,2020
272,0,11.5,0,6.4,2020
273,0.1,0,0,0,2020
274,5.6,0.2,4.4,0,2020
275,0,42.5,15.1,0,2020
276,15.2,14.4,4,36,2020
277,18.8,14.5,7.8,10,2020
278,0,9.3,4.333333333,6,2020
279,5.3,35.5,12.13333333,44.6,2020
280,0,0.4,2.75,0,2020
281,0,0,12.23333333,0,2020
282,0,0,6.7,0,2020
283,0,0,0,0,2020
284,0,0,4.133333333,0,2020
285,0,0,7.816666667,0,2020
286,0,0,1.866666667,0,2020
287,0,0,0.75,0,2020
288,0,0,5.75,0,2020
289,0,0.2,1.366666667,0,2020
290,0,0,4.6,0,2020
291,0,0,3.166666667,0,2020
292,0,0,11.96666667,0,2020
293,6.1,0,16.83333333,2,2020
294,0,0,2.1,0,2020
295,0,0,1.75,0,2020
296,0,0,0.083333333,0,2020
297,0,0,0.333333333,0,2020
298,0,0,0,0,2020
299,0,0,0,0,2020
300,0,0,0,0,2020
301,0,0,0,0,2020
302,0,0,1.633333333,0,2020
303,0,0,0.866666667,0,2020
304,0,0,0,0,2020
305,0,0,0,0,2020
306,0,0,0,0,2020
307,0,1.5,0,0,2020
308,0,0,0,0,2020
309,0,0,0,0,2020
310,0,0,0,0,2020
311,0,0,0,0,2020
312,0,0,0,0,2020
313,0,0,0,0,2020
314,0,0,0,0,2020
315,0,0,0,0,2020
316,0,0,0,0,2020
317,0,0,0,0,2020
318,0,0,0,0,2020
319,0,0,0,0,2020
320,0,0,0,0,2020
321,0,0,0,0,2020
322,0,0,0,0,2020
323,0,0,0,0,2020
324,0,0,0,0,2020
325,0,0,0,0,2020
326,0,0,0,0,2020
327,0,0,0,0,2020
328,0,0,0,0,2020
329,0,0,0,0,2020
330,0,0,0,0,2020
331,0,0,0,0,2020
332,0,0,0,0,2020
333,0,0,0,0,2020
334,0,0,0,0,2020
335,0,0,0,0,2020
336,0,0,0,0,2020
337,0,0,0,0,2020
338,0,0,0.001666667,1.066666667,2020
339,0,0,0,0,2020
340,0,0,0,0,2020
341,0,0,0,0.7,2020
342,0,0,0,0,2020
343,0,0,0,0,2020
344,0,0,0,0,2020
345,0,0,0,0,2020
346,0,0,0,0,2020
347,0,0,5.566666667,0.433333333,2020
348,0,0,0,7.7,2020
349,0,0,0,0,2020
350,0,0,0,0,2020
351,0,0,0,0,2020
352,0,0,0,0,2020
353,0,0,0,0,2020
354,0,0,0,0,2020
355,0,0,0,0,2020
356,0,0,0,0,2020
357,0,0,0,0,2020
358,0,0,0,0,2020
359,0,0,0,0,2020
360,0,0,0,0,2020
361,0,0,0,0,2020
362,0,0,0,0,2020
363,0,0,1.733333333,0.666666667,2020
364,0,0,5.25,6,2020
365,0,0,0,0,2020
1,0,0,0,0,2021
2,0,0,0,0,2021
3,0,0,0,0,2021
4,0,0,0,0,2021
5,0,0,0,0,2021
6,0,0,0,0,2021
7,0,0,0,0,2021
8,0,0,0,0,2021
9,0,0,0,0,2021
10,0,0,0,0,2021
11,0,0,0,0,2021
12,0,0,0,0,2021
13,0,0,0,0,2021
14,0,0,0,0,2021
15,0,0,0,0,2021
16,0,0,0,0,2021
17,0,0,0,0,2021
18,0,0,0,0,2021
19,0,0,0,0,2021
20,0,0,0,0,2021
21,0,2.4,0,0,2021
22,0,0,0,0,2021
23,0,0,0,0,2021
24,0,0,0,0,2021
25,0,0,0,0,2021
26,0,0,0,0,2021
27,0,0,0,0,2021
28,0,0,0,0,2021
29,0,0,0,0,2021
30,0,0,0,0,2021
31,0,0,0,0,2021
32,0,0,0,0,2021
33,0,0,0,0,2021
34,0,0,0,0,2021
35,0,0,1.6,0,2021
36,0.2,2.7,2,0.01,2021
37,5.8,5.7,0,4,2021
38,0,0.6,0,0,2021
39,0,0,0,0,2021
40,0,0,0,0,2021
41,0,0,0,0,2021
42,0,0,0,0,2021
43,0,0,0,0,2021
44,0,0,0,0,2021
45,0,0,0,0,2021
46,0,1.4,0,0,2021
47,8.4,23.7,3.4,6,2021
48,6.8,1.8,4.6,0,2021
49,0,0,0,0,2021
50,0,0,0,0,2021
51,0,0,0,0,2021
52,0,0,0,0,2021
53,0,0,0,0,2021
54,0,0,0,0,2021
55,0,0,0,0,2021
56,0,0,0,0,2021
57,0,0,0,0,2021
58,0.7,0,5.8,6.8,2021
59,2.8,5.4,11,6,2021
60,1.4,0,1.8,2,2021
61,0,0,0,0,2021
62,0,0,0,0,2021
63,0,0,0,0,2021
64,0,0,0.01,0,2021
65,0,0,0,0,2021
66,0,0,0,0,2021
67,0.6,0.2,0,0,2021
68,0.01,0,0,0,2021
69,0.01,0,0,2,2021
70,45.7,5.4,6,6.4,2021
71,1,2.5,1.5,0.01,2021
72,0.6,19.3,1,0,2021
73,0,0,0,0,2021
74,0,0,0,0,2021
75,0.7,0,0,0,2021
76,3.2,0,0,6.8,2021
77,0.2,0.3,0,8,2021
78,5.8,0,6.7,6.2,2021
79,0,0,2.8,0,2021
80,0.6,3.6,0,0,2021
81,0,0.7,0,0,2021
82,0,0,0.01,0,2021
83,0,2.5,0,0,2021
84,0,0.3,0,0,2021
85,0,0,0.01,0,2021
86,0,0,0,0,2021
87,0,0,0,0,2021
88,0.3,0.3,0,0.01,2021
89,0.2,0,0,0,2021
90,0,0,0,0,2021
91,20.4,4.3,27.1,6.8,2021
92,0.01,0,6,0,2021
93,0,0,0,0,2021
94,0,0,0,0,2021
95,0,0,0,0,2021
96,0,0,0,0,2021
97,0,0,0,0,2021
98,0,0,0,0,2021
99,0,0,0.01,0,2021
100,0.01,0,0,0,2021
101,0,0,15,0,2021
102,0,0,0,0,2021
103,0,0,0,0,2021
104,2.1,0,0,6,2021
105,0,0,1.2,0,2021
106,7,6.5,0,6.8,2021
107,0.5,2,2.2,0,2021
108,11,7.4,0,10,2021
109,10.5,2,7.4,12,2021
110,0,0,0,0,2021
111,0.01,0,18.5,0,2021
112,4.8,6.5,5.2,4,2021
113,1.2,2.6,2.2,2.2,2021
114,0,0,0,0,2021
115,0,0,0,0,2021
116,0,0,2.3,0,2021
117,0,0,0,0,2021
118,0,0,0,0,2021
119,0,0,0,0,2021
120,6.5,0,25,12.8,2021
121,0,0,0,0,2021
122,4.8,3.6,2,0.01,2021
123,0,0,0,0,2021
124,1.9,5,12,0.01,2021
125,11.8,37.6,19.8,36,2021
126,17,10.6,0.01,34,2021
127,0.01,4,73.6,0,2021
128,0.7,12.5,2.4,0,2021
129,25.4,22.4,0,6.4,2021
130,2,1.3,18.6,0.01,2021
131,7.8,10,9,0,2021
132,1.8,10.2,8.7,12.4,2021
133,16.3,19,1.2,46.6,2021
134,0.3,2.5,16.8,0.01,2021
135,0,0,15.9,0,2021
136,0.7,0,3.6,0.01,2021
137,5.1,0.8,2.7,0,2021
138,1.8,3.2,9.3,2,2021
139,0.2,1.1,13.9,0.01,2021
140,2.1,2.8,5.3,0.01,2021
141,7,8.8,0,0,2021
142,0,33.2,0,0,2021
143,0.6,3.6,0,40,2021
144,0,6.8,0,0,2021
145,0,0,0,0,2021
146,0.7,5.7,1.7,0,2021
147,42.2,71.2,52.3,38.8,2021
148,26.5,45.7,23.4,36,2021
149,88.4,95.1,80.6,80,2021
150,14.6,13.2,10.2,0,2021
151,0.3,0.4,0,0,2021
152,7,14.5,4,12.2,2021
153,0.3,15.3,0,0,2021
154,0.01,2.7,0,0,2021
155,0.01,3.1,11.2,0.01,2021
156,0.01,5.2,6,2,2021
157,38.8,3.2,9.4,0.01,2021
158,33.4,1.2,32,2.8,2021
159,23.5,8.1,19.3,4,2021
160,10.9,16.6,45.3,42,2021
161,34.7,46.2,12.2,94,2021
162,0,0.3,21,0.01,2021
163,58.5,29,10.5,48,2021
164,35.8,36.5,19.5,36.2,2021
165,9.2,14.5,22,10,2021
166,93.6,160.3,90,90,2021
167,110.5,165.4,135,120,2021
168,19.9,26.1,25,10.4,2021
169,5.4,8.2,8,10.8,2021
170,36.1,19.8,46.3,52,2021
171,25.4,41.5,30,60,2021
172,1,1.5,0,30,2021
173,0.01,21.2,0,4,2021
174,56.2,64.7,60.8,68.2,2021
175,30.4,83.5,20,10,2021
176,29.6,37.2,33,8.8,2021
177,16.5,8.2,10.5,10,2021
178,0,0,0,3,2021
179,84.8,121.4,14,160,2021
180,114,131.1,152.6,120,2021
181,53.2,52.5,113.8,8,2021
182,12.3,27,163.9,6.4,2021
183,17.9,24.2,4.4,6.8,2021
184,55.1,36.2,27.4,6,2021
185,203.4,147.5,168.7,200,2021
186,67.7,123.8,86,50,2021
187,9.1,106.8,60.2,130,2021
188,258.2,105,100,122,2021
189,46.4,120.9,68,50,2021
190,21.7,20.5,17.2,10,2021
191,4.1,14.3,4.2,12,2021
192,50.6,68.2,86,70.4,2021
193,31.9,34.3,32.8,50,2021
194,10.3,68.6,0.01,38.4,2021
195,1.7,35.4,79.2,10,2021
196,110,62,64.3,88,2021
197,33.7,6,7.2,6.4,2021
198,99.5,31.1,82.6,50.8,2021
199,8.4,15,30,10,2021
200,3.2,59.6,6,48.6,2021
201,25.3,14.5,3.4,10,2021
202,42.6,109.7,34.5,30,2021
203,76,49.5,67.6,28.8,2021
204,21.3,22.1,10.2,38,2021
205,0,17,0,6,2021
206,8,45.2,0,22.4,2021
207,28.7,44.3,26,8.8,2021
208,5.1,13.5,6,6,2021
209,4.5,54,22.6,8.8,2021
210,55.7,42.8,59.6,10.2,2021
211,23.2,3.7,19,50,2021
212,11.5,7,3,10,2021
213,2.1,9.1,1.5,4,2021
214,0.01,9.4,7,30,2021
215,0,16,0.01,36,2021
216,21.9,16.2,31,10,2021
217,21.7,48.5,10.4,16,2021
218,0,0,0,2.8,2021
219,0,18.5,0,0,2021
220,29.8,50.5,63.6,2,2021
221,32.7,11,11,10.2,2021
222,7.1,9,7,4,2021
223,0.01,15.5,0,2.8,2021
224,2.5,36.4,57.6,2,2021
225,34.2,141.6,54.6,84,2021
226,2.5,46.7,0,52.6,2021
227,121.6,24.5,30,84,2021
228,38.1,41.7,12,12.4,2021
229,52.7,2,20.5,48,2021
230,52.8,10,31.7,70,2021
231,48.2,40,40.1,90,2021
232,0.1,30.1,37,4,2021
233,25.9,24.5,27,2,2021
234,2.2,4.5,0,4,2021
235,260.1,170.7,202.6,96.8,2021
236,150,139.8,189.8,160,2021
237,29,22.5,14.8,10,2021
238,22.5,6,22.8,8.8,2021
239,70.8,138,86.9,90,2021
240,4.9,6.2,68.6,2,2021
241,33.2,49.5,85.6,36,2021
242,84.5,34.6,2.6,66,2021
243,11,12.5,0,4,2021
244,23.8,0,0.01,2,2021
245,221.4,63.8,54.5,240,2021
246,280,139.9,104.9,120,2021
247,46.3,50.9,24.6,4,2021
248,16.2,83.8,0.01,2,2021
249,5.9,40.2,23.6,2,2021
250,32.7,20,53.2,4.8,2021
251,3.7,74.7,14.6,2,2021
252,4.4,33.2,3.2,46,2021
253,0.8,2.1,7.8,2.6,2021
254,1.5,4,0,2,2021
255,0,0,0,0,2021
256,2.6,9,0,0,2021
257,0,1.2,0,0,2021
258,3,9,1.9,2.4,2021
259,5,8.2,4.5,2.8,2021
260,9.2,13,10.2,0,2021
261,3,0.5,2.6,0,2021
262,0,1.4,0,0,2021
263,50.3,20.5,58.6,42,2021
264,34.5,89.8,70.5,90,2021
265,54.4,26,15,42,2021
266,0.2,0.6,0,0,2021
267,0,8.1,0,0,2021
268,0,0,0,0,2021
269,0.01,14.5,0,0,2021
270,8,1.7,0,0.01,2021
271,6.4,9.4,32.2,4.8,2021
272,2.2,0.5,17,0.01,2021
273,16.1,17,40.6,36,2021
274,4.3,3.5,24.4,0,2021
275,10.5,15.2,2,8.8,2021
276,4.4,8.2,0,4,2021
277,7.5,38,3.6,48,2021
278,60.3,20.5,12.6,30,2021
279,6.8,10.6,0,0.01,2021
280,29,15.4,16.5,10.8,2021
281,71.8,38,62.5,46.4,2021
282,23.5,0,28.6,0.01,2021
283,2.4,34.5,0,2,2021
284,0,0,0,0,2021
285,0,0,26.5,0,2021
286,0,0,0,0,2021
287,0,0,0,0,2021
288,0,0,0,0,2021
289,0,0,0,0,2021
290,2.7,0,5,20,2021
291,19.4,32.2,19,6,2021
292,67,104.6,51.8,70,2021
293,63,26.2,81.8,36,2021
294,10.9,13.3,1.4,6.8,2021
295,51.5,19.6,8.5,20,2021
296,1,22.6,0.5,8,2021
297,34.4,3.8,0,24,2021
298,0,2.7,0,0,2021
299,0,0,0,0,2021
300,0,2.5,0,0,2021
301,0,0,0,0,2021
302,3.5,0,0,0,2021
303,0,0,0,0,2021
304,0,2.4,0,0,2021
305,0,0.01,0,0,2021
306,0,0,0,0,2021
307,0,0,0,0,2021
308,0,0.6,0,0,2021
309,0,0,0,0,2021
310,0,0,0,0,2021
311,0,0,0,0,2021
312,0,0,0,0,2021
313,0,0,0,0,2021
314,0,0,0,0,2021
315,0,0,0,0,2021
316,0,0,0,0,2021
317,0,0,0,0,2021
318,0,0,0,0,2021
319,0,0,0,0,2021
320,0,0,0,0,2021
321,0,0,0,0,2021
322,0,0,0,0,2021
323,0,0,0,0,2021
324,0,0,0,0,2021
325,0,0,0,0,2021
326,0,0,0,0,2021
327,0,0.8,0,0,2021
328,0.01,0,0,0,2021
329,0,0,0,0,2021
330,0,21,0,0,2021
331,0,0,0,0,2021
332,0,0,0,0,2021
333,0,0,0,0,2021
334,0,0,0,0,2021
335,0,0,0,0,2021
336,0,0,0,0,2021
337,0.01,0.7,0,0,2021
338,1.6,1.6,0.01,6.4,2021
339,0.01,0,0,0,2021
340,0,0,0,0,2021
341,4.6,10.2,0,4.2,2021
342,0,0,0,0,2021
343,0,0,0,0,2021
344,0,0,0,0,2021
345,0,0,0,0,2021
346,0,0,0,0,2021
347,0,0,0,0,2021
348,0,0,0,0,2021
349,0,0,0,0,2021
350,0,0,0,0,2021
351,0,0,0,0,2021
352,0,0,0,0,2021
353,0,0,0,0,2021
354,0,0,0,0,2021
355,0,0,0,0,2021
356,0,0,0,0,2021
357,0,0,0,0,2021
358,0,0,0,0,2021
359,0,0,0,0,2021
360,0,0,0,0,2021
361,0,0,0,0,2021
362,0,0,0,0,2021
363,6.5,11,10.4,4,2021
364,31.3,29.7,31.5,36,2021
365,0.1,0,0,0,2021
1,0,0,0,0,2022
2,0,0,0,0,2022
3,0,0,0,0,2022
4,0,0,0,0,2022
5,0,0,0,0,2022
6,0.2,0.2,1.6,4,2022
7,0,0,0,0,2022
8,0,0,0,0,2022
9,0.01,0.2,0,0,2022
10,0,0,0,0,2022
11,0,0,0,0,2022
12,0,0,0,0,2022
13,0.6,2,0,2,2022
14,0,0,0,0,2022
15,0,0,0,0,2022
16,0,0,0,0,2022
17,0,0,0,0,2022
18,0,0,0,0,2022
19,0,0,0,0,2022
20,0.01,0,0.01,0,2022
21,0.01,0.2,0.01,0,2022
22,0.01,0.8,0,10.8,2022
23,0,4.2,0,0,2022
24,0.5,1,0,0,2022
25,0,14.2,0,0,2022
26,0,0.2,0,0,2022
27,0.01,0,0,0,2022
28,0.01,2.5,0,0,2022
29,0,0.01,0,0,2022
30,0,0,0,0,2022
31,0,0,0,0,2022
32,0,0,0,0,2022
33,0.01,0,0,0,2022
34,0,0,0,0,2022
35,23.6,22,0,18.4,2022
36,8.5,18.6,27.8,8,2022
37,0,0.2,15.4,0,2022
38,0,0,1,0,2022
39,0,2.5,0,0,2022
40,0,0.7,0,0,2022
41,1.7,5.7,0,2,2022
42,0,0.01,4.2,0,2022
43,0.6,6,0,0,2022
44,0,0,0,0,2022
45,0,0,0,0,2022
46,0,0,0,0,2022
47,0,0,0,0,2022
48,0,0,0,0,2022
49,0.1,0.7,0,0,2022
50,0,0,0,0,2022
51,6.7,1.5,8.6,8.4,2022
52,20.2,17.6,24.2,6.8,2022
53,0,0.3,0,0,2022
54,0,0,0,0,2022
55,0,0,0,0,2022
56,0,2.2,0,0,2022
57,7.3,12.2,11,0,2022
58,4,5.5,1.8,0,2022
59,0.01,0,0.5,0,2022
60,0,0,0,0,2022
61,3.2,2.1,0,4,2022
62,0.2,6.2,0,10,2022
63,3.5,0.5,1.9,0,2022
64,0,0,0,0,2022
65,0,0,0,0,2022
66,0,0,0,0,2022
67,0,0,0,0,2022
68,0,0,0,46,2022
69,0,0,0,4.2,2022
70,0,0,0,0,2022
71,0,0,0,0,2022
72,0,0,0,0,2022
73,0,0,0,0,2022
74,0,0,0,0,2022
75,0,0,0,0,2022
76,0,0,0,0,2022
77,0,0,0,0,2022
78,0,0,0,0,2022
79,0,0,0,0,2022
80,0,0,0,0,2022
81,4.4,0,0,0,2022
82,15.7,0,19.6,0,2022
83,2,19.2,2,0,2022
84,2.8,0.3,0.01,0,2022
85,0.01,0.1,0,0,2022
86,0,0,0,0,2022
87,0,0,0,0,2022
88,0,0,0,0,2022
89,8.7,0,0,0,2022
90,0.3,0,0,0,2022
91,0.2,0.5,0.01,0,2022
92,0.1,0.6,0,0,2022
93,14.2,1.5,2.8,10,2022
94,1.8,0,2.5,10.8,2022
95,9.9,3.2,31.8,14,2022
96,1.5,0.7,0.01,0,2022
97,16.6,1.6,2.8,0,2022
98,12.2,0.01,40,0,2022
99,9.9,0.2,0,30.6,2022
100,2.9,9.4,3,2.4,2022
101,21.6,5.7,24,36,2022
102,0,4.3,0,0,2022
103,6.4,0.4,1,6,2022
104,0,0,0,0,2022
105,0,0,0,0,2022
106,0,0,0,0,2022
107,1.1,1.8,0,4.8,2022
108,0,0,0,0,2022
109,0,0,0,0,2022
110,18.3,53.7,2,8.4,2022
111,9.5,3.4,0,0,2022
112,0,2,0,0,2022
113,13.1,16,17,10.8,2022
114,0,0,0,0,2022
115,0.01,0,3.5,0,2022
116,0,0,19,0,2022
117,0,0,0,0,2022
118,0,0,0,0,2022
119,1.6,3,0.01,2.4,2022
120,1.8,16,1.3,2.8,2022
121,6.2,1.5,3,4,2022
122,3.2,18.3,0.01,4.8,2022
123,0.01,2,0.01,0,2022
124,0.01,12.3,10.8,6.4,2022
125,78.5,63.7,56.3,42,2022
126,42.1,47.6,0.01,36.2,2022
127,3.7,1.2,16.6,2.4,2022
128,3.7,0.4,13.7,2,2022
129,3.6,16.6,14.5,4,2022
130,0,0,0,2.2,2022
131,0,11,0,4,2022
132,9,19,3.8,0,2022
133,1,1.6,0,0,2022
134,27.6,0.8,16.6,18,2022
135,0.4,0.6,0,2,2022
136,18.9,19.6,3,2,2022
137,46.4,19.7,47,46,2022
138,7.3,5.5,8.8,6,2022
139,3.3,7.5,2.4,6.8,2022
140,2.5,0,2.4,4.2,2022
141,14.3,20.6,0,8,2022
142,3.8,0.2,30.3,10.6,2022
143,0.01,1.5,0,0,2022
144,16.8,2.6,0,36.8,2022
145,0.01,0.01,14.5,0,2022
146,3,4.6,0,2.6,2022
147,0,0,0,0,2022
148,12.5,16,0,10,2022
149,1.5,2.5,55,8,2022
150,0.1,0.4,0,0,2022
151,39.7,5.6,3,18.8,2022
152,56.8,16,0,10,2022
153,0,0.2,50.9,2,2022
154,0.01,11.6,0,12.4,2022
155,0,2.1,18,0,2022
156,0.01,20.5,0,18.8,2022
157,63.7,10,0,32,2022
158,15.2,51.5,151.3,36,2022
159,41.3,0.7,51.7,26.4,2022
160,17.9,14.3,35.3,10,2022
161,3.2,18.1,50.2,9.8,2022
162,31.8,30.5,42.3,26.4,2022
163,0.2,7,0,0,2022
164,1.7,18.7,1.4,6.6,2022
165,16.8,28.2,44.6,18,2022
166,5.5,8.5,8.4,16,2022
167,39.7,10.7,54.8,14.8,2022
168,35.8,11.7,14.4,10,2022
169,40.1,3.2,23.1,16,2022
170,2,23,26.2,6.6,2022
171,0.4,3.1,27.3,0,2022
172,0,83.2,0,2,2022
173,6,84.7,23,18,2022
174,1.8,18.2,0,2,2022
175,3.8,26.3,6.5,46,2022
176,121.1,70.5,53.4,300,2022
177,40.2,127.8,52.8,120,2022
178,48.2,10.2,16.2,9,2022
179,26.6,42.7,11.2,7,2022
180,152.1,81.6,108.8,52,2022
181,36.7,76.5,12.7,50,2022
182,0.5,6,0.01,70,2022
183,33.4,28.4,0,30,2022
184,7.4,18.6,0,36,2022
185,0,63.7,0,18,2022
186,29.5,79.2,22,84,2022
187,10.3,70.5,2.9,42,2022
188,24.6,56.5,64.4,0,2022
189,0,13.5,0,0,2022
190,82.1,142.3,73.4,60,2022
191,19,11,8.2,0,2022
192,0,20,0,0,2022
193,4.4,41.2,13.6,10,2022
194,10.7,13,0,2,2022
195,9.5,30,10.4,0,2022
196,0.01,6.6,2.3,2.4,2022
197,0,0,0,4,2022
198,0,0.7,1.7,0,2022
199,0.9,70.6,2.5,2.2,2022
200,3.9,25.2,10.5,4,2022
201,32,38.2,10.2,10,2022
202,105.7,75.5,90,190.8,2022
203,20.5,35.2,16,20,2022
204,10.7,41.7,20,10,2022
205,0,12.7,1.5,12,2022
206,36.8,82.9,38,10,2022
207,18.9,90.8,19,10,2022
208,51.1,7,98,20,2022
209,15.7,60.9,13,132,2022
210,3.5,11.1,7,2,2022
211,27.3,31.2,12,34.2,2022
212,33.4,36.2,63,84,2022